sample_index,macro_count,clone_count,conservative_tv,ontic_branching_tv
0,6,6,0.0,0.3787878787878787
1,12,6,0.0,0.26960784313725494
2,11,3,0.0,0.13986013986013984
3,14,6,0.0,0.24436090225563917
4,13,8,0.0,0.3230769230769231
5,6,7,0.0,0.4166666666666667
6,19,8,0.0,0.25506072874493924
7,5,5,0.0,0.35555555555555557
8,9,2,0.0,0.08888888888888885
9,14,6,0.0,0.24436090225563917
10,18,4,0.0,0.13492063492063489
11,13,5,0.0,0.2171945701357466
12,5,7,0.0,0.4363636363636364
13,13,8,0.0,0.3230769230769231
14,19,7,0.0,0.22736842105263158
15,11,5,0.0,0.24242424242424243
16,15,6,0.0,0.2333333333333333
17,19,2,0.0,0.04736842105263153
18,8,4,0.0,0.23863636363636362
19,13,2,0.0,0.06593406593406598
20,5,6,0.0,0.39999999999999997
21,9,6,0.0,0.3174603174603174
22,8,5,0.0,0.29166666666666674
23,13,2,0.0,0.06593406593406598
24,4,2,0.0,0.15
25,11,7,0.0,0.32085561497326204
26,18,6,0.0,0.20531400966183572
27,18,5,0.0,0.1717171717171717
28,4,7,0.0,0.45
29,4,4,0.0,0.3214285714285714
30,16,2,0.0,0.05514705882352942
31,9,4,0.0,0.2222222222222222
32,13,6,0.0,0.2564102564102565
33,19,6,0.0,0.19736842105263155
34,15,4,0.0,0.1555555555555556
35,19,3,0.0,0.09022556390977443
36,12,5,0.0,0.22916666666666663
37,15,6,0.0,0.2333333333333333
38,14,7,0.0,0.2785714285714286
39,6,2,0.0,0.11904761904761904
40,10,8,0.0,0.37058823529411766
41,7,7,0.0,0.39560439560439553
42,13,8,0.0,0.3230769230769231
43,5,4,0.0,0.30000000000000004
44,6,7,0.0,0.41666666666666674
45,17,4,0.0,0.14117647058823524
46,16,4,0.0,0.1480263157894737
47,6,7,0.0,0.4166666666666667
48,16,7,0.0,0.2556818181818181
49,13,7,0.0,0.29149797570850206
50,10,2,0.0,0.08181818181818183
51,15,8,0.0,0.296969696969697
52,4,6,0.0,0.41666666666666663
53,11,5,0.0,0.24242424242424243
54,8,2,0.0,0.09722222222222224
55,17,2,0.0,0.05228758169934642
56,4,7,0.0,0.44999999999999996
57,5,5,0.0,0.35555555555555557
58,13,7,0.0,0.29149797570850206
59,10,3,0.0,0.15000000000000002
60,17,8,0.0,0.2745098039215686
61,9,8,0.0,0.38888888888888884
62,13,4,0.0,0.1730769230769231
63,16,4,0.0,0.1480263157894737
64,8,5,0.0,0.29166666666666674
65,9,4,0.0,0.22222222222222224
66,9,5,0.0,0.2735042735042735
67,9,2,0.0,0.08888888888888885
68,18,2,0.0,0.049707602339181284
69,17,5,0.0,0.1792717086834734
70,14,5,0.0,0.20634920634920637
71,7,8,0.0,0.4285714285714285
72,12,8,0.0,0.337719298245614
73,18,8,0.0,0.2644444444444444
74,16,3,0.0,0.10416666666666669
75,14,4,0.0,0.16386554621848737
76,5,5,0.0,0.3555555555555556
77,6,3,0.0,0.20833333333333331
78,12,3,0.0,0.13095238095238096
79,10,2,0.0,0.08181818181818183
80,13,8,0.0,0.3230769230769231
81,4,8,0.0,0.4772727272727273
82,18,7,0.0,0.23611111111111113
83,18,3,0.0,0.09444444444444439
84,3,7,0.0,0.4444444444444445
85,8,6,0.0,0.33653846153846156
86,14,3,0.0,0.11607142857142855
87,11,8,0.0,0.35353535353535354
88,6,5,0.0,0.3333333333333333
89,19,2,0.0,0.04736842105263153
90,9,2,0.0,0.08888888888888885
91,4,2,0.0,0.15
92,5,6,0.0,0.39999999999999997
93,12,3,0.0,0.13095238095238096
94,14,4,0.0,0.16386554621848742
95,18,5,0.0,0.1717171717171717
96,15,8,0.0,0.29696969696969705
97,8,4,0.0,0.23863636363636362
98,5,8,0.0,0.4666666666666667
99,11,7,0.0,0.32085561497326204
100,12,6,0.0,0.26960784313725494
101,10,7,0.0,0.3375
102,18,3,0.0,0.09444444444444439
103,18,4,0.0,0.1349206349206349
104,4,5,0.0,0.375
105,18,2,0.0,0.049707602339181284
106,19,7,0.0,0.22736842105263155
107,10,2,0.0,0.08181818181818183
108,10,2,0.0,0.08181818181818183
109,13,4,0.0,0.1730769230769231
110,13,3,0.0,0.12307692307692314
111,17,6,0.0,0.213903743315508
112,11,3,0.0,0.13986013986013984
113,14,6,0.0,0.24436090225563917
114,13,3,0.0,0.12307692307692311
115,6,3,0.0,0.20833333333333331
116,5,4,0.0,0.30000000000000004
117,11,6,0.0,0.2840909090909091
118,9,5,0.0,0.2735042735042735
119,19,6,0.0,0.19736842105263155
120,14,7,0.0,0.2785714285714286
121,15,6,0.0,0.2333333333333333
122,16,8,0.0,0.28532608695652173
123,17,4,0.0,0.14117647058823524
124,9,3,0.0,0.1616161616161616
125,13,8,0.0,0.3230769230769231
126,8,8,0.0,0.4083333333333333
127,18,4,0.0,0.13492063492063489
128,15,6,0.0,0.2333333333333333
129,9,3,0.0,0.1616161616161616
130,11,2,0.0,0.07575757575757577
131,3,3,0.0,0.2666666666666666
132,11,4,0.0,0.19480519480519484
133,10,7,0.0,0.3375
134,17,6,0.0,0.213903743315508
135,3,7,0.0,0.4444444444444444
136,7,2,0.0,0.10714285714285712
137,17,4,0.0,0.14117647058823524
138,16,8,0.0,0.28532608695652173
139,5,5,0.0,0.3555555555555556
140,19,6,0.0,0.19736842105263155
141,3,4,0.0,0.3333333333333333
142,11,5,0.0,0.24242424242424243
143,16,6,0.0,0.22321428571428573
144,14,6,0.0,0.24436090225563917
145,19,3,0.0,0.09022556390977443
146,8,5,0.0,0.29166666666666674
147,9,8,0.0,0.38888888888888884
148,5,6,0.0,0.39999999999999997
149,12,2,0.0,0.07051282051282046
150,3,8,0.0,0.4666666666666667
151,14,5,0.0,0.20634920634920637
152,9,4,0.0,0.22222222222222224
153,10,7,0.0,0.3375
154,9,3,0.0,0.1616161616161616
155,11,7,0.0,0.32085561497326204
156,11,3,0.0,0.13986013986013984
157,3,7,0.0,0.4444444444444444
158,5,8,0.0,0.4666666666666667
159,16,7,0.0,0.2556818181818181
160,15,5,0.0,0.1964912280701754
161,13,5,0.0,0.2171945701357466
162,4,6,0.0,0.41666666666666663
163,17,8,0.0,0.2745098039215686
164,7,2,0.0,0.10714285714285712
165,11,8,0.0,0.35353535353535354
166,19,3,0.0,0.09022556390977443
167,5,6,0.0,0.39999999999999997
168,5,4,0.0,0.30000000000000004
169,11,2,0.0,0.07575757575757577
170,10,4,0.0,0.20769230769230773
171,5,5,0.0,0.3555555555555556
172,15,5,0.0,0.1964912280701754
173,11,5,0.0,0.24242424242424243
174,4,4,0.0,0.3214285714285714
175,11,8,0.0,0.35353535353535354
176,11,5,0.0,0.24242424242424243
177,19,2,0.0,0.04736842105263153
178,3,5,0.0,0.38095238095238093
179,12,5,0.0,0.22916666666666663
180,13,3,0.0,0.12307692307692314
181,8,3,0.0,0.175
182,7,3,0.0,0.19047619047619047
183,4,6,0.0,0.41666666666666663
184,3,5,0.0,0.38095238095238093
185,4,4,0.0,0.3214285714285714
186,9,4,0.0,0.2222222222222222
187,5,4,0.0,0.30000000000000004
188,6,7,0.0,0.41666666666666674
189,11,7,0.0,0.32085561497326204
190,7,2,0.0,0.10714285714285712
191,3,2,0.0,0.16666666666666666
192,11,8,0.0,0.35353535353535354
193,5,6,0.0,0.39999999999999997
194,15,2,0.0,0.05833333333333333
195,5,8,0.0,0.4666666666666667
196,19,7,0.0,0.22736842105263158
197,15,3,0.0,0.10980392156862745
198,17,8,0.0,0.27450980392156865
199,4,8,0.0,0.47727272727272724
200,9,3,0.0,0.16161616161616157
201,13,7,0.0,0.29149797570850206
202,15,7,0.0,0.26666666666666666
203,8,8,0.0,0.4083333333333333
204,8,5,0.0,0.29166666666666674
205,4,6,0.0,0.41666666666666663
206,7,7,0.0,0.39560439560439553
207,9,4,0.0,0.22222222222222224
208,12,8,0.0,0.337719298245614
209,14,2,0.0,0.061904761904761886
210,14,5,0.0,0.20634920634920634
211,7,2,0.0,0.10714285714285712
212,14,2,0.0,0.061904761904761886
213,10,7,0.0,0.3375
214,8,7,0.0,0.37500000000000006
215,9,4,0.0,0.22222222222222224
216,11,2,0.0,0.07575757575757577
217,14,4,0.0,0.16386554621848742
218,15,7,0.0,0.26666666666666666
219,4,6,0.0,0.41666666666666663
220,12,8,0.0,0.337719298245614
221,13,2,0.0,0.06593406593406598
222,10,4,0.0,0.20769230769230773
223,6,7,0.0,0.41666666666666674
224,4,2,0.0,0.15
225,13,3,0.0,0.12307692307692311
226,11,3,0.0,0.13986013986013984
227,3,7,0.0,0.4444444444444445
228,5,6,0.0,0.39999999999999997
229,8,2,0.0,0.09722222222222224
230,4,5,0.0,0.375
231,13,5,0.0,0.2171945701357466
232,7,5,0.0,0.31168831168831174
233,12,7,0.0,0.3055555555555556
234,18,3,0.0,0.09444444444444439
235,19,4,0.0,0.12918660287081335
236,7,3,0.0,0.19047619047619047
237,12,2,0.0,0.07051282051282046
238,19,5,0.0,0.16475972540045764
239,9,4,0.0,0.22222222222222224
240,7,8,0.0,0.4285714285714285
241,19,3,0.0,0.09022556390977443
242,19,8,0.0,0.25506072874493924
243,5,5,0.0,0.3555555555555556
244,19,3,0.0,0.09022556390977443
245,18,6,0.0,0.20531400966183572
246,8,2,0.0,0.09722222222222224
247,7,8,0.0,0.4285714285714285
248,12,2,0.0,0.07051282051282046
249,14,8,0.0,0.3095238095238096
250,17,4,0.0,0.14117647058823524
251,13,2,0.0,0.06593406593406598
252,11,5,0.0,0.2424242424242424
253,12,8,0.0,0.337719298245614
254,9,4,0.0,0.22222222222222224
255,15,5,0.0,0.1964912280701754
256,15,2,0.0,0.05833333333333333
257,7,8,0.0,0.4285714285714285
258,18,8,0.0,0.2644444444444444
259,7,6,0.0,0.35714285714285715
260,16,6,0.0,0.22321428571428573
261,7,6,0.0,0.35714285714285715
262,17,2,0.0,0.05228758169934642
263,5,4,0.0,0.30000000000000004
264,7,6,0.0,0.35714285714285715
265,8,6,0.0,0.33653846153846156
266,16,8,0.0,0.28532608695652173
267,5,6,0.0,0.39999999999999997
268,15,6,0.0,0.2333333333333333
269,17,4,0.0,0.14117647058823524
270,15,3,0.0,0.10980392156862745
271,6,2,0.0,0.11904761904761904
272,4,8,0.0,0.47727272727272724
273,18,5,0.0,0.1717171717171717
274,11,2,0.0,0.07575757575757577
275,18,4,0.0,0.13492063492063489
276,5,2,0.0,0.13333333333333336
277,8,8,0.0,0.4083333333333333
278,5,4,0.0,0.30000000000000004
279,12,2,0.0,0.07051282051282046
280,10,6,0.0,0.30000000000000004
281,3,2,0.0,0.16666666666666666
282,19,6,0.0,0.19736842105263155
283,10,4,0.0,0.20769230769230773
284,3,5,0.0,0.38095238095238093
285,17,7,0.0,0.24552429667519182
286,10,4,0.0,0.20769230769230773
287,16,3,0.0,0.10416666666666669
288,14,8,0.0,0.3095238095238096
289,3,6,0.0,0.41666666666666663
290,17,2,0.0,0.05228758169934642
291,14,4,0.0,0.16386554621848742
292,8,8,0.0,0.4083333333333333
293,15,7,0.0,0.26666666666666666
294,9,7,0.0,0.35555555555555557
295,5,6,0.0,0.39999999999999997
296,13,4,0.0,0.1730769230769231
297,10,5,0.0,0.2571428571428572
298,6,4,0.0,0.27777777777777785
299,14,4,0.0,0.16386554621848737
300,4,7,0.0,0.44999999999999996
301,5,5,0.0,0.3555555555555556
302,18,2,0.0,0.049707602339181284
303,11,8,0.0,0.35353535353535354
304,18,8,0.0,0.2644444444444444
305,8,5,0.0,0.29166666666666674
306,5,8,0.0,0.4666666666666667
307,4,4,0.0,0.3214285714285714
308,18,2,0.0,0.049707602339181284
309,5,5,0.0,0.3555555555555556
310,6,7,0.0,0.4166666666666668
311,8,6,0.0,0.33653846153846156
312,11,5,0.0,0.24242424242424243
313,9,2,0.0,0.08888888888888885
314,11,6,0.0,0.2840909090909091
315,7,5,0.0,0.3116883116883117
316,10,7,0.0,0.3375
317,11,7,0.0,0.32085561497326204
318,19,6,0.0,0.19736842105263155
319,19,3,0.0,0.09022556390977443
320,9,7,0.0,0.3555555555555555
321,15,8,0.0,0.29696969696969705
322,12,4,0.0,0.18333333333333332
323,13,4,0.0,0.1730769230769231
324,17,7,0.0,0.24552429667519182
325,4,6,0.0,0.41666666666666663
326,8,7,0.0,0.37500000000000006
327,12,4,0.0,0.18333333333333332
328,10,3,0.0,0.15000000000000002
329,13,6,0.0,0.2564102564102565
330,9,8,0.0,0.38888888888888884
331,8,8,0.0,0.4083333333333333
332,3,7,0.0,0.4444444444444445
333,18,7,0.0,0.23611111111111113
334,7,6,0.0,0.35714285714285715
335,17,7,0.0,0.24552429667519182
336,15,5,0.0,0.1964912280701754
337,14,2,0.0,0.061904761904761886
338,17,3,0.0,0.09907120743034056
339,3,5,0.0,0.38095238095238093
340,5,5,0.0,0.3555555555555556
341,15,8,0.0,0.296969696969697
342,9,5,0.0,0.2735042735042735
343,3,4,0.0,0.3333333333333333
344,19,4,0.0,0.12918660287081335
345,15,7,0.0,0.26666666666666666
346,12,5,0.0,0.2291666666666666
347,10,5,0.0,0.2571428571428572
348,7,6,0.0,0.35714285714285715
349,17,4,0.0,0.14117647058823524
350,15,4,0.0,0.1555555555555556
351,17,5,0.0,0.1792717086834734
352,10,5,0.0,0.2571428571428572
353,5,5,0.0,0.3555555555555556
354,8,2,0.0,0.09722222222222224
355,15,7,0.0,0.26666666666666666
356,19,2,0.0,0.04736842105263153
357,11,6,0.0,0.2840909090909091
358,7,2,0.0,0.10714285714285712
359,4,7,0.0,0.44999999999999996
360,7,4,0.0,0.2571428571428571
361,16,8,0.0,0.28532608695652173
362,17,2,0.0,0.05228758169934642
363,9,6,0.0,0.31746031746031744
364,5,3,0.0,0.2285714285714286
365,18,4,0.0,0.13492063492063489
366,7,3,0.0,0.19047619047619047
367,15,5,0.0,0.1964912280701754
368,8,6,0.0,0.33653846153846156
369,18,2,0.0,0.049707602339181284
370,7,2,0.0,0.10714285714285712
371,12,2,0.0,0.07051282051282046
372,8,4,0.0,0.23863636363636362
373,10,7,0.0,0.3375
374,3,7,0.0,0.4444444444444445
375,5,4,0.0,0.30000000000000004
376,11,4,0.0,0.19480519480519484
377,16,4,0.0,0.1480263157894737
378,19,2,0.0,0.04736842105263153
379,15,3,0.0,0.10980392156862746
380,14,3,0.0,0.11607142857142855
381,11,2,0.0,0.07575757575757577
382,11,8,0.0,0.35353535353535354
383,9,3,0.0,0.1616161616161616
384,9,2,0.0,0.08888888888888885
385,17,2,0.0,0.05228758169934642
386,18,4,0.0,0.13492063492063489
387,18,8,0.0,0.2644444444444444
388,10,3,0.0,0.15000000000000002
389,12,4,0.0,0.18333333333333332
390,11,8,0.0,0.35353535353535354
391,8,2,0.0,0.09722222222222224
392,19,6,0.0,0.19736842105263155
393,5,4,0.0,0.30000000000000004
394,5,7,0.0,0.4363636363636364
395,18,8,0.0,0.2644444444444444
396,18,6,0.0,0.20531400966183572
397,9,5,0.0,0.2735042735042735
398,16,5,0.0,0.1875
399,4,5,0.0,0.375
400,4,3,0.0,0.25000000000000006
401,15,8,0.0,0.296969696969697
402,12,2,0.0,0.07051282051282046
403,14,8,0.0,0.30952380952380953
404,19,5,0.0,0.16475972540045764
405,9,7,0.0,0.35555555555555557
406,17,7,0.0,0.24552429667519182
407,19,2,0.0,0.04736842105263153
408,17,5,0.0,0.1792717086834734
409,12,8,0.0,0.337719298245614
410,17,5,0.0,0.1792717086834734
411,4,3,0.0,0.25000000000000006
412,5,6,0.0,0.39999999999999997
413,7,8,0.0,0.4285714285714285
414,15,4,0.0,0.1555555555555556
415,8,8,0.0,0.4083333333333333
416,13,7,0.0,0.29149797570850206
417,17,7,0.0,0.24552429667519182
418,7,2,0.0,0.10714285714285712
419,3,4,0.0,0.3333333333333333
420,12,7,0.0,0.3055555555555556
421,7,6,0.0,0.35714285714285715
422,18,8,0.0,0.2644444444444444
423,8,4,0.0,0.23863636363636362
424,6,2,0.0,0.11904761904761904
425,7,8,0.0,0.4285714285714285
426,12,5,0.0,0.22916666666666663
427,12,8,0.0,0.337719298245614
428,14,8,0.0,0.3095238095238096
429,15,6,0.0,0.2333333333333333
430,11,3,0.0,0.13986013986013984
431,18,3,0.0,0.09444444444444439
432,12,5,0.0,0.22916666666666663
433,8,4,0.0,0.23863636363636362
434,5,5,0.0,0.3555555555555556
435,14,4,0.0,0.16386554621848742
436,4,6,0.0,0.41666666666666663
437,6,2,0.0,0.11904761904761904
438,10,8,0.0,0.37058823529411766
439,4,3,0.0,0.25000000000000006
440,13,4,0.0,0.1730769230769231
441,18,8,0.0,0.2644444444444444
442,18,2,0.0,0.049707602339181284
443,9,5,0.0,0.2735042735042735
444,10,2,0.0,0.08181818181818183
445,13,8,0.0,0.3230769230769231
446,17,5,0.0,0.1792717086834734
447,9,7,0.0,0.35555555555555557
448,3,2,0.0,0.16666666666666666
449,18,5,0.0,0.1717171717171717
450,6,3,0.0,0.20833333333333326
451,12,4,0.0,0.18333333333333332
452,5,7,0.0,0.4363636363636364
453,10,5,0.0,0.2571428571428572
454,18,2,0.0,0.049707602339181284
455,13,7,0.0,0.29149797570850206
456,8,5,0.0,0.29166666666666674
457,5,5,0.0,0.3555555555555556
458,8,7,0.0,0.37500000000000006
459,13,5,0.0,0.2171945701357466
460,8,8,0.0,0.4083333333333333
461,12,8,0.0,0.337719298245614
462,9,3,0.0,0.16161616161616157
463,17,5,0.0,0.1792717086834734
464,16,6,0.0,0.22321428571428573
465,10,6,0.0,0.30000000000000004
466,8,2,0.0,0.09722222222222224
467,5,6,0.0,0.39999999999999997
468,19,8,0.0,0.25506072874493924
469,19,7,0.0,0.22736842105263158
470,19,4,0.0,0.12918660287081335
471,3,7,0.0,0.4444444444444445
472,5,5,0.0,0.35555555555555557
473,5,6,0.0,0.39999999999999997
474,9,4,0.0,0.22222222222222224
475,6,5,0.0,0.3333333333333333
476,10,2,0.0,0.08181818181818183
477,16,7,0.0,0.2556818181818181
478,15,4,0.0,0.1555555555555556
479,10,4,0.0,0.20769230769230773
480,4,5,0.0,0.375
481,6,5,0.0,0.3333333333333333
482,14,6,0.0,0.24436090225563917
483,16,7,0.0,0.2556818181818181
484,14,7,0.0,0.2785714285714286
485,18,8,0.0,0.2644444444444444
486,3,2,0.0,0.16666666666666666
487,7,2,0.0,0.10714285714285712
488,11,6,0.0,0.2840909090909091
489,8,5,0.0,0.29166666666666674
490,7,7,0.0,0.39560439560439553
491,7,4,0.0,0.2571428571428571
492,18,8,0.0,0.2644444444444444
493,3,5,0.0,0.38095238095238093
494,3,7,0.0,0.4444444444444445
495,3,8,0.0,0.4666666666666667
496,10,2,0.0,0.08181818181818183
497,15,8,0.0,0.29696969696969705
498,10,2,0.0,0.08181818181818183
499,4,6,0.0,0.41666666666666663
500,3,4,0.0,0.3333333333333333
501,19,5,0.0,0.16475972540045764
502,12,3,0.0,0.13095238095238096
503,12,5,0.0,0.2291666666666666
504,12,4,0.0,0.18333333333333332
505,15,3,0.0,0.10980392156862746
506,9,8,0.0,0.38888888888888884
507,13,6,0.0,0.2564102564102565
508,13,5,0.0,0.2171945701357466
509,5,2,0.0,0.13333333333333336
510,5,7,0.0,0.4363636363636364
511,19,8,0.0,0.25506072874493924
512,11,8,0.0,0.35353535353535354
513,6,8,0.0,0.44871794871794873
514,7,4,0.0,0.25714285714285706
515,8,2,0.0,0.09722222222222224
516,6,8,0.0,0.44871794871794873
517,18,2,0.0,0.049707602339181284
518,3,8,0.0,0.4666666666666667
519,5,4,0.0,0.30000000000000004
520,10,6,0.0,0.30000000000000004
521,12,2,0.0,0.07051282051282047
522,13,7,0.0,0.29149797570850206
523,9,8,0.0,0.38888888888888884
524,17,7,0.0,0.24552429667519182
525,10,6,0.0,0.30000000000000004
526,17,2,0.0,0.05228758169934642
527,9,4,0.0,0.2222222222222222
528,14,7,0.0,0.2785714285714286
529,17,5,0.0,0.1792717086834734
530,19,5,0.0,0.16475972540045764
531,13,3,0.0,0.12307692307692311
532,7,5,0.0,0.3116883116883117
533,8,3,0.0,0.175
534,13,4,0.0,0.1730769230769231
535,10,6,0.0,0.30000000000000004
536,9,4,0.0,0.22222222222222224
537,3,5,0.0,0.38095238095238093
538,4,8,0.0,0.47727272727272724
539,14,4,0.0,0.16386554621848742
540,4,6,0.0,0.41666666666666663
541,3,7,0.0,0.4444444444444445
542,17,2,0.0,0.05228758169934642
543,8,3,0.0,0.175
544,4,5,0.0,0.375
545,9,5,0.0,0.2735042735042735
546,7,8,0.0,0.4285714285714285
547,16,6,0.0,0.22321428571428573
548,5,6,0.0,0.39999999999999997
549,7,5,0.0,0.31168831168831174
550,14,4,0.0,0.16386554621848742
551,17,2,0.0,0.05228758169934642
552,10,4,0.0,0.20769230769230773
553,12,8,0.0,0.337719298245614
554,17,7,0.0,0.24552429667519182
555,12,4,0.0,0.18333333333333332
556,18,8,0.0,0.2644444444444444
557,17,4,0.0,0.14117647058823524
558,11,2,0.0,0.07575757575757577
559,19,6,0.0,0.19736842105263155
560,7,7,0.0,0.39560439560439553
561,11,3,0.0,0.13986013986013984
562,6,5,0.0,0.3333333333333333
563,14,4,0.0,0.16386554621848742
564,13,2,0.0,0.06593406593406598
565,7,6,0.0,0.35714285714285715
566,17,8,0.0,0.2745098039215686
567,7,5,0.0,0.31168831168831174
568,3,7,0.0,0.4444444444444445
569,13,4,0.0,0.1730769230769231
570,19,5,0.0,0.16475972540045764
571,10,7,0.0,0.3375
572,19,2,0.0,0.04736842105263153
573,5,5,0.0,0.3555555555555556
574,18,8,0.0,0.2644444444444444
575,6,4,0.0,0.2777777777777778
576,9,2,0.0,0.08888888888888885
577,17,2,0.0,0.05228758169934642
578,15,4,0.0,0.1555555555555556
579,14,3,0.0,0.11607142857142855
580,14,3,0.0,0.11607142857142855
581,7,2,0.0,0.10714285714285712
582,14,2,0.0,0.061904761904761886
583,12,4,0.0,0.18333333333333332
584,3,4,0.0,0.3333333333333333
585,10,4,0.0,0.20769230769230773
586,3,8,0.0,0.4666666666666667
587,8,7,0.0,0.37500000000000006
588,10,2,0.0,0.08181818181818183
589,9,5,0.0,0.2735042735042735
590,11,6,0.0,0.2840909090909091
591,14,8,0.0,0.30952380952380953
592,7,2,0.0,0.10714285714285712
593,12,5,0.0,0.22916666666666663
594,16,8,0.0,0.28532608695652173
595,11,7,0.0,0.32085561497326204
596,19,5,0.0,0.16475972540045764
597,17,2,0.0,0.05228758169934642
598,18,8,0.0,0.2644444444444444
599,14,5,0.0,0.20634920634920634
600,9,7,0.0,0.35555555555555557
601,10,2,0.0,0.08181818181818183
602,9,8,0.0,0.38888888888888884
603,12,2,0.0,0.07051282051282046
604,10,7,0.0,0.3375
605,11,4,0.0,0.19480519480519484
606,15,6,0.0,0.2333333333333333
607,8,7,0.0,0.37500000000000006
608,5,5,0.0,0.3555555555555556
609,18,7,0.0,0.23611111111111113
610,19,4,0.0,0.12918660287081335
611,9,8,0.0,0.38888888888888884
612,17,5,0.0,0.1792717086834734
613,17,5,0.0,0.1792717086834734
614,8,2,0.0,0.09722222222222224
615,9,4,0.0,0.22222222222222224
616,7,4,0.0,0.25714285714285706
617,19,8,0.0,0.25506072874493924
618,14,2,0.0,0.061904761904761886
619,12,4,0.0,0.18333333333333332
620,17,3,0.0,0.09907120743034056
621,12,7,0.0,0.3055555555555556
622,7,4,0.0,0.25714285714285706
623,18,7,0.0,0.23611111111111113
624,19,2,0.0,0.04736842105263153
625,13,5,0.0,0.2171945701357466
626,3,7,0.0,0.4444444444444445
627,14,3,0.0,0.11607142857142855
628,10,5,0.0,0.2571428571428572
629,3,2,0.0,0.16666666666666666
630,19,8,0.0,0.25506072874493924
631,8,2,0.0,0.09722222222222224
632,6,8,0.0,0.44871794871794873
633,4,8,0.0,0.4772727272727273
634,15,3,0.0,0.10980392156862746
635,16,3,0.0,0.10416666666666669
636,11,5,0.0,0.24242424242424243
637,16,7,0.0,0.2556818181818181
638,4,8,0.0,0.47727272727272724
639,11,7,0.0,0.32085561497326204
640,4,4,0.0,0.3214285714285714
641,19,6,0.0,0.19736842105263155
642,15,5,0.0,0.1964912280701754
643,3,3,0.0,0.2666666666666666
644,6,7,0.0,0.41666666666666674
645,6,6,0.0,0.3787878787878787
646,5,6,0.0,0.39999999999999997
647,17,8,0.0,0.2745098039215686
648,13,4,0.0,0.1730769230769231
649,7,7,0.0,0.39560439560439553
650,14,3,0.0,0.11607142857142855
651,17,4,0.0,0.14117647058823524
652,17,4,0.0,0.14117647058823524
653,9,6,0.0,0.3174603174603174
654,10,8,0.0,0.37058823529411766
655,9,6,0.0,0.3174603174603174
656,8,4,0.0,0.23863636363636362
657,14,7,0.0,0.2785714285714286
658,17,6,0.0,0.213903743315508
659,11,5,0.0,0.24242424242424243
660,17,6,0.0,0.213903743315508
661,15,3,0.0,0.10980392156862746
662,7,3,0.0,0.19047619047619047
663,3,8,0.0,0.4666666666666667
664,18,7,0.0,0.23611111111111113
665,8,2,0.0,0.09722222222222224
666,16,4,0.0,0.1480263157894737
667,19,5,0.0,0.16475972540045764
668,3,3,0.0,0.2666666666666666
669,19,7,0.0,0.22736842105263158
670,15,5,0.0,0.1964912280701754
671,16,6,0.0,0.22321428571428573
672,14,7,0.0,0.2785714285714286
673,11,4,0.0,0.19480519480519481
674,4,6,0.0,0.41666666666666663
675,10,4,0.0,0.20769230769230773
676,19,2,0.0,0.04736842105263153
677,3,5,0.0,0.38095238095238093
678,9,8,0.0,0.38888888888888884
679,8,8,0.0,0.4083333333333333
680,6,8,0.0,0.4487179487179488
681,10,4,0.0,0.20769230769230773
682,19,6,0.0,0.19736842105263155
683,9,2,0.0,0.08888888888888885
684,10,7,0.0,0.3375
685,11,3,0.0,0.13986013986013984
686,19,2,0.0,0.04736842105263153
687,5,8,0.0,0.4666666666666667
688,19,2,0.0,0.04736842105263153
689,3,6,0.0,0.41666666666666663
690,19,4,0.0,0.12918660287081335
691,10,8,0.0,0.37058823529411766
692,11,2,0.0,0.07575757575757577
693,3,3,0.0,0.2666666666666666
694,12,8,0.0,0.337719298245614
695,9,3,0.0,0.1616161616161616
696,17,7,0.0,0.24552429667519182
697,10,5,0.0,0.2571428571428572
698,15,8,0.0,0.29696969696969705
699,15,4,0.0,0.1555555555555556
700,9,2,0.0,0.08888888888888885
701,18,6,0.0,0.20531400966183572
702,14,5,0.0,0.20634920634920634
703,4,4,0.0,0.3214285714285714
704,5,2,0.0,0.13333333333333336
705,4,3,0.0,0.25
706,18,6,0.0,0.20531400966183572
707,5,3,0.0,0.2285714285714286
708,10,7,0.0,0.3375
709,12,5,0.0,0.2291666666666666
710,11,6,0.0,0.2840909090909091
711,13,6,0.0,0.2564102564102565
712,3,3,0.0,0.2666666666666666
713,18,3,0.0,0.09444444444444439
714,9,7,0.0,0.3555555555555555
715,18,3,0.0,0.09444444444444439
716,9,4,0.0,0.22222222222222224
717,5,5,0.0,0.35555555555555557
718,9,4,0.0,0.2222222222222222
719,14,5,0.0,0.20634920634920634
720,9,8,0.0,0.38888888888888884
721,3,6,0.0,0.41666666666666663
722,8,8,0.0,0.4083333333333333
723,6,7,0.0,0.4166666666666668
724,11,7,0.0,0.32085561497326204
725,13,6,0.0,0.2564102564102565
726,4,8,0.0,0.47727272727272724
727,5,5,0.0,0.35555555555555557
728,15,3,0.0,0.10980392156862745
729,18,6,0.0,0.20531400966183572
730,17,5,0.0,0.1792717086834734
731,12,2,0.0,0.07051282051282047
732,16,2,0.0,0.05514705882352942
733,14,8,0.0,0.3095238095238096
734,11,7,0.0,0.32085561497326204
735,7,3,0.0,0.19047619047619047
736,4,8,0.0,0.47727272727272724
737,14,4,0.0,0.16386554621848742
738,3,4,0.0,0.3333333333333333
739,8,6,0.0,0.33653846153846156
740,7,6,0.0,0.35714285714285715
741,7,5,0.0,0.3116883116883117
742,7,5,0.0,0.3116883116883117
743,18,3,0.0,0.09444444444444439
744,12,5,0.0,0.2291666666666666
745,4,3,0.0,0.25000000000000006
746,8,2,0.0,0.09722222222222224
747,7,5,0.0,0.3116883116883117
748,13,4,0.0,0.1730769230769231
749,13,7,0.0,0.29149797570850206
750,5,5,0.0,0.3555555555555556
751,4,6,0.0,0.41666666666666663
752,5,2,0.0,0.13333333333333336
753,9,7,0.0,0.35555555555555557
754,9,3,0.0,0.1616161616161616
755,5,5,0.0,0.35555555555555557
756,4,4,0.0,0.3214285714285714
757,9,4,0.0,0.22222222222222224
758,11,6,0.0,0.2840909090909091
759,10,5,0.0,0.2571428571428572
760,16,3,0.0,0.10416666666666669
761,3,3,0.0,0.2666666666666666
762,8,4,0.0,0.23863636363636362
763,9,8,0.0,0.38888888888888884
764,19,8,0.0,0.25506072874493924
765,18,6,0.0,0.20531400966183572
766,4,6,0.0,0.41666666666666663
767,14,7,0.0,0.2785714285714286
768,11,2,0.0,0.07575757575757577
769,3,6,0.0,0.41666666666666663
770,18,2,0.0,0.049707602339181284
771,17,2,0.0,0.05228758169934642
772,19,3,0.0,0.09022556390977443
773,17,8,0.0,0.2745098039215686
774,18,4,0.0,0.13492063492063489
775,18,3,0.0,0.09444444444444439
776,4,2,0.0,0.15
777,18,7,0.0,0.23611111111111113
778,4,4,0.0,0.3214285714285714
779,11,6,0.0,0.2840909090909091
780,19,4,0.0,0.12918660287081335
781,10,4,0.0,0.20769230769230773
782,7,5,0.0,0.3116883116883117
783,4,5,0.0,0.375
784,8,7,0.0,0.37500000000000006
785,12,3,0.0,0.13095238095238096
786,16,7,0.0,0.2556818181818181
787,14,6,0.0,0.24436090225563917
788,8,5,0.0,0.29166666666666674
789,8,5,0.0,0.29166666666666674
790,7,2,0.0,0.10714285714285712
791,14,2,0.0,0.061904761904761886
792,12,3,0.0,0.13095238095238096
793,15,3,0.0,0.10980392156862745
794,5,6,0.0,0.39999999999999997
795,14,6,0.0,0.24436090225563917
796,19,8,0.0,0.25506072874493924
797,15,4,0.0,0.1555555555555556
798,15,2,0.0,0.05833333333333333
799,9,7,0.0,0.35555555555555557
800,19,4,0.0,0.12918660287081335
801,19,6,0.0,0.19736842105263155
802,4,8,0.0,0.47727272727272724
803,10,4,0.0,0.20769230769230773
804,19,7,0.0,0.22736842105263158
805,15,4,0.0,0.15555555555555559
806,4,4,0.0,0.3214285714285714
807,14,8,0.0,0.3095238095238096
808,18,3,0.0,0.09444444444444439
809,10,4,0.0,0.20769230769230773
810,19,8,0.0,0.25506072874493924
811,17,3,0.0,0.09907120743034056
812,18,6,0.0,0.20531400966183572
813,7,6,0.0,0.35714285714285715
814,17,3,0.0,0.09907120743034056
815,4,3,0.0,0.25000000000000006
816,17,7,0.0,0.24552429667519182
817,12,6,0.0,0.26960784313725494
818,18,7,0.0,0.23611111111111113
819,5,2,0.0,0.13333333333333336
820,15,8,0.0,0.29696969696969705
821,19,8,0.0,0.25506072874493924
822,5,7,0.0,0.4363636363636364
823,4,7,0.0,0.45
824,8,6,0.0,0.33653846153846156
825,13,2,0.0,0.06593406593406598
826,16,2,0.0,0.05514705882352942
827,18,5,0.0,0.1717171717171717
828,17,5,0.0,0.1792717086834734
829,15,6,0.0,0.2333333333333333
830,15,5,0.0,0.1964912280701754
831,16,3,0.0,0.10416666666666669
832,14,3,0.0,0.11607142857142855
833,14,3,0.0,0.11607142857142855
834,10,6,0.0,0.30000000000000004
835,10,8,0.0,0.37058823529411766
836,5,7,0.0,0.4363636363636364
837,6,3,0.0,0.20833333333333326
838,5,6,0.0,0.39999999999999997
839,3,7,0.0,0.4444444444444445
840,13,7,0.0,0.29149797570850206
841,12,4,0.0,0.18333333333333332
842,19,4,0.0,0.12918660287081335
843,16,3,0.0,0.10416666666666669
844,7,5,0.0,0.3116883116883117
845,4,5,0.0,0.375
846,9,2,0.0,0.08888888888888885
847,10,3,0.0,0.15000000000000002
848,19,6,0.0,0.19736842105263158
849,16,2,0.0,0.05514705882352942
850,4,7,0.0,0.45
851,18,2,0.0,0.049707602339181284
852,5,3,0.0,0.2285714285714286
853,6,4,0.0,0.2777777777777778
854,13,7,0.0,0.29149797570850206
855,5,8,0.0,0.4666666666666667
856,13,8,0.0,0.3230769230769231
857,3,8,0.0,0.4666666666666667
858,8,4,0.0,0.23863636363636362
859,8,7,0.0,0.37500000000000006
860,3,7,0.0,0.4444444444444445
861,18,8,0.0,0.2644444444444444
862,9,5,0.0,0.2735042735042735
863,8,6,0.0,0.33653846153846156
864,5,7,0.0,0.4363636363636364
865,13,7,0.0,0.29149797570850206
866,11,3,0.0,0.13986013986013984
867,16,4,0.0,0.1480263157894737
868,14,5,0.0,0.20634920634920634
869,3,3,0.0,0.2666666666666666
870,16,3,0.0,0.10416666666666669
871,5,4,0.0,0.30000000000000004
872,16,5,0.0,0.1875
873,16,8,0.0,0.28532608695652173
874,8,4,0.0,0.23863636363636362
875,19,5,0.0,0.16475972540045764
876,14,4,0.0,0.1638655462184874
877,7,8,0.0,0.4285714285714285
878,12,6,0.0,0.26960784313725494
879,13,8,0.0,0.3230769230769231
880,15,8,0.0,0.29696969696969705
881,10,7,0.0,0.3375
882,5,2,0.0,0.13333333333333336
883,16,3,0.0,0.10416666666666669
884,5,2,0.0,0.13333333333333336
885,10,3,0.0,0.15000000000000002
886,15,8,0.0,0.29696969696969705
887,15,5,0.0,0.1964912280701754
888,6,8,0.0,0.44871794871794873
889,12,7,0.0,0.3055555555555556
890,9,4,0.0,0.22222222222222224
891,9,5,0.0,0.2735042735042735
892,17,6,0.0,0.213903743315508
893,17,8,0.0,0.2745098039215686
894,11,4,0.0,0.19480519480519484
895,19,4,0.0,0.12918660287081335
896,8,7,0.0,0.37500000000000006
897,7,6,0.0,0.35714285714285715
898,5,5,0.0,0.3555555555555556
899,3,4,0.0,0.3333333333333333
900,8,8,0.0,0.4083333333333333
901,8,5,0.0,0.29166666666666674
902,18,2,0.0,0.049707602339181284
903,16,6,0.0,0.22321428571428573
904,9,4,0.0,0.22222222222222224
905,3,8,0.0,0.4666666666666667
906,10,6,0.0,0.30000000000000004
907,13,8,0.0,0.3230769230769231
908,17,3,0.0,0.09907120743034056
909,16,2,0.0,0.05514705882352942
910,5,8,0.0,0.4666666666666667
911,17,2,0.0,0.05228758169934642
912,3,5,0.0,0.38095238095238093
913,11,6,0.0,0.2840909090909091
914,13,4,0.0,0.1730769230769231
915,5,2,0.0,0.13333333333333336
916,12,3,0.0,0.13095238095238093
917,17,5,0.0,0.1792717086834734
918,5,4,0.0,0.30000000000000004
919,18,2,0.0,0.049707602339181284
920,6,6,0.0,0.3787878787878787
921,16,2,0.0,0.05514705882352942
922,11,7,0.0,0.32085561497326204
923,8,3,0.0,0.175
924,5,2,0.0,0.13333333333333336
925,9,5,0.0,0.2735042735042735
926,10,8,0.0,0.37058823529411766
927,13,5,0.0,0.2171945701357466
928,8,6,0.0,0.33653846153846156
929,12,8,0.0,0.337719298245614
930,19,5,0.0,0.16475972540045764
931,10,3,0.0,0.15000000000000005
932,3,2,0.0,0.16666666666666666
933,7,5,0.0,0.3116883116883117
934,17,4,0.0,0.14117647058823524
935,17,7,0.0,0.24552429667519182
936,9,2,0.0,0.08888888888888885
937,12,5,0.0,0.2291666666666666
938,7,8,0.0,0.4285714285714285
939,8,4,0.0,0.23863636363636362
940,5,6,0.0,0.39999999999999997
941,16,4,0.0,0.1480263157894737
942,3,3,0.0,0.2666666666666666
943,15,7,0.0,0.26666666666666666
944,19,8,0.0,0.25506072874493924
945,3,4,0.0,0.3333333333333333
946,14,2,0.0,0.061904761904761886
947,17,2,0.0,0.05228758169934642
948,14,6,0.0,0.24436090225563917
949,5,2,0.0,0.13333333333333336
950,14,2,0.0,0.061904761904761886
951,7,4,0.0,0.25714285714285706
952,13,7,0.0,0.29149797570850206
953,3,4,0.0,0.3333333333333333
954,7,8,0.0,0.4285714285714285
955,15,3,0.0,0.10980392156862746
956,11,8,0.0,0.35353535353535354
957,3,8,0.0,0.4666666666666667
958,15,7,0.0,0.26666666666666666
959,9,8,0.0,0.38888888888888884
960,13,6,0.0,0.2564102564102565
961,14,8,0.0,0.3095238095238096
962,16,4,0.0,0.1480263157894737
963,6,8,0.0,0.44871794871794873
964,17,6,0.0,0.213903743315508
965,10,5,0.0,0.2571428571428572
966,15,7,0.0,0.26666666666666666
967,18,7,0.0,0.23611111111111113
968,3,5,0.0,0.38095238095238093
969,4,3,0.0,0.25000000000000006
970,13,2,0.0,0.06593406593406598
971,16,3,0.0,0.10416666666666669
972,3,6,0.0,0.41666666666666663
973,6,4,0.0,0.2777777777777778
974,3,2,0.0,0.16666666666666666
975,18,4,0.0,0.13492063492063489
976,11,2,0.0,0.07575757575757577
977,10,3,0.0,0.15000000000000002
978,15,6,0.0,0.2333333333333333
979,19,4,0.0,0.12918660287081335
980,4,7,0.0,0.44999999999999996
981,6,3,0.0,0.20833333333333331
982,6,8,0.0,0.44871794871794873
983,9,7,0.0,0.35555555555555557
984,15,7,0.0,0.26666666666666666
985,17,6,0.0,0.213903743315508
986,13,8,0.0,0.32307692307692315
987,3,7,0.0,0.4444444444444445
988,19,7,0.0,0.22736842105263158
989,19,3,0.0,0.09022556390977443
990,16,3,0.0,0.10416666666666669
991,11,5,0.0,0.24242424242424243
992,11,6,0.0,0.2840909090909091
993,7,4,0.0,0.2571428571428571
994,8,4,0.0,0.23863636363636362
995,4,7,0.0,0.44999999999999996
996,5,7,0.0,0.4363636363636364
997,17,8,0.0,0.2745098039215686
998,9,7,0.0,0.35555555555555557
999,8,3,0.0,0.175
1000,10,7,0.0,0.3375
1001,8,5,0.0,0.29166666666666674
1002,17,2,0.0,0.05228758169934642
1003,18,4,0.0,0.13492063492063489
1004,5,3,0.0,0.2285714285714286
1005,18,4,0.0,0.13492063492063489
1006,9,4,0.0,0.22222222222222224
1007,5,6,0.0,0.39999999999999997
1008,8,8,0.0,0.4083333333333333
1009,10,2,0.0,0.08181818181818183
1010,10,3,0.0,0.15000000000000002
1011,8,8,0.0,0.4083333333333333
1012,14,7,0.0,0.2785714285714286
1013,17,2,0.0,0.05228758169934642
1014,6,5,0.0,0.3333333333333333
1015,7,7,0.0,0.39560439560439553
1016,7,6,0.0,0.35714285714285715
1017,6,3,0.0,0.20833333333333326
1018,6,7,0.0,0.4166666666666667
1019,16,3,0.0,0.10416666666666669
1020,14,5,0.0,0.20634920634920634
1021,14,3,0.0,0.11607142857142855
1022,12,6,0.0,0.26960784313725494
1023,7,8,0.0,0.4285714285714285
1024,13,8,0.0,0.32307692307692315
1025,15,7,0.0,0.2666666666666666
1026,10,3,0.0,0.15000000000000002
1027,4,8,0.0,0.47727272727272724
1028,7,3,0.0,0.19047619047619047
1029,10,4,0.0,0.20769230769230773
1030,11,5,0.0,0.24242424242424243
1031,10,3,0.0,0.15000000000000002
1032,11,7,0.0,0.32085561497326204
1033,9,8,0.0,0.38888888888888884
1034,5,2,0.0,0.13333333333333336
1035,4,2,0.0,0.15
1036,9,4,0.0,0.22222222222222224
1037,5,6,0.0,0.39999999999999997
1038,3,3,0.0,0.2666666666666666
1039,18,3,0.0,0.09444444444444439
1040,17,2,0.0,0.05228758169934642
1041,10,2,0.0,0.08181818181818183
1042,16,4,0.0,0.1480263157894737
1043,7,2,0.0,0.10714285714285712
1044,18,4,0.0,0.13492063492063489
1045,8,6,0.0,0.33653846153846156
1046,15,7,0.0,0.26666666666666666
1047,8,6,0.0,0.33653846153846156
1048,18,5,0.0,0.1717171717171717
1049,5,4,0.0,0.30000000000000004
1050,7,2,0.0,0.10714285714285712
1051,5,3,0.0,0.2285714285714286
1052,5,7,0.0,0.4363636363636364
1053,9,7,0.0,0.35555555555555557
1054,16,4,0.0,0.1480263157894737
1055,6,7,0.0,0.41666666666666674
1056,3,3,0.0,0.2666666666666666
1057,4,2,0.0,0.15
1058,6,3,0.0,0.20833333333333331
1059,12,5,0.0,0.22916666666666663
1060,19,8,0.0,0.25506072874493924
1061,17,7,0.0,0.24552429667519182
1062,4,8,0.0,0.4772727272727273
1063,11,6,0.0,0.2840909090909091
1064,10,5,0.0,0.2571428571428572
1065,18,3,0.0,0.09444444444444439
1066,9,2,0.0,0.08888888888888885
1067,15,8,0.0,0.296969696969697
1068,17,8,0.0,0.2745098039215686
1069,8,3,0.0,0.175
1070,5,4,0.0,0.30000000000000004
1071,8,4,0.0,0.23863636363636362
1072,14,5,0.0,0.20634920634920637
1073,8,4,0.0,0.23863636363636362
1074,10,8,0.0,0.37058823529411766
1075,7,2,0.0,0.10714285714285712
1076,13,8,0.0,0.3230769230769231
1077,5,6,0.0,0.39999999999999997
1078,8,4,0.0,0.23863636363636362
1079,9,6,0.0,0.3174603174603174
1080,7,6,0.0,0.35714285714285715
1081,19,7,0.0,0.22736842105263158
1082,4,8,0.0,0.47727272727272724
1083,17,5,0.0,0.1792717086834734
1084,4,6,0.0,0.41666666666666663
1085,9,5,0.0,0.2735042735042735
1086,3,2,0.0,0.16666666666666666
1087,18,4,0.0,0.13492063492063489
1088,9,6,0.0,0.3174603174603174
1089,6,8,0.0,0.44871794871794873
1090,17,6,0.0,0.213903743315508
1091,8,6,0.0,0.33653846153846156
1092,3,7,0.0,0.4444444444444445
1093,19,8,0.0,0.25506072874493924
1094,13,6,0.0,0.25641025641025644
1095,15,7,0.0,0.26666666666666666
1096,10,6,0.0,0.30000000000000004
1097,16,2,0.0,0.05514705882352942
1098,11,5,0.0,0.24242424242424243
1099,13,2,0.0,0.06593406593406598
1100,9,5,0.0,0.2735042735042735
1101,16,2,0.0,0.05514705882352942
1102,8,7,0.0,0.37500000000000006
1103,15,4,0.0,0.1555555555555556
1104,5,2,0.0,0.13333333333333336
1105,13,8,0.0,0.3230769230769231
1106,19,5,0.0,0.16475972540045764
1107,3,2,0.0,0.16666666666666666
1108,17,7,0.0,0.24552429667519182
1109,14,7,0.0,0.2785714285714286
1110,11,4,0.0,0.19480519480519484
1111,7,5,0.0,0.31168831168831174
1112,3,5,0.0,0.38095238095238093
1113,11,8,0.0,0.35353535353535354
1114,9,4,0.0,0.22222222222222224
1115,17,3,0.0,0.09907120743034056
1116,9,4,0.0,0.22222222222222224
1117,13,4,0.0,0.1730769230769231
1118,18,6,0.0,0.20531400966183572
1119,17,4,0.0,0.14117647058823526
1120,10,6,0.0,0.30000000000000004
1121,19,2,0.0,0.04736842105263153
1122,7,8,0.0,0.4285714285714285
1123,5,4,0.0,0.30000000000000004
1124,10,3,0.0,0.15000000000000002
1125,4,4,0.0,0.3214285714285714
1126,11,2,0.0,0.07575757575757577
1127,5,2,0.0,0.13333333333333336
1128,5,5,0.0,0.3555555555555556
1129,5,7,0.0,0.4363636363636364
1130,7,7,0.0,0.39560439560439553
1131,19,5,0.0,0.16475972540045764
1132,5,4,0.0,0.30000000000000004
1133,18,6,0.0,0.20531400966183572
1134,8,3,0.0,0.175
1135,3,3,0.0,0.2666666666666666
1136,12,5,0.0,0.22916666666666663
1137,15,7,0.0,0.26666666666666666
1138,16,2,0.0,0.05514705882352942
1139,13,5,0.0,0.2171945701357466
1140,14,3,0.0,0.11607142857142855
1141,12,7,0.0,0.3055555555555556
1142,9,4,0.0,0.22222222222222224
1143,12,7,0.0,0.3055555555555556
1144,15,3,0.0,0.10980392156862746
1145,10,4,0.0,0.20769230769230773
1146,10,2,0.0,0.08181818181818183
1147,6,2,0.0,0.11904761904761904
1148,10,3,0.0,0.15000000000000002
1149,15,3,0.0,0.10980392156862746
1150,13,4,0.0,0.1730769230769231
1151,10,7,0.0,0.3375
1152,8,3,0.0,0.175
1153,10,3,0.0,0.15000000000000002
1154,12,2,0.0,0.07051282051282046
1155,4,5,0.0,0.375
1156,9,6,0.0,0.3174603174603174
1157,7,2,0.0,0.10714285714285712
1158,12,6,0.0,0.26960784313725494
1159,12,2,0.0,0.07051282051282046
1160,18,3,0.0,0.09444444444444439
1161,17,4,0.0,0.14117647058823524
1162,11,4,0.0,0.19480519480519484
1163,7,4,0.0,0.2571428571428571
1164,5,5,0.0,0.35555555555555557
1165,8,2,0.0,0.09722222222222224
1166,8,5,0.0,0.29166666666666674
1167,16,7,0.0,0.2556818181818181
1168,9,2,0.0,0.08888888888888885
1169,7,6,0.0,0.35714285714285715
1170,11,6,0.0,0.2840909090909091
1171,4,2,0.0,0.15
1172,19,4,0.0,0.12918660287081335
1173,9,8,0.0,0.38888888888888884
1174,9,6,0.0,0.31746031746031744
1175,19,4,0.0,0.12918660287081335
1176,14,7,0.0,0.2785714285714286
1177,18,7,0.0,0.23611111111111113
1178,18,3,0.0,0.09444444444444439
1179,19,8,0.0,0.25506072874493924
1180,3,6,0.0,0.41666666666666663
1181,6,7,0.0,0.4166666666666667
1182,19,3,0.0,0.09022556390977443
1183,7,3,0.0,0.19047619047619047
1184,4,7,0.0,0.45
1185,8,6,0.0,0.33653846153846156
1186,16,4,0.0,0.1480263157894737
1187,16,3,0.0,0.10416666666666669
1188,10,3,0.0,0.15000000000000002
1189,3,5,0.0,0.38095238095238093
1190,18,8,0.0,0.2644444444444444
1191,10,5,0.0,0.2571428571428572
1192,13,6,0.0,0.25641025641025644
1193,18,7,0.0,0.23611111111111113
1194,5,4,0.0,0.30000000000000004
1195,6,8,0.0,0.44871794871794873
1196,4,2,0.0,0.15
1197,10,3,0.0,0.15000000000000002
1198,7,7,0.0,0.39560439560439553
1199,19,7,0.0,0.22736842105263158
1200,14,8,0.0,0.3095238095238096
1201,16,6,0.0,0.22321428571428573
1202,9,6,0.0,0.3174603174603174
1203,9,6,0.0,0.3174603174603174
1204,6,5,0.0,0.3333333333333333
1205,3,2,0.0,0.16666666666666666
1206,15,7,0.0,0.26666666666666666
1207,9,3,0.0,0.1616161616161616
1208,17,2,0.0,0.05228758169934642
1209,18,5,0.0,0.1717171717171717
1210,15,5,0.0,0.1964912280701754
1211,10,6,0.0,0.30000000000000004
1212,12,5,0.0,0.22916666666666663
1213,18,4,0.0,0.13492063492063489
1214,8,8,0.0,0.4083333333333333
1215,13,4,0.0,0.1730769230769231
1216,6,4,0.0,0.2777777777777778
1217,17,5,0.0,0.1792717086834734
1218,6,6,0.0,0.3787878787878787
1219,18,2,0.0,0.049707602339181284
1220,15,3,0.0,0.10980392156862746
1221,12,8,0.0,0.337719298245614
1222,8,5,0.0,0.29166666666666674
1223,12,3,0.0,0.13095238095238093
1224,19,6,0.0,0.19736842105263155
1225,7,6,0.0,0.35714285714285715
1226,4,2,0.0,0.15
1227,14,6,0.0,0.2443609022556391
1228,19,7,0.0,0.22736842105263158
1229,9,5,0.0,0.2735042735042735
1230,13,7,0.0,0.29149797570850206
1231,15,7,0.0,0.26666666666666666
1232,4,3,0.0,0.25000000000000006
1233,11,4,0.0,0.19480519480519484
1234,6,8,0.0,0.44871794871794873
1235,9,8,0.0,0.38888888888888884
1236,12,8,0.0,0.337719298245614
1237,16,6,0.0,0.22321428571428573
1238,16,2,0.0,0.05514705882352942
1239,6,5,0.0,0.3333333333333333
1240,17,4,0.0,0.14117647058823524
1241,4,8,0.0,0.47727272727272724
1242,12,7,0.0,0.3055555555555556
1243,17,5,0.0,0.1792717086834734
1244,12,2,0.0,0.07051282051282046
1245,4,7,0.0,0.45
1246,13,6,0.0,0.2564102564102565
1247,16,3,0.0,0.10416666666666669
1248,17,6,0.0,0.213903743315508
1249,4,7,0.0,0.44999999999999996
1250,14,7,0.0,0.2785714285714286
1251,17,8,0.0,0.2745098039215686
1252,8,3,0.0,0.175
1253,18,7,0.0,0.23611111111111113
1254,5,6,0.0,0.39999999999999997
1255,18,6,0.0,0.20531400966183572
1256,18,3,0.0,0.09444444444444439
1257,7,3,0.0,0.19047619047619047
1258,11,2,0.0,0.07575757575757577
1259,6,3,0.0,0.20833333333333326
1260,14,6,0.0,0.24436090225563917
1261,17,7,0.0,0.24552429667519182
1262,9,3,0.0,0.1616161616161616
1263,16,4,0.0,0.1480263157894737
1264,8,2,0.0,0.09722222222222224
1265,5,4,0.0,0.30000000000000004
1266,7,7,0.0,0.39560439560439553
1267,11,4,0.0,0.19480519480519481
1268,14,2,0.0,0.061904761904761886
1269,16,8,0.0,0.28532608695652173
1270,13,8,0.0,0.3230769230769231
1271,6,2,0.0,0.11904761904761904
1272,17,3,0.0,0.09907120743034056
1273,6,7,0.0,0.41666666666666674
1274,10,4,0.0,0.20769230769230773
1275,15,7,0.0,0.26666666666666666
1276,13,4,0.0,0.1730769230769231
1277,9,3,0.0,0.1616161616161616
1278,6,4,0.0,0.2777777777777778
1279,5,8,0.0,0.4666666666666667
1280,9,3,0.0,0.1616161616161616
1281,4,6,0.0,0.41666666666666663
1282,13,3,0.0,0.12307692307692314
1283,16,3,0.0,0.10416666666666669
1284,9,2,0.0,0.08888888888888885
1285,11,7,0.0,0.32085561497326204
1286,14,4,0.0,0.16386554621848742
1287,11,4,0.0,0.19480519480519484
1288,17,3,0.0,0.09907120743034056
1289,8,8,0.0,0.4083333333333333
1290,7,8,0.0,0.4285714285714285
1291,3,4,0.0,0.3333333333333333
1292,6,7,0.0,0.4166666666666667
1293,11,3,0.0,0.13986013986013984
1294,12,7,0.0,0.3055555555555556
1295,4,3,0.0,0.25
1296,16,2,0.0,0.05514705882352942
1297,16,5,0.0,0.1875
1298,5,3,0.0,0.2285714285714286
1299,8,7,0.0,0.37500000000000006
1300,12,7,0.0,0.3055555555555556
1301,4,6,0.0,0.41666666666666663
1302,5,4,0.0,0.30000000000000004
1303,7,5,0.0,0.3116883116883117
1304,3,6,0.0,0.41666666666666663
1305,3,4,0.0,0.3333333333333333
1306,17,7,0.0,0.24552429667519182
1307,19,7,0.0,0.22736842105263158
1308,4,5,0.0,0.375
1309,10,5,0.0,0.2571428571428572
1310,5,8,0.0,0.4666666666666667
1311,15,7,0.0,0.26666666666666666
1312,15,5,0.0,0.1964912280701754
1313,6,2,0.0,0.11904761904761904
1314,16,7,0.0,0.2556818181818181
1315,19,7,0.0,0.22736842105263158
1316,16,7,0.0,0.2556818181818181
1317,13,3,0.0,0.12307692307692314
1318,19,3,0.0,0.09022556390977443
1319,9,8,0.0,0.38888888888888884
1320,12,7,0.0,0.3055555555555556
1321,17,2,0.0,0.05228758169934642
1322,17,8,0.0,0.2745098039215686
1323,5,8,0.0,0.4666666666666667
1324,9,5,0.0,0.2735042735042735
1325,16,4,0.0,0.1480263157894737
1326,12,6,0.0,0.26960784313725494
1327,13,2,0.0,0.06593406593406598
1328,9,8,0.0,0.38888888888888884
1329,9,8,0.0,0.38888888888888884
1330,15,3,0.0,0.10980392156862746
1331,4,7,0.0,0.44999999999999996
1332,15,3,0.0,0.10980392156862746
1333,11,3,0.0,0.13986013986013984
1334,13,8,0.0,0.32307692307692315
1335,7,3,0.0,0.19047619047619047
1336,4,8,0.0,0.4772727272727273
1337,4,4,0.0,0.3214285714285714
1338,14,8,0.0,0.3095238095238096
1339,18,6,0.0,0.20531400966183572
1340,11,2,0.0,0.07575757575757577
1341,16,8,0.0,0.28532608695652173
1342,16,7,0.0,0.2556818181818181
1343,14,4,0.0,0.16386554621848742
1344,9,6,0.0,0.3174603174603174
1345,12,2,0.0,0.07051282051282046
1346,18,4,0.0,0.13492063492063489
1347,14,8,0.0,0.30952380952380953
1348,7,6,0.0,0.35714285714285715
1349,11,3,0.0,0.13986013986013984
1350,9,2,0.0,0.08888888888888885
1351,15,7,0.0,0.26666666666666666
1352,6,4,0.0,0.27777777777777785
1353,13,3,0.0,0.12307692307692314
1354,6,7,0.0,0.4166666666666667
1355,14,3,0.0,0.11607142857142855
1356,5,3,0.0,0.2285714285714286
1357,11,2,0.0,0.07575757575757577
1358,14,2,0.0,0.061904761904761886
1359,14,4,0.0,0.16386554621848737
1360,13,6,0.0,0.2564102564102565
1361,16,8,0.0,0.28532608695652173
1362,6,8,0.0,0.44871794871794873
1363,17,6,0.0,0.213903743315508
1364,3,5,0.0,0.38095238095238093
1365,15,7,0.0,0.26666666666666666
1366,5,2,0.0,0.13333333333333336
1367,17,6,0.0,0.213903743315508
1368,7,7,0.0,0.39560439560439553
1369,16,7,0.0,0.2556818181818181
1370,7,7,0.0,0.39560439560439553
1371,14,3,0.0,0.11607142857142855
1372,9,3,0.0,0.1616161616161616
1373,10,7,0.0,0.3375
1374,15,3,0.0,0.10980392156862746
1375,4,4,0.0,0.3214285714285714
1376,13,3,0.0,0.12307692307692314
1377,17,4,0.0,0.14117647058823524
1378,8,7,0.0,0.37500000000000006
1379,11,2,0.0,0.07575757575757577
1380,5,8,0.0,0.4666666666666667
1381,8,7,0.0,0.37500000000000006
1382,7,6,0.0,0.35714285714285715
1383,19,5,0.0,0.16475972540045764
1384,11,3,0.0,0.13986013986013984
1385,12,8,0.0,0.337719298245614
1386,15,5,0.0,0.1964912280701754
1387,19,2,0.0,0.04736842105263153
1388,13,3,0.0,0.12307692307692314
1389,6,3,0.0,0.20833333333333331
1390,15,7,0.0,0.26666666666666666
1391,19,3,0.0,0.09022556390977443
1392,5,6,0.0,0.39999999999999997
1393,13,7,0.0,0.29149797570850206
1394,18,3,0.0,0.09444444444444439
1395,13,3,0.0,0.12307692307692311
1396,10,6,0.0,0.30000000000000004
1397,9,5,0.0,0.2735042735042735
1398,6,8,0.0,0.44871794871794873
1399,17,7,0.0,0.24552429667519182
1400,11,4,0.0,0.19480519480519484
1401,18,6,0.0,0.20531400966183572
1402,3,8,0.0,0.4666666666666667
1403,19,7,0.0,0.22736842105263158
1404,12,4,0.0,0.18333333333333332
1405,6,7,0.0,0.4166666666666667
1406,6,4,0.0,0.2777777777777778
1407,6,6,0.0,0.3787878787878787
1408,5,2,0.0,0.13333333333333336
1409,13,3,0.0,0.12307692307692311
1410,12,6,0.0,0.26960784313725494
1411,3,3,0.0,0.2666666666666666
1412,11,2,0.0,0.07575757575757577
1413,8,8,0.0,0.4083333333333333
1414,8,5,0.0,0.29166666666666674
1415,3,6,0.0,0.41666666666666663
1416,12,2,0.0,0.07051282051282046
1417,8,5,0.0,0.29166666666666674
1418,12,5,0.0,0.2291666666666666
1419,3,8,0.0,0.4666666666666667
1420,6,3,0.0,0.20833333333333326
1421,18,2,0.0,0.049707602339181284
1422,5,7,0.0,0.4363636363636364
1423,16,6,0.0,0.22321428571428573
1424,9,5,0.0,0.2735042735042735
1425,7,8,0.0,0.4285714285714285
1426,7,6,0.0,0.35714285714285715
1427,5,5,0.0,0.3555555555555556
1428,6,3,0.0,0.20833333333333331
1429,17,7,0.0,0.24552429667519182
1430,10,6,0.0,0.30000000000000004
1431,12,8,0.0,0.337719298245614
1432,18,8,0.0,0.2644444444444444
1433,10,7,0.0,0.3375
1434,19,7,0.0,0.22736842105263155
1435,14,8,0.0,0.3095238095238096
1436,9,7,0.0,0.35555555555555557
1437,6,2,0.0,0.11904761904761904
1438,11,5,0.0,0.24242424242424243
1439,19,8,0.0,0.25506072874493924
1440,6,8,0.0,0.4487179487179488
1441,18,6,0.0,0.20531400966183572
1442,12,8,0.0,0.337719298245614
1443,15,6,0.0,0.2333333333333333
1444,3,2,0.0,0.16666666666666666
1445,16,4,0.0,0.1480263157894737
1446,13,7,0.0,0.29149797570850206
1447,18,5,0.0,0.1717171717171717
1448,8,4,0.0,0.23863636363636362
1449,12,6,0.0,0.26960784313725494
1450,14,2,0.0,0.061904761904761886
1451,4,3,0.0,0.25000000000000006
1452,10,3,0.0,0.15000000000000002
1453,5,4,0.0,0.30000000000000004
1454,13,7,0.0,0.29149797570850206
1455,19,8,0.0,0.25506072874493924
1456,5,7,0.0,0.4363636363636364
1457,15,8,0.0,0.29696969696969705
1458,5,3,0.0,0.2285714285714286
1459,11,3,0.0,0.13986013986013984
1460,18,5,0.0,0.1717171717171717
1461,17,7,0.0,0.24552429667519182
1462,9,6,0.0,0.3174603174603174
1463,9,7,0.0,0.35555555555555557
1464,4,7,0.0,0.44999999999999996
1465,10,4,0.0,0.20769230769230773
1466,17,5,0.0,0.1792717086834734
1467,18,3,0.0,0.09444444444444439
1468,7,4,0.0,0.25714285714285706
1469,9,2,0.0,0.08888888888888885
1470,6,7,0.0,0.41666666666666674
1471,19,6,0.0,0.19736842105263155
1472,11,3,0.0,0.13986013986013984
1473,17,4,0.0,0.14117647058823524
1474,8,5,0.0,0.29166666666666674
1475,13,7,0.0,0.29149797570850206
1476,3,7,0.0,0.4444444444444445
1477,7,8,0.0,0.4285714285714285
1478,3,6,0.0,0.41666666666666663
1479,5,5,0.0,0.35555555555555557
1480,10,6,0.0,0.30000000000000004
1481,4,3,0.0,0.25
1482,9,6,0.0,0.31746031746031744
1483,15,6,0.0,0.2333333333333333
1484,11,5,0.0,0.24242424242424243
1485,18,2,0.0,0.049707602339181284
1486,10,8,0.0,0.37058823529411766
1487,5,3,0.0,0.2285714285714286
1488,6,2,0.0,0.11904761904761904
1489,15,8,0.0,0.29696969696969705
1490,4,8,0.0,0.47727272727272724
1491,12,7,0.0,0.3055555555555556
1492,3,3,0.0,0.2666666666666666
1493,19,5,0.0,0.16475972540045764
1494,7,2,0.0,0.10714285714285712
1495,18,7,0.0,0.23611111111111113
1496,15,4,0.0,0.15555555555555559
1497,19,6,0.0,0.19736842105263155
1498,12,2,0.0,0.07051282051282046
1499,18,6,0.0,0.20531400966183572
1500,5,4,0.0,0.30000000000000004
1501,12,5,0.0,0.22916666666666663
1502,11,3,0.0,0.13986013986013984
1503,5,7,0.0,0.4363636363636364
1504,19,7,0.0,0.22736842105263158
1505,17,6,0.0,0.213903743315508
1506,3,2,0.0,0.16666666666666666
1507,19,5,0.0,0.16475972540045764
1508,5,5,0.0,0.3555555555555556
1509,16,8,0.0,0.28532608695652173
1510,13,2,0.0,0.06593406593406598
1511,5,4,0.0,0.30000000000000004
1512,6,3,0.0,0.20833333333333326
1513,12,5,0.0,0.2291666666666666
1514,4,5,0.0,0.375
1515,19,5,0.0,0.16475972540045764
1516,3,5,0.0,0.38095238095238093
1517,5,6,0.0,0.39999999999999997
1518,19,7,0.0,0.22736842105263158
1519,8,7,0.0,0.37500000000000006
1520,11,4,0.0,0.19480519480519484
1521,15,7,0.0,0.26666666666666666
1522,13,3,0.0,0.12307692307692314
1523,6,6,0.0,0.3787878787878787
1524,13,6,0.0,0.25641025641025644
1525,4,3,0.0,0.25
1526,16,4,0.0,0.1480263157894737
1527,6,8,0.0,0.44871794871794873
1528,18,6,0.0,0.20531400966183572
1529,18,6,0.0,0.20531400966183572
1530,17,4,0.0,0.14117647058823524
1531,18,4,0.0,0.13492063492063489
1532,8,5,0.0,0.29166666666666674
1533,13,8,0.0,0.3230769230769231
1534,11,2,0.0,0.07575757575757577
1535,15,6,0.0,0.2333333333333333
1536,11,6,0.0,0.2840909090909091
1537,16,6,0.0,0.22321428571428573
1538,7,5,0.0,0.31168831168831174
1539,19,2,0.0,0.04736842105263153
1540,18,4,0.0,0.13492063492063489
1541,7,6,0.0,0.35714285714285715
1542,9,2,0.0,0.08888888888888885
1543,7,3,0.0,0.19047619047619047
1544,10,6,0.0,0.30000000000000004
1545,6,3,0.0,0.20833333333333326
1546,16,8,0.0,0.28532608695652173
1547,9,7,0.0,0.35555555555555557
1548,11,8,0.0,0.35353535353535354
1549,4,4,0.0,0.3214285714285714
1550,13,4,0.0,0.1730769230769231
1551,10,6,0.0,0.30000000000000004
1552,9,4,0.0,0.22222222222222224
1553,14,6,0.0,0.24436090225563917
1554,4,8,0.0,0.47727272727272724
1555,10,7,0.0,0.3375
1556,3,5,0.0,0.38095238095238093
1557,9,3,0.0,0.1616161616161616
1558,12,8,0.0,0.337719298245614
1559,3,8,0.0,0.4666666666666667
1560,10,2,0.0,0.08181818181818183
1561,19,3,0.0,0.09022556390977443
1562,16,4,0.0,0.1480263157894737
1563,14,2,0.0,0.061904761904761886
1564,10,2,0.0,0.08181818181818183
1565,16,8,0.0,0.28532608695652173
1566,14,8,0.0,0.3095238095238096
1567,3,4,0.0,0.3333333333333333
1568,9,2,0.0,0.08888888888888885
1569,10,3,0.0,0.15000000000000002
1570,14,7,0.0,0.2785714285714286
1571,14,2,0.0,0.061904761904761886
1572,13,8,0.0,0.3230769230769231
1573,5,5,0.0,0.3555555555555556
1574,8,6,0.0,0.33653846153846156
1575,6,4,0.0,0.27777777777777785
1576,13,3,0.0,0.12307692307692314
1577,12,6,0.0,0.26960784313725494
1578,10,8,0.0,0.37058823529411766
1579,16,3,0.0,0.10416666666666669
1580,15,4,0.0,0.1555555555555556
1581,10,2,0.0,0.08181818181818183
1582,18,5,0.0,0.1717171717171717
1583,9,4,0.0,0.22222222222222224
1584,18,6,0.0,0.20531400966183572
1585,4,7,0.0,0.45
1586,8,6,0.0,0.33653846153846156
1587,10,2,0.0,0.08181818181818183
1588,10,6,0.0,0.30000000000000004
1589,13,6,0.0,0.2564102564102565
1590,19,2,0.0,0.04736842105263153
1591,17,4,0.0,0.14117647058823524
1592,5,5,0.0,0.3555555555555556
1593,6,4,0.0,0.2777777777777778
1594,15,4,0.0,0.1555555555555556
1595,11,4,0.0,0.19480519480519481
1596,11,3,0.0,0.13986013986013984
1597,3,7,0.0,0.4444444444444445
1598,12,8,0.0,0.337719298245614
1599,4,2,0.0,0.15
1600,18,6,0.0,0.20531400966183574
1601,9,8,0.0,0.38888888888888884
1602,11,4,0.0,0.19480519480519484
1603,18,8,0.0,0.2644444444444444
1604,5,8,0.0,0.4666666666666667
1605,3,2,0.0,0.16666666666666666
1606,12,6,0.0,0.26960784313725494
1607,3,2,0.0,0.16666666666666666
1608,4,2,0.0,0.15
1609,9,4,0.0,0.22222222222222224
1610,16,8,0.0,0.28532608695652173
1611,11,2,0.0,0.07575757575757577
1612,11,5,0.0,0.2424242424242424
1613,19,7,0.0,0.22736842105263158
1614,6,6,0.0,0.3787878787878788
1615,11,8,0.0,0.35353535353535354
1616,13,7,0.0,0.29149797570850206
1617,3,2,0.0,0.16666666666666666
1618,9,5,0.0,0.2735042735042735
1619,10,4,0.0,0.20769230769230773
1620,6,3,0.0,0.20833333333333326
1621,9,3,0.0,0.1616161616161616
1622,15,7,0.0,0.26666666666666666
1623,8,5,0.0,0.29166666666666674
1624,10,4,0.0,0.20769230769230773
1625,18,4,0.0,0.13492063492063489
1626,12,7,0.0,0.3055555555555556
1627,6,4,0.0,0.2777777777777778
1628,14,4,0.0,0.16386554621848742
1629,14,8,0.0,0.30952380952380953
1630,6,7,0.0,0.4166666666666668
1631,9,7,0.0,0.35555555555555557
1632,7,5,0.0,0.3116883116883117
1633,5,6,0.0,0.39999999999999997
1634,8,4,0.0,0.23863636363636362
1635,13,3,0.0,0.12307692307692314
1636,9,7,0.0,0.35555555555555557
1637,16,8,0.0,0.28532608695652173
1638,16,4,0.0,0.1480263157894737
1639,15,5,0.0,0.1964912280701754
1640,16,6,0.0,0.22321428571428573
1641,10,4,0.0,0.20769230769230773
1642,14,5,0.0,0.20634920634920634
1643,6,4,0.0,0.27777777777777785
1644,13,2,0.0,0.06593406593406598
1645,14,8,0.0,0.3095238095238096
1646,8,7,0.0,0.37500000000000006
1647,3,2,0.0,0.16666666666666666
1648,14,2,0.0,0.061904761904761886
1649,4,5,0.0,0.375
1650,9,8,0.0,0.38888888888888884
1651,19,5,0.0,0.16475972540045764
1652,12,4,0.0,0.18333333333333332
1653,6,3,0.0,0.20833333333333331
1654,8,2,0.0,0.09722222222222224
1655,6,2,0.0,0.11904761904761904
1656,8,7,0.0,0.37500000000000006
1657,8,5,0.0,0.29166666666666674
1658,8,4,0.0,0.23863636363636362
1659,5,7,0.0,0.4363636363636364
1660,5,7,0.0,0.4363636363636364
1661,9,6,0.0,0.31746031746031744
1662,15,7,0.0,0.26666666666666666
1663,16,8,0.0,0.28532608695652173
1664,10,2,0.0,0.08181818181818183
1665,3,3,0.0,0.2666666666666666
1666,5,7,0.0,0.4363636363636364
1667,18,7,0.0,0.23611111111111113
1668,9,8,0.0,0.38888888888888884
1669,8,7,0.0,0.37500000000000006
1670,13,2,0.0,0.06593406593406598
1671,4,4,0.0,0.3214285714285714
1672,15,3,0.0,0.10980392156862746
1673,12,8,0.0,0.337719298245614
1674,6,5,0.0,0.3333333333333333
1675,19,3,0.0,0.09022556390977443
1676,15,4,0.0,0.1555555555555556
1677,19,6,0.0,0.19736842105263155
1678,16,3,0.0,0.10416666666666669
1679,5,8,0.0,0.4666666666666667
1680,14,7,0.0,0.2785714285714286
1681,12,6,0.0,0.2696078431372549
1682,3,7,0.0,0.4444444444444445
1683,19,5,0.0,0.16475972540045764
1684,10,8,0.0,0.37058823529411766
1685,9,7,0.0,0.35555555555555557
1686,15,2,0.0,0.05833333333333333
1687,19,6,0.0,0.19736842105263155
1688,3,6,0.0,0.41666666666666663
1689,9,6,0.0,0.3174603174603174
1690,9,6,0.0,0.3174603174603174
1691,11,2,0.0,0.07575757575757579
1692,5,4,0.0,0.30000000000000004
1693,15,5,0.0,0.1964912280701754
1694,5,3,0.0,0.2285714285714286
1695,13,6,0.0,0.25641025641025644
1696,10,4,0.0,0.20769230769230773
1697,13,5,0.0,0.2171945701357466
1698,18,6,0.0,0.20531400966183572
1699,11,8,0.0,0.35353535353535354
1700,4,3,0.0,0.25000000000000006
1701,13,3,0.0,0.12307692307692311
1702,15,7,0.0,0.26666666666666666
1703,13,5,0.0,0.2171945701357466
1704,6,6,0.0,0.3787878787878788
1705,8,2,0.0,0.09722222222222224
1706,18,8,0.0,0.2644444444444444
1707,3,4,0.0,0.3333333333333333
1708,9,6,0.0,0.3174603174603174
1709,10,8,0.0,0.37058823529411766
1710,15,5,0.0,0.1964912280701754
1711,3,4,0.0,0.3333333333333333
1712,19,3,0.0,0.09022556390977443
1713,18,7,0.0,0.23611111111111113
1714,19,5,0.0,0.16475972540045764
1715,8,3,0.0,0.175
1716,16,5,0.0,0.1875
1717,17,8,0.0,0.2745098039215686
1718,5,3,0.0,0.2285714285714286
1719,5,5,0.0,0.3555555555555556
1720,8,4,0.0,0.23863636363636362
1721,12,5,0.0,0.2291666666666666
1722,17,7,0.0,0.24552429667519182
1723,12,6,0.0,0.26960784313725494
1724,17,5,0.0,0.1792717086834734
1725,11,8,0.0,0.35353535353535354
1726,18,2,0.0,0.049707602339181284
1727,4,8,0.0,0.47727272727272724
1728,6,7,0.0,0.4166666666666668
1729,8,3,0.0,0.175
1730,15,4,0.0,0.15555555555555559
1731,19,7,0.0,0.22736842105263158
1732,3,5,0.0,0.38095238095238093
1733,5,5,0.0,0.35555555555555557
1734,14,7,0.0,0.2785714285714286
1735,3,5,0.0,0.38095238095238093
1736,14,7,0.0,0.2785714285714285
1737,13,2,0.0,0.06593406593406598
1738,13,8,0.0,0.3230769230769231
1739,17,5,0.0,0.1792717086834734
1740,19,8,0.0,0.25506072874493924
1741,18,3,0.0,0.09444444444444439
1742,17,4,0.0,0.14117647058823524
1743,19,6,0.0,0.19736842105263155
1744,16,6,0.0,0.22321428571428573
1745,7,2,0.0,0.10714285714285712
1746,18,5,0.0,0.1717171717171717
1747,4,7,0.0,0.45
1748,4,4,0.0,0.3214285714285714
1749,10,3,0.0,0.15000000000000002
1750,13,6,0.0,0.2564102564102565
1751,8,7,0.0,0.37500000000000006
1752,11,4,0.0,0.19480519480519481
1753,8,8,0.0,0.4083333333333333
1754,13,5,0.0,0.2171945701357466
1755,9,3,0.0,0.1616161616161616
1756,18,5,0.0,0.1717171717171717
1757,19,2,0.0,0.04736842105263153
1758,16,5,0.0,0.1875
1759,14,6,0.0,0.2443609022556391
1760,3,8,0.0,0.4666666666666667
1761,4,4,0.0,0.3214285714285714
1762,4,3,0.0,0.25
1763,11,5,0.0,0.24242424242424243
1764,8,2,0.0,0.09722222222222224
1765,3,5,0.0,0.38095238095238093
1766,6,4,0.0,0.27777777777777785
1767,8,5,0.0,0.29166666666666674
1768,6,5,0.0,0.3333333333333333
1769,3,2,0.0,0.16666666666666666
1770,7,8,0.0,0.4285714285714285
1771,13,5,0.0,0.2171945701357466
1772,10,6,0.0,0.30000000000000004
1773,3,8,0.0,0.4666666666666667
1774,15,7,0.0,0.26666666666666666
1775,3,8,0.0,0.4666666666666667
1776,15,2,0.0,0.05833333333333333
1777,8,8,0.0,0.4083333333333333
1778,8,7,0.0,0.37500000000000006
1779,4,2,0.0,0.15
1780,5,3,0.0,0.2285714285714286
1781,6,8,0.0,0.44871794871794873
1782,10,7,0.0,0.3375
1783,11,2,0.0,0.07575757575757577
1784,15,6,0.0,0.2333333333333333
1785,9,7,0.0,0.3555555555555555
1786,17,2,0.0,0.05228758169934642
1787,18,7,0.0,0.23611111111111113
1788,11,3,0.0,0.13986013986013984
1789,12,3,0.0,0.13095238095238093
1790,10,8,0.0,0.37058823529411766
1791,4,4,0.0,0.3214285714285714
1792,5,5,0.0,0.3555555555555556
1793,13,5,0.0,0.2171945701357466
1794,6,4,0.0,0.2777777777777778
1795,10,6,0.0,0.30000000000000004
1796,19,6,0.0,0.19736842105263155
1797,7,4,0.0,0.25714285714285706
1798,15,6,0.0,0.2333333333333333
1799,14,5,0.0,0.20634920634920634
1800,19,2,0.0,0.04736842105263153
1801,11,8,0.0,0.35353535353535354
1802,6,3,0.0,0.20833333333333326
1803,5,7,0.0,0.4363636363636364
1804,19,2,0.0,0.04736842105263153
1805,5,8,0.0,0.4666666666666667
1806,14,3,0.0,0.11607142857142855
1807,6,4,0.0,0.2777777777777778
1808,15,5,0.0,0.1964912280701754
1809,4,8,0.0,0.47727272727272724
1810,8,2,0.0,0.09722222222222224
1811,5,3,0.0,0.2285714285714286
1812,19,3,0.0,0.09022556390977443
1813,9,6,0.0,0.3174603174603174
1814,13,2,0.0,0.06593406593406598
1815,5,6,0.0,0.39999999999999997
1816,6,5,0.0,0.3333333333333333
1817,18,8,0.0,0.2644444444444444
1818,9,3,0.0,0.1616161616161616
1819,6,6,0.0,0.3787878787878788
1820,14,5,0.0,0.20634920634920634
1821,12,7,0.0,0.3055555555555556
1822,4,8,0.0,0.47727272727272724
1823,17,5,0.0,0.1792717086834734
1824,12,4,0.0,0.18333333333333332
1825,16,7,0.0,0.2556818181818181
1826,7,4,0.0,0.25714285714285706
1827,15,2,0.0,0.05833333333333333
1828,17,2,0.0,0.05228758169934642
1829,9,8,0.0,0.38888888888888884
1830,6,4,0.0,0.2777777777777778
1831,10,4,0.0,0.2076923076923077
1832,16,2,0.0,0.05514705882352942
1833,17,3,0.0,0.09907120743034056
1834,17,2,0.0,0.05228758169934642
1835,17,7,0.0,0.24552429667519182
1836,7,3,0.0,0.19047619047619047
1837,13,6,0.0,0.2564102564102565
1838,7,8,0.0,0.4285714285714285
1839,3,5,0.0,0.38095238095238093
1840,16,5,0.0,0.1875
1841,12,6,0.0,0.26960784313725494
1842,5,5,0.0,0.3555555555555556
1843,7,8,0.0,0.4285714285714285
1844,19,4,0.0,0.12918660287081335
1845,4,5,0.0,0.375
1846,16,3,0.0,0.10416666666666669
1847,16,4,0.0,0.1480263157894737
1848,8,4,0.0,0.23863636363636362
1849,18,6,0.0,0.20531400966183572
1850,14,2,0.0,0.061904761904761886
1851,4,7,0.0,0.45
1852,8,2,0.0,0.09722222222222224
1853,18,2,0.0,0.049707602339181284
1854,11,4,0.0,0.19480519480519484
1855,10,8,0.0,0.37058823529411766
1856,9,8,0.0,0.38888888888888884
1857,5,5,0.0,0.3555555555555556
1858,11,4,0.0,0.19480519480519481
1859,14,3,0.0,0.11607142857142855
1860,8,8,0.0,0.4083333333333333
1861,8,8,0.0,0.4083333333333333
1862,7,8,0.0,0.4285714285714285
1863,14,8,0.0,0.3095238095238096
1864,7,3,0.0,0.19047619047619047
1865,6,3,0.0,0.20833333333333326
1866,11,5,0.0,0.24242424242424243
1867,6,7,0.0,0.41666666666666674
1868,3,5,0.0,0.38095238095238093
1869,9,2,0.0,0.08888888888888885
1870,5,7,0.0,0.4363636363636364
1871,11,7,0.0,0.32085561497326204
1872,5,3,0.0,0.2285714285714286
1873,11,6,0.0,0.2840909090909091
1874,14,8,0.0,0.3095238095238096
1875,17,2,0.0,0.05228758169934642
1876,11,3,0.0,0.13986013986013984
1877,15,4,0.0,0.1555555555555556
1878,9,2,0.0,0.08888888888888885
1879,15,6,0.0,0.2333333333333333
1880,19,5,0.0,0.16475972540045764
1881,11,6,0.0,0.2840909090909091
1882,16,8,0.0,0.28532608695652173
1883,19,8,0.0,0.25506072874493924
1884,19,4,0.0,0.12918660287081335
1885,19,7,0.0,0.22736842105263158
1886,18,8,0.0,0.2644444444444444
1887,17,7,0.0,0.24552429667519182
1888,8,5,0.0,0.29166666666666674
1889,7,8,0.0,0.4285714285714285
1890,4,3,0.0,0.25000000000000006
1891,3,3,0.0,0.2666666666666666
1892,19,8,0.0,0.25506072874493924
1893,16,4,0.0,0.1480263157894737
1894,15,4,0.0,0.1555555555555556
1895,4,7,0.0,0.45
1896,16,7,0.0,0.2556818181818181
1897,15,4,0.0,0.1555555555555556
1898,8,2,0.0,0.09722222222222224
1899,4,4,0.0,0.3214285714285714
1900,13,2,0.0,0.06593406593406598
1901,16,5,0.0,0.1875
1902,8,8,0.0,0.4083333333333333
1903,6,7,0.0,0.4166666666666668
1904,11,2,0.0,0.07575757575757577
1905,5,2,0.0,0.13333333333333336
1906,17,4,0.0,0.14117647058823524
1907,11,7,0.0,0.32085561497326204
1908,16,8,0.0,0.28532608695652173
1909,7,3,0.0,0.19047619047619047
1910,4,8,0.0,0.4772727272727273
1911,9,7,0.0,0.35555555555555557
1912,9,4,0.0,0.2222222222222222
1913,8,2,0.0,0.09722222222222224
1914,8,4,0.0,0.23863636363636362
1915,9,7,0.0,0.35555555555555557
1916,8,6,0.0,0.33653846153846156
1917,16,4,0.0,0.1480263157894737
1918,4,2,0.0,0.15
1919,17,6,0.0,0.213903743315508
1920,7,4,0.0,0.25714285714285706
1921,7,7,0.0,0.39560439560439553
1922,16,7,0.0,0.2556818181818181
1923,17,5,0.0,0.1792717086834734
1924,14,6,0.0,0.24436090225563917
1925,18,7,0.0,0.23611111111111113
1926,11,6,0.0,0.2840909090909091
1927,15,6,0.0,0.2333333333333333
1928,18,5,0.0,0.1717171717171717
1929,7,4,0.0,0.25714285714285706
1930,8,7,0.0,0.37500000000000006
1931,9,4,0.0,0.22222222222222224
1932,9,3,0.0,0.1616161616161616
1933,3,3,0.0,0.2666666666666666
1934,17,3,0.0,0.09907120743034056
1935,12,7,0.0,0.3055555555555556
1936,3,8,0.0,0.4666666666666667
1937,4,8,0.0,0.4772727272727273
1938,15,2,0.0,0.05833333333333333
1939,16,4,0.0,0.1480263157894737
1940,13,4,0.0,0.1730769230769231
1941,16,4,0.0,0.1480263157894737
1942,11,8,0.0,0.35353535353535354
1943,17,6,0.0,0.213903743315508
1944,6,2,0.0,0.11904761904761904
1945,12,2,0.0,0.07051282051282046
1946,10,8,0.0,0.37058823529411766
1947,5,4,0.0,0.30000000000000004
1948,4,8,0.0,0.47727272727272724
1949,4,3,0.0,0.25
1950,7,8,0.0,0.4285714285714285
1951,4,5,0.0,0.375
1952,12,6,0.0,0.26960784313725494
1953,10,6,0.0,0.30000000000000004
1954,3,6,0.0,0.41666666666666663
1955,3,6,0.0,0.41666666666666663
1956,19,4,0.0,0.12918660287081335
1957,10,2,0.0,0.08181818181818183
1958,3,7,0.0,0.4444444444444445
1959,4,6,0.0,0.41666666666666663
1960,17,7,0.0,0.24552429667519182
1961,12,7,0.0,0.3055555555555556
1962,6,5,0.0,0.3333333333333333
1963,6,6,0.0,0.3787878787878787
1964,12,6,0.0,0.2696078431372549
1965,13,6,0.0,0.25641025641025644
1966,16,5,0.0,0.1875
1967,4,5,0.0,0.375
1968,15,7,0.0,0.26666666666666666
1969,13,8,0.0,0.3230769230769231
1970,10,2,0.0,0.08181818181818183
1971,8,6,0.0,0.33653846153846156
1972,5,2,0.0,0.13333333333333336
1973,12,8,0.0,0.337719298245614
1974,16,5,0.0,0.1875
1975,6,6,0.0,0.3787878787878787
1976,19,7,0.0,0.22736842105263158
1977,9,5,0.0,0.2735042735042735
1978,15,8,0.0,0.29696969696969705
1979,11,2,0.0,0.07575757575757577
1980,10,7,0.0,0.3375
1981,12,8,0.0,0.337719298245614
1982,3,6,0.0,0.41666666666666663
1983,12,4,0.0,0.18333333333333332
1984,17,7,0.0,0.24552429667519182
1985,9,4,0.0,0.22222222222222224
1986,18,4,0.0,0.13492063492063489
1987,8,6,0.0,0.33653846153846156
1988,9,7,0.0,0.35555555555555557
1989,7,4,0.0,0.25714285714285706
1990,15,3,0.0,0.10980392156862746
1991,19,6,0.0,0.19736842105263155
1992,19,8,0.0,0.25506072874493924
1993,3,7,0.0,0.4444444444444445
1994,5,2,0.0,0.13333333333333336
1995,15,8,0.0,0.29696969696969705
1996,18,5,0.0,0.17171717171717168
1997,12,4,0.0,0.18333333333333332
1998,6,5,0.0,0.3333333333333333
1999,12,5,0.0,0.22916666666666663
2000,3,6,0.0,0.41666666666666663
2001,8,2,0.0,0.09722222222222224
2002,14,5,0.0,0.20634920634920634
2003,18,7,0.0,0.23611111111111113
2004,10,4,0.0,0.20769230769230773
2005,3,8,0.0,0.4666666666666667
2006,4,6,0.0,0.41666666666666663
2007,5,7,0.0,0.4363636363636364
2008,13,5,0.0,0.2171945701357466
2009,17,3,0.0,0.09907120743034056
2010,10,5,0.0,0.2571428571428572
2011,9,2,0.0,0.08888888888888885
2012,12,3,0.0,0.13095238095238096
2013,14,4,0.0,0.16386554621848742
2014,12,4,0.0,0.18333333333333332
2015,11,3,0.0,0.13986013986013984
2016,9,8,0.0,0.38888888888888884
2017,13,8,0.0,0.3230769230769231
2018,6,6,0.0,0.3787878787878787
2019,13,7,0.0,0.29149797570850206
2020,14,5,0.0,0.20634920634920634
2021,8,7,0.0,0.37500000000000006
2022,12,2,0.0,0.07051282051282047
2023,8,4,0.0,0.23863636363636362
2024,9,7,0.0,0.35555555555555557
2025,7,8,0.0,0.4285714285714285
2026,10,2,0.0,0.08181818181818183
2027,18,2,0.0,0.049707602339181284
2028,12,3,0.0,0.13095238095238096
2029,12,3,0.0,0.13095238095238096
2030,5,4,0.0,0.30000000000000004
2031,12,3,0.0,0.13095238095238096
2032,3,2,0.0,0.16666666666666666
2033,8,7,0.0,0.37500000000000006
2034,7,7,0.0,0.39560439560439553
2035,19,2,0.0,0.04736842105263153
2036,11,7,0.0,0.32085561497326204
2037,6,6,0.0,0.3787878787878787
2038,17,7,0.0,0.24552429667519182
2039,5,7,0.0,0.4363636363636364
2040,14,8,0.0,0.3095238095238096
2041,17,7,0.0,0.24552429667519182
2042,5,5,0.0,0.3555555555555556
2043,15,7,0.0,0.26666666666666666
2044,17,2,0.0,0.05228758169934642
2045,5,8,0.0,0.4666666666666667
2046,7,8,0.0,0.4285714285714285
2047,7,3,0.0,0.19047619047619047
2048,12,5,0.0,0.22916666666666663
2049,10,7,0.0,0.3375
2050,19,3,0.0,0.09022556390977443
2051,8,6,0.0,0.33653846153846156
2052,16,7,0.0,0.2556818181818181
2053,16,7,0.0,0.2556818181818181
2054,9,4,0.0,0.22222222222222224
2055,8,7,0.0,0.37500000000000006
2056,18,6,0.0,0.20531400966183572
2057,7,3,0.0,0.19047619047619047
2058,7,2,0.0,0.10714285714285712
2059,19,7,0.0,0.22736842105263158
2060,17,5,0.0,0.1792717086834734
2061,12,6,0.0,0.26960784313725494
2062,19,6,0.0,0.19736842105263155
2063,11,6,0.0,0.2840909090909091
2064,8,4,0.0,0.23863636363636362
2065,3,3,0.0,0.2666666666666666
2066,5,6,0.0,0.39999999999999997
2067,18,5,0.0,0.1717171717171717
2068,5,2,0.0,0.13333333333333336
2069,17,2,0.0,0.05228758169934642
2070,16,5,0.0,0.1875
2071,18,4,0.0,0.13492063492063489
2072,4,6,0.0,0.41666666666666663
2073,14,5,0.0,0.20634920634920637
2074,18,5,0.0,0.1717171717171717
2075,3,5,0.0,0.38095238095238093
2076,3,8,0.0,0.4666666666666667
2077,13,2,0.0,0.06593406593406598
2078,12,2,0.0,0.07051282051282046
2079,3,6,0.0,0.41666666666666663
2080,18,7,0.0,0.23611111111111113
2081,18,8,0.0,0.2644444444444444
2082,15,2,0.0,0.05833333333333333
2083,3,2,0.0,0.16666666666666666
2084,4,4,0.0,0.3214285714285714
2085,10,4,0.0,0.20769230769230773
2086,13,4,0.0,0.1730769230769231
2087,18,3,0.0,0.09444444444444439
2088,4,7,0.0,0.44999999999999996
2089,12,5,0.0,0.2291666666666666
2090,12,2,0.0,0.07051282051282046
2091,17,5,0.0,0.1792717086834734
2092,6,3,0.0,0.20833333333333331
2093,9,6,0.0,0.3174603174603174
2094,19,7,0.0,0.22736842105263158
2095,10,3,0.0,0.15000000000000002
2096,7,8,0.0,0.4285714285714285
2097,18,2,0.0,0.049707602339181284
2098,11,5,0.0,0.24242424242424243
2099,11,3,0.0,0.13986013986013984
2100,6,6,0.0,0.3787878787878787
2101,3,7,0.0,0.4444444444444445
2102,12,4,0.0,0.18333333333333332
2103,5,8,0.0,0.4666666666666667
2104,5,3,0.0,0.2285714285714286
2105,5,2,0.0,0.13333333333333336
2106,3,4,0.0,0.3333333333333333
2107,15,2,0.0,0.05833333333333333
2108,9,7,0.0,0.35555555555555557
2109,5,8,0.0,0.4666666666666667
2110,5,3,0.0,0.2285714285714286
2111,18,2,0.0,0.049707602339181284
2112,18,5,0.0,0.1717171717171717
2113,15,3,0.0,0.10980392156862746
2114,17,4,0.0,0.14117647058823524
2115,9,7,0.0,0.35555555555555557
2116,8,2,0.0,0.09722222222222224
2117,17,6,0.0,0.213903743315508
2118,4,6,0.0,0.41666666666666663
2119,11,5,0.0,0.24242424242424243
2120,17,6,0.0,0.213903743315508
2121,13,4,0.0,0.1730769230769231
2122,5,8,0.0,0.4666666666666667
2123,16,3,0.0,0.10416666666666669
2124,19,2,0.0,0.04736842105263153
2125,10,4,0.0,0.20769230769230773
2126,13,5,0.0,0.2171945701357466
2127,12,5,0.0,0.2291666666666666
2128,19,3,0.0,0.09022556390977443
2129,19,5,0.0,0.16475972540045764
2130,16,2,0.0,0.05514705882352942
2131,17,4,0.0,0.14117647058823524
2132,8,4,0.0,0.23863636363636362
2133,18,7,0.0,0.2361111111111111
2134,9,5,0.0,0.2735042735042735
2135,13,4,0.0,0.1730769230769231
2136,18,6,0.0,0.20531400966183572
2137,4,4,0.0,0.3214285714285714
2138,4,8,0.0,0.47727272727272724
2139,19,5,0.0,0.16475972540045764
2140,4,4,0.0,0.3214285714285714
2141,16,5,0.0,0.1875
2142,19,3,0.0,0.09022556390977443
2143,11,3,0.0,0.13986013986013984
2144,19,8,0.0,0.25506072874493924
2145,9,7,0.0,0.35555555555555557
2146,19,4,0.0,0.12918660287081335
2147,14,4,0.0,0.16386554621848742
2148,4,6,0.0,0.41666666666666663
2149,4,2,0.0,0.15
2150,17,8,0.0,0.2745098039215686
2151,4,7,0.0,0.45
2152,10,3,0.0,0.15000000000000005
2153,14,7,0.0,0.2785714285714286
2154,14,7,0.0,0.2785714285714286
2155,6,6,0.0,0.3787878787878787
2156,18,7,0.0,0.23611111111111113
2157,13,7,0.0,0.29149797570850206
2158,11,6,0.0,0.2840909090909091
2159,4,2,0.0,0.15
2160,17,6,0.0,0.213903743315508
2161,4,5,0.0,0.375
2162,15,4,0.0,0.1555555555555556
2163,4,3,0.0,0.25
2164,10,7,0.0,0.3375
2165,18,6,0.0,0.20531400966183572
2166,11,6,0.0,0.2840909090909091
2167,17,4,0.0,0.14117647058823524
2168,4,5,0.0,0.375
2169,4,8,0.0,0.47727272727272724
2170,6,6,0.0,0.3787878787878787
2171,5,8,0.0,0.4666666666666667
2172,18,3,0.0,0.09444444444444439
2173,11,3,0.0,0.13986013986013984
2174,19,5,0.0,0.16475972540045764
2175,17,5,0.0,0.1792717086834734
2176,11,7,0.0,0.32085561497326204
2177,14,5,0.0,0.20634920634920634
2178,3,7,0.0,0.4444444444444444
2179,18,6,0.0,0.20531400966183572
2180,6,3,0.0,0.20833333333333326
2181,9,7,0.0,0.35555555555555557
2182,9,5,0.0,0.2735042735042735
2183,3,5,0.0,0.38095238095238093
2184,19,5,0.0,0.16475972540045764
2185,12,2,0.0,0.07051282051282047
2186,5,7,0.0,0.4363636363636364
2187,9,7,0.0,0.35555555555555557
2188,18,2,0.0,0.049707602339181284
2189,13,7,0.0,0.29149797570850206
2190,17,3,0.0,0.09907120743034056
2191,13,8,0.0,0.32307692307692315
2192,3,6,0.0,0.41666666666666663
2193,14,6,0.0,0.24436090225563917
2194,19,5,0.0,0.16475972540045764
2195,14,7,0.0,0.2785714285714285
2196,14,5,0.0,0.20634920634920634
2197,11,2,0.0,0.07575757575757577
2198,5,8,0.0,0.4666666666666667
2199,9,2,0.0,0.08888888888888885
2200,17,5,0.0,0.1792717086834734
2201,15,4,0.0,0.1555555555555556
2202,12,3,0.0,0.13095238095238096
2203,15,3,0.0,0.10980392156862745
2204,13,8,0.0,0.3230769230769231
2205,17,3,0.0,0.09907120743034056
2206,9,3,0.0,0.1616161616161616
2207,8,5,0.0,0.29166666666666674
2208,16,2,0.0,0.05514705882352942
2209,9,5,0.0,0.2735042735042735
2210,8,2,0.0,0.09722222222222224
2211,8,6,0.0,0.33653846153846156
2212,19,3,0.0,0.09022556390977443
2213,7,6,0.0,0.35714285714285715
2214,3,3,0.0,0.2666666666666666
2215,4,4,0.0,0.3214285714285714
2216,19,4,0.0,0.12918660287081335
2217,10,2,0.0,0.08181818181818183
2218,18,6,0.0,0.20531400966183572
2219,13,2,0.0,0.06593406593406598
2220,12,3,0.0,0.13095238095238096
2221,3,7,0.0,0.4444444444444444
2222,9,3,0.0,0.1616161616161616
2223,7,4,0.0,0.2571428571428571
2224,6,2,0.0,0.11904761904761904
2225,15,8,0.0,0.29696969696969705
2226,5,2,0.0,0.13333333333333336
2227,4,8,0.0,0.4772727272727273
2228,17,4,0.0,0.14117647058823524
2229,4,3,0.0,0.25000000000000006
2230,4,4,0.0,0.3214285714285714
2231,7,3,0.0,0.19047619047619047
2232,7,2,0.0,0.10714285714285712
2233,12,4,0.0,0.18333333333333332
2234,12,5,0.0,0.2291666666666666
2235,15,4,0.0,0.15555555555555559
2236,7,6,0.0,0.35714285714285715
2237,11,8,0.0,0.35353535353535354
2238,4,2,0.0,0.15
2239,3,7,0.0,0.4444444444444444
2240,16,3,0.0,0.10416666666666669
2241,14,8,0.0,0.3095238095238096
2242,13,4,0.0,0.1730769230769231
2243,10,3,0.0,0.15000000000000002
2244,19,6,0.0,0.19736842105263155
2245,18,2,0.0,0.049707602339181284
2246,3,4,0.0,0.3333333333333333
2247,7,2,0.0,0.10714285714285712
2248,17,3,0.0,0.09907120743034056
2249,7,6,0.0,0.35714285714285715
2250,7,7,0.0,0.39560439560439553
2251,7,7,0.0,0.39560439560439553
2252,17,8,0.0,0.2745098039215686
2253,14,7,0.0,0.2785714285714286
2254,4,6,0.0,0.41666666666666663
2255,14,4,0.0,0.16386554621848742
2256,16,2,0.0,0.05514705882352942
2257,14,3,0.0,0.11607142857142855
2258,15,8,0.0,0.29696969696969705
2259,13,4,0.0,0.1730769230769231
2260,5,8,0.0,0.4666666666666667
2261,7,7,0.0,0.39560439560439553
2262,3,5,0.0,0.38095238095238093
2263,17,3,0.0,0.09907120743034056
2264,5,5,0.0,0.3555555555555556
2265,13,8,0.0,0.3230769230769231
2266,6,3,0.0,0.20833333333333331
2267,5,6,0.0,0.39999999999999997
2268,17,8,0.0,0.2745098039215686
2269,4,8,0.0,0.47727272727272724
2270,3,8,0.0,0.4666666666666667
2271,14,7,0.0,0.2785714285714285
2272,19,5,0.0,0.16475972540045764
2273,11,5,0.0,0.24242424242424243
2274,3,6,0.0,0.41666666666666663
2275,7,6,0.0,0.35714285714285715
2276,3,2,0.0,0.16666666666666666
2277,3,7,0.0,0.4444444444444445
2278,7,6,0.0,0.35714285714285715
2279,6,2,0.0,0.11904761904761904
2280,12,2,0.0,0.07051282051282046
2281,7,6,0.0,0.35714285714285715
2282,13,3,0.0,0.12307692307692314
2283,3,6,0.0,0.41666666666666663
2284,5,7,0.0,0.4363636363636364
2285,4,3,0.0,0.25
2286,13,4,0.0,0.1730769230769231
2287,3,3,0.0,0.2666666666666666
2288,5,6,0.0,0.4
2289,13,6,0.0,0.25641025641025644
2290,11,7,0.0,0.32085561497326204
2291,7,4,0.0,0.2571428571428571
2292,5,6,0.0,0.39999999999999997
2293,18,7,0.0,0.23611111111111113
2294,10,2,0.0,0.08181818181818183
2295,11,4,0.0,0.19480519480519484
2296,3,5,0.0,0.38095238095238093
2297,18,8,0.0,0.2644444444444444
2298,17,4,0.0,0.14117647058823524
2299,14,8,0.0,0.3095238095238096
2300,3,3,0.0,0.2666666666666666
2301,9,3,0.0,0.1616161616161616
2302,8,5,0.0,0.29166666666666674
2303,16,4,0.0,0.1480263157894737
2304,13,4,0.0,0.1730769230769231
2305,15,8,0.0,0.29696969696969705
2306,17,6,0.0,0.213903743315508
2307,16,4,0.0,0.1480263157894737
2308,3,8,0.0,0.4666666666666667
2309,15,3,0.0,0.10980392156862746
2310,5,3,0.0,0.2285714285714286
2311,15,6,0.0,0.2333333333333333
2312,13,6,0.0,0.2564102564102565
2313,7,2,0.0,0.10714285714285712
2314,3,6,0.0,0.41666666666666663
2315,19,6,0.0,0.19736842105263155
2316,13,2,0.0,0.06593406593406598
2317,15,6,0.0,0.2333333333333333
2318,14,2,0.0,0.061904761904761886
2319,3,8,0.0,0.4666666666666667
2320,5,3,0.0,0.2285714285714286
2321,19,5,0.0,0.16475972540045764
2322,10,2,0.0,0.08181818181818183
2323,15,5,0.0,0.1964912280701754
2324,4,3,0.0,0.25000000000000006
2325,7,4,0.0,0.25714285714285706
2326,10,8,0.0,0.37058823529411766
2327,19,3,0.0,0.09022556390977443
2328,11,6,0.0,0.2840909090909091
2329,15,3,0.0,0.10980392156862746
2330,4,6,0.0,0.41666666666666663
2331,12,6,0.0,0.2696078431372549
2332,19,6,0.0,0.19736842105263155
2333,5,8,0.0,0.4666666666666667
2334,11,7,0.0,0.32085561497326204
2335,11,6,0.0,0.2840909090909091
2336,12,4,0.0,0.18333333333333332
2337,4,5,0.0,0.375
2338,16,4,0.0,0.1480263157894737
2339,5,5,0.0,0.3555555555555556
2340,11,4,0.0,0.19480519480519484
2341,8,5,0.0,0.29166666666666674
2342,14,5,0.0,0.20634920634920634
2343,6,5,0.0,0.3333333333333333
2344,10,3,0.0,0.15000000000000005
2345,5,7,0.0,0.4363636363636364
2346,6,5,0.0,0.3333333333333333
2347,15,8,0.0,0.29696969696969705
2348,14,3,0.0,0.11607142857142855
2349,12,7,0.0,0.3055555555555556
2350,6,7,0.0,0.41666666666666674
2351,16,4,0.0,0.1480263157894737
2352,12,6,0.0,0.26960784313725494
2353,7,8,0.0,0.4285714285714285
2354,18,3,0.0,0.09444444444444439
2355,15,6,0.0,0.2333333333333333
2356,14,4,0.0,0.1638655462184874
2357,12,5,0.0,0.2291666666666666
2358,8,6,0.0,0.33653846153846156
2359,8,6,0.0,0.33653846153846156
2360,17,2,0.0,0.05228758169934642
2361,17,7,0.0,0.24552429667519182
2362,10,4,0.0,0.2076923076923077
2363,12,8,0.0,0.337719298245614
2364,14,8,0.0,0.30952380952380953
2365,9,7,0.0,0.3555555555555555
2366,8,2,0.0,0.09722222222222224
2367,5,4,0.0,0.30000000000000004
2368,11,7,0.0,0.32085561497326204
2369,14,5,0.0,0.20634920634920637
2370,11,7,0.0,0.32085561497326204
2371,16,8,0.0,0.28532608695652173
2372,5,4,0.0,0.30000000000000004
2373,8,4,0.0,0.23863636363636362
2374,6,7,0.0,0.4166666666666668
2375,14,5,0.0,0.20634920634920634
2376,7,3,0.0,0.19047619047619047
2377,16,2,0.0,0.05514705882352942
2378,11,6,0.0,0.2840909090909091
2379,18,5,0.0,0.1717171717171717
2380,8,5,0.0,0.29166666666666674
2381,3,4,0.0,0.3333333333333333
2382,16,7,0.0,0.2556818181818181
2383,6,8,0.0,0.44871794871794873
2384,6,4,0.0,0.27777777777777785
2385,17,5,0.0,0.1792717086834734
2386,19,3,0.0,0.09022556390977443
2387,5,4,0.0,0.30000000000000004
2388,8,2,0.0,0.09722222222222224
2389,13,3,0.0,0.12307692307692314
2390,16,5,0.0,0.1875
2391,13,2,0.0,0.06593406593406598
2392,15,8,0.0,0.296969696969697
2393,10,8,0.0,0.37058823529411766
2394,7,8,0.0,0.4285714285714285
2395,6,2,0.0,0.11904761904761904
2396,4,8,0.0,0.47727272727272724
2397,5,5,0.0,0.3555555555555556
2398,8,3,0.0,0.175
2399,19,5,0.0,0.16475972540045764
2400,9,6,0.0,0.3174603174603174
2401,11,8,0.0,0.35353535353535354
2402,13,6,0.0,0.2564102564102565
2403,6,2,0.0,0.11904761904761904
2404,12,5,0.0,0.2291666666666666
2405,18,5,0.0,0.1717171717171717
2406,11,7,0.0,0.32085561497326204
2407,18,4,0.0,0.13492063492063489
2408,15,3,0.0,0.10980392156862745
2409,11,3,0.0,0.13986013986013984
2410,7,4,0.0,0.25714285714285706
2411,14,3,0.0,0.11607142857142855
2412,14,8,0.0,0.3095238095238096
2413,4,7,0.0,0.44999999999999996
2414,10,7,0.0,0.3375
2415,14,4,0.0,0.16386554621848742
2416,13,3,0.0,0.12307692307692314
2417,10,3,0.0,0.15000000000000002
2418,9,7,0.0,0.35555555555555557
2419,13,3,0.0,0.12307692307692314
2420,8,4,0.0,0.23863636363636362
2421,12,8,0.0,0.337719298245614
2422,4,6,0.0,0.41666666666666663
2423,8,4,0.0,0.23863636363636362
2424,18,7,0.0,0.23611111111111113
2425,10,4,0.0,0.20769230769230773
2426,15,7,0.0,0.26666666666666666
2427,9,5,0.0,0.2735042735042735
2428,4,3,0.0,0.25000000000000006
2429,19,6,0.0,0.19736842105263155
2430,7,4,0.0,0.25714285714285706
2431,13,5,0.0,0.2171945701357466
2432,17,6,0.0,0.213903743315508
2433,16,7,0.0,0.2556818181818181
2434,15,7,0.0,0.26666666666666666
2435,3,4,0.0,0.3333333333333333
2436,9,4,0.0,0.22222222222222224
2437,6,8,0.0,0.44871794871794873
2438,19,8,0.0,0.25506072874493924
2439,4,2,0.0,0.15
2440,5,8,0.0,0.4666666666666667
2441,19,2,0.0,0.04736842105263153
2442,15,8,0.0,0.29696969696969705
2443,3,5,0.0,0.38095238095238093
2444,10,8,0.0,0.37058823529411766
2445,4,6,0.0,0.41666666666666663
2446,15,2,0.0,0.05833333333333333
2447,5,3,0.0,0.2285714285714286
2448,16,8,0.0,0.28532608695652173
2449,19,4,0.0,0.12918660287081335
2450,19,5,0.0,0.16475972540045764
2451,9,8,0.0,0.38888888888888884
2452,17,5,0.0,0.1792717086834734
2453,14,8,0.0,0.3095238095238096
2454,15,8,0.0,0.29696969696969705
2455,3,7,0.0,0.4444444444444444
2456,15,2,0.0,0.05833333333333333
2457,16,4,0.0,0.1480263157894737
2458,19,8,0.0,0.25506072874493924
2459,13,5,0.0,0.2171945701357466
2460,5,3,0.0,0.2285714285714286
2461,14,3,0.0,0.11607142857142855
2462,7,3,0.0,0.19047619047619047
2463,8,3,0.0,0.175
2464,5,5,0.0,0.3555555555555556
2465,13,8,0.0,0.3230769230769231
2466,9,6,0.0,0.3174603174603174
2467,19,3,0.0,0.09022556390977443
2468,8,4,0.0,0.23863636363636362
2469,4,4,0.0,0.3214285714285714
2470,13,3,0.0,0.12307692307692314
2471,16,5,0.0,0.1875
2472,6,4,0.0,0.2777777777777778
2473,6,7,0.0,0.4166666666666668
2474,15,6,0.0,0.2333333333333333
2475,19,8,0.0,0.25506072874493924
2476,8,8,0.0,0.4083333333333333
2477,5,6,0.0,0.39999999999999997
2478,8,8,0.0,0.4083333333333333
2479,7,5,0.0,0.3116883116883117
2480,13,2,0.0,0.06593406593406598
2481,19,4,0.0,0.12918660287081335
2482,14,6,0.0,0.24436090225563917
2483,8,7,0.0,0.37500000000000006
2484,6,4,0.0,0.2777777777777778
2485,10,6,0.0,0.30000000000000004
2486,12,8,0.0,0.337719298245614
2487,3,2,0.0,0.16666666666666666
2488,12,5,0.0,0.22916666666666663
2489,6,8,0.0,0.4487179487179488
2490,17,5,0.0,0.1792717086834734
2491,17,8,0.0,0.2745098039215686
2492,5,5,0.0,0.3555555555555556
2493,16,2,0.0,0.05514705882352942
2494,5,6,0.0,0.39999999999999997
2495,14,6,0.0,0.2443609022556391
2496,11,3,0.0,0.13986013986013984
2497,17,3,0.0,0.09907120743034056
2498,8,3,0.0,0.175
2499,12,5,0.0,0.22916666666666663
2500,5,2,0.0,0.13333333333333336
2501,4,4,0.0,0.3214285714285714
2502,12,8,0.0,0.337719298245614
2503,19,3,0.0,0.09022556390977443
2504,11,4,0.0,0.19480519480519481
2505,8,4,0.0,0.23863636363636362
2506,4,7,0.0,0.45
2507,12,7,0.0,0.3055555555555556
2508,5,5,0.0,0.3555555555555556
2509,16,2,0.0,0.05514705882352942
2510,16,4,0.0,0.1480263157894737
2511,15,2,0.0,0.05833333333333333
2512,14,8,0.0,0.3095238095238096
2513,9,8,0.0,0.38888888888888884
2514,9,2,0.0,0.08888888888888885
2515,19,3,0.0,0.09022556390977443
2516,5,8,0.0,0.4666666666666667
2517,14,6,0.0,0.2443609022556391
2518,6,3,0.0,0.20833333333333326
2519,16,4,0.0,0.1480263157894737
2520,15,7,0.0,0.26666666666666666
2521,19,2,0.0,0.04736842105263153
2522,3,2,0.0,0.16666666666666666
2523,4,2,0.0,0.15
2524,12,7,0.0,0.3055555555555556
2525,11,2,0.0,0.07575757575757577
2526,5,8,0.0,0.4666666666666667
2527,18,8,0.0,0.2644444444444444
2528,18,5,0.0,0.1717171717171717
2529,10,5,0.0,0.2571428571428572
2530,6,6,0.0,0.3787878787878788
2531,5,5,0.0,0.3555555555555556
2532,11,6,0.0,0.2840909090909091
2533,19,3,0.0,0.09022556390977443
2534,7,8,0.0,0.4285714285714285
2535,5,2,0.0,0.13333333333333336
2536,3,8,0.0,0.4666666666666667
2537,3,8,0.0,0.4666666666666667
2538,10,3,0.0,0.15000000000000002
2539,16,2,0.0,0.05514705882352942
2540,14,6,0.0,0.24436090225563917
2541,7,2,0.0,0.10714285714285712
2542,9,5,0.0,0.2735042735042735
2543,14,5,0.0,0.20634920634920637
2544,17,7,0.0,0.24552429667519182
2545,14,3,0.0,0.11607142857142855
2546,5,6,0.0,0.39999999999999997
2547,12,8,0.0,0.337719298245614
2548,11,8,0.0,0.35353535353535354
2549,12,7,0.0,0.3055555555555556
2550,3,7,0.0,0.4444444444444445
2551,15,6,0.0,0.2333333333333333
2552,17,2,0.0,0.05228758169934642
2553,13,5,0.0,0.2171945701357466
2554,3,7,0.0,0.4444444444444445
2555,17,6,0.0,0.213903743315508
2556,3,5,0.0,0.38095238095238093
2557,12,5,0.0,0.22916666666666663
2558,3,7,0.0,0.4444444444444445
2559,5,3,0.0,0.2285714285714286
2560,7,4,0.0,0.2571428571428571
2561,7,5,0.0,0.3116883116883117
2562,3,8,0.0,0.4666666666666667
2563,18,2,0.0,0.049707602339181284
2564,17,5,0.0,0.1792717086834734
2565,11,7,0.0,0.32085561497326204
2566,13,3,0.0,0.12307692307692314
2567,11,6,0.0,0.2840909090909091
2568,14,8,0.0,0.3095238095238096
2569,6,3,0.0,0.20833333333333326
2570,13,6,0.0,0.25641025641025644
2571,14,2,0.0,0.061904761904761886
2572,6,6,0.0,0.3787878787878787
2573,19,2,0.0,0.04736842105263153
2574,16,3,0.0,0.10416666666666669
2575,10,4,0.0,0.20769230769230773
2576,8,7,0.0,0.37500000000000006
2577,15,8,0.0,0.29696969696969705
2578,4,4,0.0,0.3214285714285714
2579,18,3,0.0,0.09444444444444439
2580,7,6,0.0,0.35714285714285715
2581,19,2,0.0,0.04736842105263153
2582,8,3,0.0,0.175
2583,6,7,0.0,0.41666666666666674
2584,10,5,0.0,0.2571428571428572
2585,8,6,0.0,0.33653846153846156
2586,3,4,0.0,0.3333333333333333
2587,13,8,0.0,0.3230769230769231
2588,11,4,0.0,0.19480519480519484
2589,16,5,0.0,0.1875
2590,18,7,0.0,0.23611111111111113
2591,7,5,0.0,0.3116883116883117
2592,11,8,0.0,0.35353535353535354
2593,6,5,0.0,0.3333333333333333
2594,11,5,0.0,0.2424242424242424
2595,7,5,0.0,0.3116883116883117
2596,13,2,0.0,0.06593406593406598
2597,12,8,0.0,0.337719298245614
2598,18,3,0.0,0.09444444444444439
2599,12,2,0.0,0.07051282051282046
2600,13,7,0.0,0.29149797570850206
2601,11,7,0.0,0.32085561497326204
2602,17,2,0.0,0.05228758169934642
2603,10,2,0.0,0.08181818181818183
2604,17,2,0.0,0.05228758169934642
2605,12,3,0.0,0.13095238095238096
2606,10,5,0.0,0.2571428571428572
2607,9,2,0.0,0.08888888888888885
2608,8,4,0.0,0.23863636363636362
2609,7,8,0.0,0.4285714285714285
2610,9,3,0.0,0.1616161616161616
2611,9,7,0.0,0.35555555555555557
2612,19,8,0.0,0.25506072874493924
2613,3,6,0.0,0.41666666666666663
2614,13,7,0.0,0.29149797570850206
2615,14,3,0.0,0.11607142857142855
2616,17,2,0.0,0.05228758169934642
2617,19,6,0.0,0.19736842105263155
2618,11,3,0.0,0.13986013986013984
2619,3,3,0.0,0.2666666666666666
2620,16,4,0.0,0.1480263157894737
2621,13,4,0.0,0.1730769230769231
2622,15,7,0.0,0.26666666666666666
2623,14,6,0.0,0.2443609022556391
2624,13,6,0.0,0.25641025641025644
2625,10,6,0.0,0.30000000000000004
2626,19,5,0.0,0.16475972540045764
2627,12,5,0.0,0.2291666666666666
2628,7,2,0.0,0.10714285714285712
2629,18,6,0.0,0.20531400966183572
2630,10,7,0.0,0.3375
2631,18,8,0.0,0.2644444444444444
2632,14,8,0.0,0.3095238095238096
2633,6,7,0.0,0.4166666666666667
2634,11,2,0.0,0.07575757575757577
2635,17,2,0.0,0.05228758169934642
2636,4,7,0.0,0.45
2637,15,5,0.0,0.1964912280701754
2638,19,6,0.0,0.19736842105263155
2639,10,8,0.0,0.37058823529411766
2640,5,2,0.0,0.13333333333333336
2641,9,2,0.0,0.08888888888888885
2642,18,2,0.0,0.049707602339181284
2643,12,3,0.0,0.13095238095238096
2644,15,8,0.0,0.296969696969697
2645,6,6,0.0,0.3787878787878787
2646,10,7,0.0,0.3375
2647,19,8,0.0,0.25506072874493924
2648,7,8,0.0,0.4285714285714285
2649,16,7,0.0,0.2556818181818181
2650,10,4,0.0,0.20769230769230773
2651,6,7,0.0,0.41666666666666674
2652,8,3,0.0,0.175
2653,13,8,0.0,0.32307692307692315
2654,10,2,0.0,0.08181818181818183
2655,16,5,0.0,0.1875
2656,6,7,0.0,0.4166666666666668
2657,19,6,0.0,0.19736842105263155
2658,6,5,0.0,0.3333333333333333
2659,7,2,0.0,0.10714285714285712
2660,7,6,0.0,0.35714285714285715
2661,13,4,0.0,0.1730769230769231
2662,4,2,0.0,0.15
2663,3,4,0.0,0.3333333333333333
2664,4,7,0.0,0.44999999999999996
2665,13,4,0.0,0.1730769230769231
2666,14,3,0.0,0.11607142857142855
2667,11,8,0.0,0.35353535353535354
2668,6,5,0.0,0.3333333333333333
2669,7,6,0.0,0.35714285714285715
2670,11,6,0.0,0.2840909090909091
2671,11,7,0.0,0.32085561497326204
2672,6,3,0.0,0.20833333333333331
2673,9,3,0.0,0.1616161616161616
2674,18,3,0.0,0.09444444444444439
2675,18,5,0.0,0.1717171717171717
2676,5,5,0.0,0.3555555555555556
2677,17,2,0.0,0.05228758169934642
2678,7,7,0.0,0.39560439560439553
2679,18,2,0.0,0.049707602339181284
2680,5,6,0.0,0.4
2681,10,2,0.0,0.08181818181818183
2682,14,8,0.0,0.3095238095238096
2683,19,5,0.0,0.16475972540045764
2684,14,8,0.0,0.3095238095238096
2685,4,3,0.0,0.25000000000000006
2686,6,5,0.0,0.3333333333333333
2687,3,3,0.0,0.2666666666666666
2688,4,7,0.0,0.44999999999999996
2689,18,3,0.0,0.09444444444444439
2690,3,3,0.0,0.2666666666666666
2691,8,5,0.0,0.29166666666666674
2692,16,7,0.0,0.2556818181818181
2693,4,8,0.0,0.47727272727272724
2694,12,2,0.0,0.07051282051282046
2695,18,3,0.0,0.09444444444444439
2696,12,7,0.0,0.3055555555555556
2697,3,6,0.0,0.41666666666666663
2698,5,8,0.0,0.4666666666666667
2699,6,6,0.0,0.3787878787878787
2700,9,4,0.0,0.22222222222222224
2701,7,8,0.0,0.4285714285714285
2702,3,8,0.0,0.4666666666666667
2703,12,8,0.0,0.337719298245614
2704,18,7,0.0,0.23611111111111113
2705,4,2,0.0,0.15
2706,16,2,0.0,0.05514705882352942
2707,14,5,0.0,0.20634920634920634
2708,9,5,0.0,0.2735042735042735
2709,9,2,0.0,0.08888888888888885
2710,15,2,0.0,0.05833333333333333
2711,6,8,0.0,0.4487179487179488
2712,16,8,0.0,0.28532608695652173
2713,17,4,0.0,0.14117647058823524
2714,14,3,0.0,0.11607142857142855
2715,16,8,0.0,0.28532608695652173
2716,4,5,0.0,0.375
2717,18,5,0.0,0.1717171717171717
2718,12,5,0.0,0.22916666666666663
2719,6,8,0.0,0.4487179487179488
2720,7,3,0.0,0.19047619047619047
2721,19,6,0.0,0.19736842105263155
2722,15,8,0.0,0.29696969696969705
2723,7,3,0.0,0.19047619047619047
2724,12,8,0.0,0.337719298245614
2725,18,3,0.0,0.09444444444444439
2726,10,4,0.0,0.2076923076923077
2727,11,4,0.0,0.19480519480519484
2728,12,8,0.0,0.337719298245614
2729,10,7,0.0,0.3375
2730,11,7,0.0,0.32085561497326204
2731,14,3,0.0,0.11607142857142855
2732,19,3,0.0,0.09022556390977443
2733,9,2,0.0,0.08888888888888885
2734,8,4,0.0,0.23863636363636362
2735,3,6,0.0,0.41666666666666663
2736,13,2,0.0,0.06593406593406598
2737,3,2,0.0,0.16666666666666666
2738,8,6,0.0,0.33653846153846156
2739,19,4,0.0,0.12918660287081335
2740,7,3,0.0,0.19047619047619047
2741,11,6,0.0,0.2840909090909091
2742,8,6,0.0,0.33653846153846156
2743,12,2,0.0,0.07051282051282046
2744,8,2,0.0,0.09722222222222224
2745,16,3,0.0,0.10416666666666669
2746,11,6,0.0,0.2840909090909091
2747,13,8,0.0,0.3230769230769231
2748,5,8,0.0,0.4666666666666667
2749,12,6,0.0,0.2696078431372549
2750,18,5,0.0,0.1717171717171717
2751,3,3,0.0,0.2666666666666666
2752,19,5,0.0,0.16475972540045764
2753,8,7,0.0,0.37500000000000006
2754,7,3,0.0,0.19047619047619047
2755,8,4,0.0,0.23863636363636362
2756,8,3,0.0,0.175
2757,12,6,0.0,0.26960784313725494
2758,10,4,0.0,0.20769230769230773
2759,10,2,0.0,0.08181818181818183
2760,14,4,0.0,0.16386554621848742
2761,7,7,0.0,0.39560439560439553
2762,14,6,0.0,0.24436090225563917
2763,9,4,0.0,0.22222222222222224
2764,5,7,0.0,0.4363636363636364
2765,6,2,0.0,0.11904761904761904
2766,11,8,0.0,0.35353535353535354
2767,3,4,0.0,0.3333333333333333
2768,11,5,0.0,0.24242424242424243
2769,18,5,0.0,0.1717171717171717
2770,14,2,0.0,0.061904761904761886
2771,8,3,0.0,0.175
2772,16,5,0.0,0.1875
2773,12,6,0.0,0.2696078431372549
2774,12,4,0.0,0.18333333333333332
2775,12,4,0.0,0.18333333333333332
2776,11,8,0.0,0.35353535353535354
2777,14,3,0.0,0.11607142857142855
2778,10,3,0.0,0.15000000000000002
2779,19,8,0.0,0.25506072874493924
2780,3,7,0.0,0.4444444444444445
2781,8,2,0.0,0.09722222222222224
2782,11,3,0.0,0.13986013986013984
2783,3,6,0.0,0.41666666666666663
2784,16,4,0.0,0.1480263157894737
2785,19,5,0.0,0.16475972540045764
2786,15,7,0.0,0.26666666666666666
2787,10,4,0.0,0.20769230769230773
2788,18,3,0.0,0.09444444444444439
2789,14,2,0.0,0.061904761904761886
2790,19,3,0.0,0.09022556390977443
2791,13,3,0.0,0.12307692307692314
2792,11,7,0.0,0.32085561497326204
2793,18,2,0.0,0.049707602339181284
2794,3,2,0.0,0.16666666666666666
2795,15,6,0.0,0.2333333333333333
2796,19,3,0.0,0.09022556390977443
2797,16,7,0.0,0.2556818181818181
2798,19,7,0.0,0.22736842105263158
2799,15,5,0.0,0.1964912280701754
2800,9,6,0.0,0.3174603174603174
2801,18,4,0.0,0.13492063492063489
2802,19,8,0.0,0.25506072874493924
2803,9,7,0.0,0.35555555555555557
2804,17,2,0.0,0.05228758169934642
2805,18,7,0.0,0.2361111111111111
2806,14,3,0.0,0.11607142857142855
2807,4,8,0.0,0.4772727272727273
2808,14,8,0.0,0.3095238095238096
2809,14,2,0.0,0.061904761904761886
2810,9,7,0.0,0.35555555555555557
2811,6,3,0.0,0.20833333333333331
2812,8,4,0.0,0.23863636363636362
2813,16,8,0.0,0.28532608695652173
2814,15,3,0.0,0.10980392156862745
2815,6,4,0.0,0.2777777777777778
2816,19,7,0.0,0.22736842105263158
2817,3,3,0.0,0.2666666666666666
2818,8,6,0.0,0.33653846153846156
2819,4,6,0.0,0.41666666666666663
2820,9,2,0.0,0.08888888888888885
2821,8,4,0.0,0.23863636363636362
2822,15,5,0.0,0.1964912280701754
2823,10,3,0.0,0.15000000000000002
2824,11,6,0.0,0.2840909090909091
2825,5,6,0.0,0.4
2826,17,7,0.0,0.24552429667519182
2827,6,7,0.0,0.41666666666666674
2828,17,3,0.0,0.09907120743034056
2829,10,6,0.0,0.30000000000000004
2830,3,3,0.0,0.2666666666666666
2831,9,7,0.0,0.35555555555555557
2832,7,4,0.0,0.25714285714285706
2833,18,8,0.0,0.2644444444444444
2834,6,5,0.0,0.3333333333333333
2835,7,7,0.0,0.39560439560439553
2836,9,4,0.0,0.22222222222222224
2837,6,2,0.0,0.11904761904761904
2838,18,2,0.0,0.049707602339181284
2839,17,4,0.0,0.14117647058823526
2840,10,5,0.0,0.2571428571428572
2841,13,2,0.0,0.06593406593406598
2842,6,8,0.0,0.44871794871794873
2843,15,5,0.0,0.1964912280701754
2844,16,8,0.0,0.28532608695652173
2845,5,4,0.0,0.30000000000000004
2846,4,7,0.0,0.45
2847,16,8,0.0,0.28532608695652173
2848,9,5,0.0,0.2735042735042735
2849,6,8,0.0,0.4487179487179488
2850,3,5,0.0,0.38095238095238093
2851,13,3,0.0,0.12307692307692311
2852,7,2,0.0,0.10714285714285712
2853,10,8,0.0,0.37058823529411766
2854,11,6,0.0,0.2840909090909091
2855,10,7,0.0,0.3375
2856,12,3,0.0,0.13095238095238093
2857,13,4,0.0,0.1730769230769231
2858,10,2,0.0,0.08181818181818183
2859,14,3,0.0,0.11607142857142855
2860,13,5,0.0,0.2171945701357466
2861,16,5,0.0,0.1875
2862,13,5,0.0,0.2171945701357466
2863,15,4,0.0,0.1555555555555556
2864,18,4,0.0,0.13492063492063489
2865,11,8,0.0,0.35353535353535354
2866,12,4,0.0,0.18333333333333332
2867,13,5,0.0,0.2171945701357466
2868,7,8,0.0,0.4285714285714285
2869,8,3,0.0,0.175
2870,10,7,0.0,0.3375
2871,16,2,0.0,0.05514705882352942
2872,18,5,0.0,0.1717171717171717
2873,13,6,0.0,0.25641025641025644
2874,18,6,0.0,0.20531400966183572
2875,12,6,0.0,0.26960784313725494
2876,16,2,0.0,0.05514705882352942
2877,3,8,0.0,0.4666666666666667
2878,13,3,0.0,0.12307692307692314
2879,11,3,0.0,0.13986013986013984
2880,8,4,0.0,0.23863636363636362
2881,5,6,0.0,0.39999999999999997
2882,19,5,0.0,0.16475972540045764
2883,19,7,0.0,0.22736842105263158
2884,4,3,0.0,0.25
2885,4,4,0.0,0.3214285714285714
2886,12,4,0.0,0.18333333333333332
2887,10,7,0.0,0.3375
2888,15,6,0.0,0.2333333333333333
2889,6,7,0.0,0.4166666666666668
2890,18,5,0.0,0.1717171717171717
2891,5,8,0.0,0.4666666666666667
2892,13,3,0.0,0.12307692307692314
2893,6,5,0.0,0.3333333333333333
2894,9,7,0.0,0.35555555555555557
2895,8,8,0.0,0.4083333333333333
2896,14,5,0.0,0.20634920634920634
2897,14,3,0.0,0.11607142857142855
2898,8,8,0.0,0.4083333333333333
2899,5,8,0.0,0.4666666666666667
2900,16,4,0.0,0.1480263157894737
2901,10,2,0.0,0.08181818181818183
2902,14,5,0.0,0.20634920634920634
2903,15,2,0.0,0.05833333333333333
2904,8,2,0.0,0.09722222222222224
2905,15,3,0.0,0.10980392156862746
2906,14,2,0.0,0.061904761904761886
2907,19,8,0.0,0.25506072874493924
2908,11,3,0.0,0.13986013986013984
2909,11,6,0.0,0.2840909090909091
2910,9,2,0.0,0.08888888888888885
2911,13,8,0.0,0.3230769230769231
2912,9,2,0.0,0.08888888888888885
2913,12,3,0.0,0.13095238095238096
2914,16,8,0.0,0.28532608695652173
2915,11,5,0.0,0.24242424242424243
2916,17,2,0.0,0.05228758169934642
2917,6,2,0.0,0.11904761904761904
2918,11,6,0.0,0.2840909090909091
2919,4,8,0.0,0.47727272727272724
2920,19,7,0.0,0.22736842105263158
2921,4,7,0.0,0.45
2922,17,7,0.0,0.24552429667519182
2923,17,8,0.0,0.2745098039215686
2924,4,3,0.0,0.25
2925,6,8,0.0,0.4487179487179488
2926,14,6,0.0,0.24436090225563908
2927,14,4,0.0,0.1638655462184874
2928,7,8,0.0,0.4285714285714285
2929,11,4,0.0,0.19480519480519484
2930,11,7,0.0,0.32085561497326204
2931,10,6,0.0,0.30000000000000004
2932,5,5,0.0,0.3555555555555556
2933,4,3,0.0,0.25000000000000006
2934,16,8,0.0,0.28532608695652173
2935,10,7,0.0,0.3375
2936,18,8,0.0,0.2644444444444444
2937,14,2,0.0,0.061904761904761886
2938,16,5,0.0,0.1875
2939,15,3,0.0,0.10980392156862745
2940,14,5,0.0,0.20634920634920637
2941,8,4,0.0,0.23863636363636362
2942,15,8,0.0,0.296969696969697
2943,4,8,0.0,0.47727272727272724
2944,3,6,0.0,0.41666666666666663
2945,18,5,0.0,0.17171717171717168
2946,13,2,0.0,0.06593406593406598
2947,18,4,0.0,0.13492063492063489
2948,11,6,0.0,0.2840909090909091
2949,14,5,0.0,0.20634920634920634
2950,16,3,0.0,0.10416666666666669
2951,8,3,0.0,0.175
2952,6,4,0.0,0.27777777777777785
2953,18,2,0.0,0.049707602339181284
2954,4,8,0.0,0.4772727272727273
2955,7,5,0.0,0.3116883116883117
2956,14,8,0.0,0.3095238095238096
2957,11,2,0.0,0.07575757575757579
2958,10,8,0.0,0.37058823529411766
2959,18,3,0.0,0.09444444444444439
2960,13,8,0.0,0.3230769230769231
2961,10,3,0.0,0.15000000000000002
2962,17,3,0.0,0.09907120743034056
2963,8,8,0.0,0.4083333333333333
2964,12,3,0.0,0.13095238095238096
2965,17,6,0.0,0.213903743315508
2966,16,7,0.0,0.2556818181818181
2967,18,4,0.0,0.13492063492063489
2968,13,5,0.0,0.2171945701357466
2969,13,6,0.0,0.2564102564102565
2970,8,8,0.0,0.4083333333333333
2971,14,4,0.0,0.1638655462184874
2972,14,3,0.0,0.11607142857142855
2973,15,5,0.0,0.1964912280701754
2974,14,4,0.0,0.16386554621848742
2975,7,3,0.0,0.19047619047619047
2976,19,2,0.0,0.04736842105263153
2977,15,2,0.0,0.05833333333333333
2978,15,8,0.0,0.29696969696969705
2979,15,7,0.0,0.26666666666666666
2980,12,7,0.0,0.3055555555555556
2981,7,7,0.0,0.39560439560439553
2982,17,2,0.0,0.05228758169934642
2983,10,5,0.0,0.2571428571428572
2984,7,3,0.0,0.19047619047619047
2985,11,4,0.0,0.19480519480519484
2986,13,2,0.0,0.06593406593406598
2987,11,4,0.0,0.19480519480519484
2988,13,3,0.0,0.12307692307692311
2989,9,3,0.0,0.1616161616161616
2990,17,6,0.0,0.213903743315508
2991,7,3,0.0,0.19047619047619047
2992,9,8,0.0,0.38888888888888884
2993,18,6,0.0,0.20531400966183572
2994,10,3,0.0,0.15000000000000005
2995,8,2,0.0,0.09722222222222224
2996,3,8,0.0,0.4666666666666667
2997,8,2,0.0,0.09722222222222224
2998,4,7,0.0,0.45
2999,13,5,0.0,0.2171945701357466
