split,n,pair_id,family,label_manifold,target_ordering_fraction,ordering_fraction_mismatch,null_direct_edges,null_matching_attempts,ordering_fraction,interval_k_0,interval_k_1,interval_k_2,interval_k_3,interval_k_4,interval_k_5,interval_logbin_0,interval_logbin_1,interval_logbin_2,interval_logbin_3,interval_logbin_4,interval_logbin_5,interval_open_mean_fraction,interval_open_median_fraction,interval_open_q90_fraction,local_dim_abs_median,local_dim_abs_q90,local_dim_mad,local_dim_fraction_within_0_5,local_dim_scale_drift,local_dim_valid_fraction,global_dim2_obstruction_fraction,interval_dim2_obstruction_fraction,predicted_probability,predicted_label
test_96,96,0,minkowski_2d,1,0.5918859649122807,0.0,,,0.5918859649122807,0.12115598369766581,0.0770655798443868,0.06595035198221563,0.0570581696924787,0.04075583549462764,0.043719896257873286,0.0,0.0,0.12004446091144869,0.25231567247128567,0.1782141533901445,0.043719896257873286,0.13019006251330278,0.0851063829787234,0.3404255319148936,0.14473679900391767,0.3330204972222528,0.1282275885324866,0.9791666666666666,0.15345696526048513,1.0,0.0,0.0,0.9939105118080668,1
test_96,96,0,transitive_percolation,0,0.5918859649122807,0.0,506.0,1.0,0.5918859649122807,0.08706928492034087,0.10707669507224898,0.09707298999629492,0.07039644312708411,0.0574286772878844,0.04816598740274176,0.0,0.0,0.1152278621711745,0.2223045572434235,0.17080400148203037,0.024453501296776585,0.1155195383633024,0.06382978723404255,0.30851063829787234,0.19623023695077102,0.4270377802639739,0.17498323866588317,0.953125,0.3404419082396575,1.0,0.0,0.03125,0.07361150559889763,0
test_96,96,1,minkowski_2d,1,0.5028508771929825,0.0,,,0.5028508771929825,0.1247274313126908,0.09986916703009158,0.06367204535542957,0.06716092455298735,0.06018316615787178,0.054513737461840385,0.0,0.0,0.10728303532490188,0.24858264282599216,0.15089402529437418,0.02311382468382032,0.11152350817938034,0.06382978723404255,0.2872340425531915,0.3204483201980053,0.5534191599238829,0.11685665184689642,0.84375,0.21099012115144333,1.0,0.0,0.0,0.8636129682503134,1
test_96,96,1,transitive_percolation,0,0.5028508771929825,0.00021929824561406353,412.0,1.0,0.5026315789473684,0.10514834205933682,0.12609075043630016,0.11212914485165794,0.08856893542757417,0.07547993019197208,0.05235602094240838,0.0,0.0,0.11867364746945899,0.1932809773123909,0.1169284467713787,0.011343804537521814,0.0884621811295533,0.0425531914893617,0.24468085106382978,0.22908049775073713,0.6483704269105295,0.24964429794198084,0.8177083333333334,0.4939462087022941,1.0,0.015625,0.0,0.00057892730569514,0
test_96,96,2,minkowski_2d,1,0.46557017543859647,0.0,,,0.46557017543859647,0.13801224682053698,0.11116344795101271,0.08337258596325954,0.07583608101742817,0.06076307112576543,0.04945831370701837,0.0,0.0,0.10645313235986811,0.22468205369759775,0.12859161563824775,0.02166745171926519,0.10098615968972048,0.05319148936170213,0.26595744680851063,0.315459731713722,0.6499898138136992,0.16309150601543676,0.7552083333333334,0.2926512172800515,1.0,0.0,0.0,0.5143866636129034,1
test_96,96,2,transitive_percolation,0,0.46557017543859647,0.0028508771929824372,366.0,1.0,0.46271929824561403,0.0985781990521327,0.12180094786729857,0.10995260663507109,0.0909952606635071,0.06919431279620854,0.06066350710900474,0.0,0.0,0.13554502369668248,0.2213270142180095,0.0881516587677725,0.0037914691943127963,0.07943934657658565,0.05319148936170213,0.20212765957446807,0.5696009916620979,0.9167014794727273,0.22184074424143607,0.4479166666666667,0.40424381903109197,1.0,0.0,0.0,0.0010865414705850253,0
test_96,96,3,minkowski_2d,1,0.4758771929824561,0.0,,,0.4758771929824561,0.13640552995391705,0.09953917050691244,0.08110599078341015,0.05944700460829493,0.06175115207373272,0.04976958525345622,0.0,0.0,0.12580645161290321,0.24193548387096775,0.13502304147465438,0.009216589861751152,0.09735758407687027,0.06382978723404255,0.24468085106382978,0.3756584902840181,0.6796485155130192,0.12936194009888724,0.703125,0.20178363427594337,1.0,0.0,0.0,0.6430109824560566,1
test_96,96,3,transitive_percolation,0,0.4758771929824561,0.0,411.0,1.0,0.4758771929824561,0.10368663594470046,0.12995391705069123,0.12119815668202764,0.0967741935483871,0.07511520737327189,0.05806451612903226,0.0,0.0,0.12580645161290321,0.2,0.08801843317972351,0.0013824884792626728,0.0767183057162467,0.0425531914893617,0.20212765957446807,0.38626347874757994,0.7210701487548956,0.22390740413569976,0.6770833333333334,0.3814575253495136,1.0,0.0,0.0,0.00036360614059344654,0
test_96,96,4,minkowski_2d,1,0.5116228070175438,0.0,,,0.5116228070175438,0.13587655379339905,0.09472781825975139,0.0745820831547364,0.05615087869695671,0.05272181740248607,0.04629232747535362,0.0,0.0,0.10801543077582512,0.24089155593656236,0.16630947278182598,0.0244320617231033,0.11369253358382504,0.06382978723404255,0.2872340425531915,0.26700111745370614,0.5303114830554596,0.1353414276247762,0.875,0.17741561529270578,1.0,0.0,0.0,0.9505419988049905,1
test_96,96,4,transitive_percolation,0,0.5116228070175438,0.00328947368421062,438.0,1.0,0.5149122807017544,0.09114139693356048,0.10604770017035775,0.09710391822827939,0.0873083475298126,0.07367972742759796,0.06047700170357751,0.0,0.0,0.12862010221465076,0.2270017035775128,0.12819420783645655,0.00042589437819420784,0.08824169052883395,0.05319148936170213,0.23404255319148937,0.28660515373493056,0.7192313518609426,0.19105893379038263,0.734375,0.39340388453653286,1.0,0.0,0.0,0.002214912642417354,0
test_96,96,5,minkowski_2d,1,0.48837719298245613,0.0,,,0.48837719298245613,0.1504265828468792,0.09564436461607544,0.07049842837898518,0.06466097889537495,0.05837449483610238,0.051189941625505164,0.0,0.0,0.11001347103726987,0.22676246070947462,0.14279299506061965,0.029636281993713515,0.10983194642157658,0.06382978723404255,0.2872340425531915,0.2815162382651706,0.5479388811098087,0.12941712736082245,0.8385416666666666,0.2025917425057644,1.0,0.0,0.0,0.9727283249190366,1
test_96,96,5,transitive_percolation,0,0.48837719298245613,0.0008771929824561431,361.0,1.0,0.4875,0.0935672514619883,0.10616284300494827,0.100314889788574,0.08906882591093117,0.0724246513720198,0.05982905982905983,0.0,0.0,0.13405308142150246,0.24111560953666217,0.10301394511920828,0.000449842555105713,0.08488146170117054,0.05319148936170213,0.2127659574468085,0.5038864246565785,0.7984948690530356,0.18518107605869982,0.4947916666666667,0.3232820817181392,1.0,0.0,0.0,0.003440419312281076,0
test_96,96,6,minkowski_2d,1,0.49166666666666664,0.0,,,0.49166666666666664,0.12845673505798394,0.10883140053523639,0.07091882247992863,0.06333630686886708,0.052185548617305975,0.0423728813559322,0.0,0.0,0.13425512934879572,0.23951828724353255,0.14763603925066904,0.012488849241748439,0.10309469129007155,0.06382978723404255,0.26595744680851063,0.32325439074711226,0.6261435512666904,0.1171190427379829,0.796875,0.1690853627970863,1.0,0.0,0.0,0.617448441121413,1
test_96,96,6,transitive_percolation,0,0.49166666666666664,0.0,407.0,1.0,0.49166666666666664,0.10214094558429973,0.14183764495985726,0.11775200713648529,0.08429973238180197,0.06824264049955397,0.058876003568242644,0.0,0.0,0.12310437109723461,0.17796610169491525,0.1128456735057984,0.012934879571810883,0.08667697914096456,0.0425531914893617,0.23404255319148937,0.25388357968798436,0.5930141862422648,0.2375416809915193,0.8020833333333334,0.45848186795885204,1.0,0.0,0.0,0.0005558341746131818,0
test_96,96,7,minkowski_2d,1,0.5462719298245614,0.0,,,0.5462719298245614,0.12043356081894821,0.08470493777599358,0.07386591730228824,0.061019670814933764,0.05459654757125652,0.04014452027298274,0.0,0.0,0.111601766358892,0.23926134082697711,0.17543155359293455,0.03894018466479326,0.12492205984095936,0.07446808510638298,0.3191489361702128,0.18711795566612488,0.4092449166099727,0.14063882709788944,0.9479166666666666,0.22902507743025513,1.0,0.0,0.0,0.9669210499987286,1
test_96,96,7,transitive_percolation,0,0.5462719298245614,0.0006578947368420796,496.0,1.0,0.5456140350877193,0.0992765273311897,0.11133440514469453,0.10731511254019292,0.08239549839228295,0.06471061093247589,0.04782958199356913,0.0,0.0,0.1045016077170418,0.21985530546623794,0.14107717041800644,0.021704180064308683,0.10412533351576929,0.05319148936170213,0.2765957446808511,0.1751327259830744,0.5381883659270796,0.19258887017523896,0.859375,0.3728053185611444,1.0,0.0,0.0,0.02608576063900659,0
test_96,96,8,minkowski_2d,1,0.5293859649122807,0.0,,,0.5293859649122807,0.13338856669428334,0.09154929577464789,0.06669428334714167,0.06213753106876554,0.05509527754763877,0.04515327257663629,0.0,0.0,0.11267605633802817,0.22162386081193042,0.17729908864954433,0.0343827671913836,0.12067461086922031,0.07446808510638298,0.30851063829787234,0.16263978122325495,0.4664295096992953,0.1198230745955301,0.9010416666666666,0.17365110458946442,1.0,0.0,0.0,0.9825168753530337,1
test_96,96,8,transitive_percolation,0,0.5293859649122807,0.0015350877192983337,474.0,1.0,0.5278508771929824,0.10095554632322393,0.12879102617366014,0.11300373909430826,0.08807644370585792,0.06107187370170337,0.0519318653926049,0.0,0.0,0.12339011217282925,0.22019110926464477,0.10718737017033651,0.00540091400083091,0.0857826021621335,0.05319148936170213,0.22340425531914893,0.21050688387082073,0.4991325625427827,0.2182605779466784,0.9010416666666666,0.4223777983339101,1.0,0.0,0.0,0.0007619225122642344,0
test_96,96,9,minkowski_2d,1,0.5243421052631579,0.0,,,0.5243421052631579,0.12588874947720619,0.09577582601422,0.06859054788791301,0.053534086156419906,0.06106231702216646,0.043496445002091176,0.0,0.0,0.11125052279381012,0.2383939774153074,0.1723128398159766,0.02969468841488917,0.11933491728734527,0.07446808510638298,0.3191489361702128,0.2567758029954387,0.4973952465685254,0.12499525153713609,0.921875,0.17539287425735495,1.0,0.0,0.0,0.9670253088213103,1
test_96,96,9,transitive_percolation,0,0.5243421052631579,0.00021929824561406353,431.0,1.0,0.5241228070175439,0.08368200836820083,0.10794979079497909,0.10376569037656903,0.08242677824267783,0.07112970711297072,0.058577405857740586,0.0,0.0,0.12594142259414226,0.22845188284518828,0.1322175732217573,0.005857740585774059,0.09408439419567347,0.05319148936170213,0.23404255319148937,0.33002190258453634,0.701753581711112,0.2244576288230702,0.7239583333333334,0.3853906851937743,1.0,0.0,0.0,0.0020322344129154713,0
test_96,96,10,minkowski_2d,1,0.5024122807017544,0.0,,,0.5024122807017544,0.13182016586643386,0.09951986032300306,0.0894805761676124,0.055870798777826275,0.04975993016150153,0.04757747708424269,0.0,0.0,0.11610650371017023,0.23745089480576168,0.14622435617634222,0.026189436927106065,0.11007457488600166,0.06382978723404255,0.2872340425531915,0.22444045529270518,0.4839687885745394,0.14202097102228128,0.90625,0.19888438651240148,1.0,0.0,0.0,0.8359247073872351,1
test_96,96,10,transitive_percolation,0,0.5024122807017544,0.0010964912280702066,424.0,1.0,0.5035087719298246,0.09843205574912892,0.12238675958188153,0.10670731707317073,0.08405923344947736,0.0666376306620209,0.052700348432055746,0.0,0.0,0.12761324041811847,0.20993031358885017,0.12282229965156795,0.008710801393728223,0.09107884201942323,0.05319148936170213,0.24468085106382978,0.2722350104425031,0.6827532504132751,0.20995469137747125,0.765625,0.38154454443757047,1.0,0.0,0.0,0.0027631587293832772,0
test_96,96,11,minkowski_2d,1,0.46557017543859647,0.0,,,0.46557017543859647,0.14460668864813941,0.11304757418747056,0.08431464908148846,0.06782854451248234,0.05181347150259067,0.04945831370701837,0.0,0.0,0.125765426283561,0.22232689590202542,0.12058407913330194,0.02025435704192181,0.09653641474829877,0.05319148936170213,0.24468085106382978,0.3131347566514937,0.6174809501042585,0.16950342082003123,0.7604166666666666,0.246406294311444,1.0,0.0,0.0,0.5066697740637577,1
test_96,96,11,transitive_percolation,0,0.46557017543859647,0.0024122807017543657,393.0,1.0,0.4631578947368421,0.10984848484848485,0.1434659090909091,0.13683712121212122,0.0946969696969697,0.07291666666666667,0.04924242424242424,0.0,0.0,0.10558712121212122,0.1884469696969697,0.09375,0.005208333333333333,0.07653328497743392,0.0425531914893617,0.20212765957446807,0.3039641640164674,0.728849297625462,0.21552917045692555,0.75,0.42833128843780544,1.0,0.0,0.0,0.0003184301489563669,0
test_96,96,12,minkowski_2d,1,0.5120614035087719,0.0,,,0.5120614035087719,0.12548179871520343,0.09464668094218416,0.08265524625267666,0.06381156316916488,0.057815845824411134,0.048394004282655244,0.0,0.0,0.11006423982869379,0.2595289079229122,0.14261241970021413,0.014989293361884369,0.10489771743587406,0.06382978723404255,0.26595744680851063,0.23724099212160055,0.4967234408680252,0.14145568426687039,0.9010416666666666,0.19262175165338125,1.0,0.0,0.0,0.6527579043338574,1
test_96,96,12,transitive_percolation,0,0.5120614035087719,0.00043859649122812705,437.0,1.0,0.5116228070175438,0.09172738962708958,0.12087441063009001,0.10672953279039862,0.0861551650235748,0.06686669524217745,0.06000857265323618,0.0,0.0,0.13330475782254608,0.20445777968281184,0.12601800257179596,0.0038576939562794685,0.0895568667864406,0.05319148936170213,0.24468085106382978,0.2508722603396445,0.6653358255615223,0.22627345612368366,0.7708333333333334,0.448390201747243,1.0,0.0,0.0,0.0007403075673099319,0
test_96,96,13,minkowski_2d,1,0.525,0.0,,,0.525,0.1286549707602339,0.07644110275689223,0.06808688387635756,0.05889724310776942,0.05388471177944862,0.05430242272347535,0.0,0.0,0.11904761904761904,0.25104427736006685,0.1608187134502924,0.02882205513784461,0.11767006167902024,0.07446808510638298,0.2978723404255319,0.29973045403237597,0.5884511375282652,0.15117830063390802,0.8333333333333334,0.20593073002395612,1.0,0.0,0.0,0.9712783776807435,1
test_96,96,13,transitive_percolation,0,0.525,0.0,413.0,1.0,0.525,0.0860484544695071,0.1035923141186299,0.0910609857978279,0.06850459482038429,0.05847953216374269,0.05430242272347535,0.0,0.0,0.12364243943191311,0.27610693400167086,0.13700918964076858,0.0012531328320802004,0.09630903499884463,0.06382978723404255,0.23404255319148937,0.39365139841817753,0.7099714292600274,0.15500727213740384,0.6822916666666666,0.23580359297747022,1.0,0.0,0.0,0.023810825744609687,0
test_96,96,14,minkowski_2d,1,0.5421052631578948,0.0,,,0.5421052631578948,0.12985436893203883,0.07888349514563107,0.06674757281553398,0.06715210355987054,0.046521035598705504,0.05137540453074434,0.0,0.0,0.11812297734627832,0.23462783171521034,0.1779935275080906,0.02872168284789644,0.12050712662673002,0.07446808510638298,0.30851063829787234,0.1874838687862731,0.4648743918755198,0.1298475162180346,0.9010416666666666,0.19831071660674415,1.0,0.0,0.0,0.9732237130882695,1
test_96,96,14,transitive_percolation,0,0.5421052631578948,0.0010964912280702066,404.0,1.0,0.5410087719298246,0.09201459262261856,0.1130928252938792,0.10458046209971625,0.10133765707336846,0.07012565869477097,0.04620997162545602,0.0,0.0,0.10660721524118362,0.20551276854479125,0.13822456424807458,0.02229428455614106,0.10246746414371835,0.05319148936170213,0.2765957446808511,0.21314050787407712,0.5082152713295425,0.24084776202650504,0.8854166666666666,0.48351731398891395,1.0,0.0,0.0,0.004473220476719599,0
test_96,96,15,minkowski_2d,1,0.5006578947368421,0.0,,,0.5006578947368421,0.14410862899693386,0.10512483574244415,0.0718353044240035,0.06614104248795445,0.05168637757336837,0.05475251861585633,0.0,0.0,0.10950503723171266,0.23390275952693823,0.14673674989049496,0.016206745510293472,0.10419753776758837,0.06382978723404255,0.2765957446808511,0.18116668222503285,0.5048820746872669,0.14829382633916266,0.890625,0.21272496447810663,1.0,0.0,0.0,0.8234013090347733,1
test_96,96,15,transitive_percolation,0,0.5006578947368421,0.00043859649122812705,366.0,1.0,0.5010964912280702,0.09059080962800875,0.10590809628008753,0.10722100656455143,0.09146608315098469,0.06958424507658643,0.04945295404814004,0.0,0.0,0.12735229759299782,0.22056892778993437,0.13216630196936544,0.0056892778993435445,0.09494389869174542,0.05319148936170213,0.2553191489361702,0.3901467120599107,0.7499145518150331,0.22766140450926797,0.6302083333333334,0.4405223460624992,1.0,0.0,0.0,0.002402919324154413,0
test_96,96,16,minkowski_2d,1,0.47192982456140353,0.0,,,0.47192982456140353,0.1421933085501859,0.09851301115241635,0.07946096654275094,0.07342007434944238,0.05901486988847584,0.04553903345724907,0.0,0.0,0.11617100371747212,0.22815985130111524,0.13104089219330856,0.02648698884758364,0.10359981808115161,0.06382978723404255,0.26595744680851063,0.30108530071310813,0.6283387762922804,0.15971904178810503,0.796875,0.2533916085057375,1.0,0.0,0.0,0.8246680816082214,1
test_96,96,16,transitive_percolation,0,0.47192982456140353,0.0008771929824561431,430.0,1.0,0.4710526315789474,0.11405959031657356,0.1336126629422719,0.12849162011173185,0.10195530726256984,0.06238361266294227,0.04329608938547486,0.0,0.0,0.10661080074487896,0.2048417132216015,0.10148975791433892,0.0032588454376163874,0.07890566187249891,0.0425531914893617,0.2127659574468085,0.3182685028803517,0.6401832778388126,0.15940473604156002,0.8020833333333334,0.34307873725313587,1.0,0.0,0.0,0.0014252808849732458,0
test_96,96,17,minkowski_2d,1,0.46403508771929824,0.0,,,0.46403508771929824,0.13185255198487714,0.08979206049149338,0.07561436672967864,0.0723062381852552,0.05860113421550094,0.05623818525519849,0.0,0.0,0.13752362948960303,0.23109640831758035,0.139413988657845,0.007561436672967864,0.09756968185657401,0.06382978723404255,0.2553191489361702,0.42236409682336085,0.7271119770648352,0.13108165306190545,0.6197916666666666,0.26489454862960415,1.0,0.0,0.0,0.5183592584598398,1
test_96,96,17,transitive_percolation,0,0.46403508771929824,0.0026315789473684292,382.0,1.0,0.4614035087719298,0.11026615969581749,0.13640684410646386,0.12642585551330798,0.1088403041825095,0.07747148288973384,0.06416349809885931,0.0,0.0,0.11929657794676807,0.18583650190114068,0.06986692015209126,0.0014258555133079848,0.0688101690801715,0.0425531914893617,0.18085106382978725,0.3317230626882147,0.7353429639009053,0.2253541823935783,0.7083333333333334,0.43346942231567276,1.0,0.0,0.0,0.0001369134749984909,0
test_96,96,18,minkowski_2d,1,0.49298245614035086,0.0,,,0.49298245614035086,0.1423487544483986,0.10809608540925267,0.06895017793594306,0.06717081850533808,0.050266903914590745,0.04715302491103203,0.0,0.0,0.12144128113879003,0.22820284697508897,0.14190391459074733,0.024466192170818506,0.10431494661921709,0.06382978723404255,0.2765957446808511,0.2547149115123827,0.5354588608351889,0.13992479856805384,0.8489583333333334,0.23445458126007246,1.0,0.0,0.0,0.8449816849530954,1
test_96,96,18,transitive_percolation,0,0.49298245614035086,0.00021929824561406353,399.0,1.0,0.4932017543859649,0.10449088483770565,0.1365051133837261,0.11916407292129835,0.08270342374388617,0.0706980880391285,0.059582036460649176,0.0,0.0,0.11338372610048911,0.18630502445531347,0.11560693641618497,0.011560693641618497,0.08704104897685024,0.0425531914893617,0.23404255319148937,0.22349229645184066,0.6470706307447684,0.2299265011655658,0.8125,0.45400270600335757,1.0,0.0,0.0,0.0009094186625106587,0
test_96,96,19,minkowski_2d,1,0.5028508771929825,0.0,,,0.5028508771929825,0.13257740950719582,0.09419973833406019,0.06716092455298735,0.06498037505451373,0.056694286960314,0.047099869167030094,0.0,0.0,0.11993022241604885,0.24073266463148713,0.1591801133885739,0.01744439598778892,0.10947286375741154,0.06382978723404255,0.2872340425531915,0.2892618156232514,0.6063667190376469,0.12432141823771481,0.8020833333333334,0.19286177500963664,1.0,0.0,0.0,0.8809684784741401,1
test_96,96,19,transitive_percolation,0,0.5028508771929825,0.0019736842105263497,413.0,1.0,0.5008771929824561,0.09588441330998249,0.1256567425569177,0.11427320490367776,0.09544658493870403,0.07005253940455342,0.046409807355516634,0.0,0.0,0.1085814360770578,0.2040280210157618,0.1287215411558669,0.010945709281961471,0.09301524015351939,0.0425531914893617,0.24468085106382978,0.2433951426835993,0.6116132019066896,0.2068817353948973,0.828125,0.3917004987315986,1.0,0.0,0.0,0.0016397978954783602,0
test_96,96,20,minkowski_2d,1,0.4804824561403509,0.0,,,0.4804824561403509,0.14559561843906893,0.09904153354632587,0.07439525330899133,0.0611592879963487,0.05842081241442264,0.06024646280237335,0.0,0.0,0.11227749885896851,0.24372432679141945,0.13464171611136466,0.010497489730716568,0.09706536411043243,0.06382978723404255,0.2553191489361702,0.34994255856367196,0.5809956905811954,0.12232912871201307,0.8333333333333334,0.18712155589592316,1.0,0.0,0.0,0.8394598673117976,1
test_96,96,20,transitive_percolation,0,0.4804824561403509,0.0008771929824561431,396.0,1.0,0.48135964912280704,0.10068337129840546,0.1284738041002278,0.11343963553530752,0.0815489749430524,0.0724373576309795,0.05694760820045558,0.0,0.0,0.13804100227790433,0.21776765375854215,0.089749430523918,0.0009111617312072893,0.07889788203363543,0.05319148936170213,0.20212765957446807,0.3879737993287793,0.8160188683807625,0.24214763203730905,0.625,0.473155299058166,1.0,0.0,0.0,0.0003403441514509121,0
test_96,96,21,minkowski_2d,1,0.5083333333333333,0.0,,,0.5083333333333333,0.12510785159620363,0.0992234685073339,0.07333908541846419,0.06686798964624677,0.056945642795513375,0.05047454702329594,0.0,0.0,0.11475409836065574,0.23813632441760138,0.15099223468507333,0.024158757549611734,0.1101646687349696,0.06382978723404255,0.2797872340425551,0.24181642700448291,0.5987164555870574,0.17841274492601344,0.7864583333333334,0.25266794663042935,1.0,0.0,0.0,0.7155677358219568,1
test_96,96,21,transitive_percolation,0,0.5083333333333333,0.0017543859649122862,412.0,1.0,0.506578947368421,0.08961038961038961,0.10519480519480519,0.09523809523809523,0.0761904761904762,0.0645021645021645,0.05541125541125541,0.0,0.0,0.12251082251082251,0.26796536796536796,0.12337662337662338,0.0,0.09143409781707654,0.06382978723404255,0.22340425531914893,0.425282314191715,0.9452588955090391,0.23530617464068004,0.5677083333333334,0.43164600286084354,1.0,0.0,0.0,0.003924781145525513,0
test_96,96,22,minkowski_2d,1,0.5006578947368421,0.0,,,0.5006578947368421,0.1410424879544459,0.105562855891371,0.0718353044240035,0.05825667980727114,0.052562417871222074,0.04555409548839247,0.0,0.0,0.12001752080595707,0.23477879982479194,0.1366622864651774,0.0337275514673675,0.11145748874661,0.06382978723404255,0.2872340425531915,0.262968595938053,0.44851786444256553,0.10395091047631855,0.9375,0.15887080706115753,1.0,0.0,0.0,0.9560786451490627,1
test_96,96,22,transitive_percolation,0,0.5006578947368421,0.0006578947368420796,354.0,1.0,0.5013157894736842,0.09098862642169729,0.1167979002624672,0.1010498687664042,0.07392825896762904,0.06867891513560805,0.050306211723534555,0.0,0.0,0.1321084864391951,0.22484689413823272,0.13648293963254593,0.004811898512685914,0.09581913962882298,0.05319148936170213,0.24468085106382978,0.4048429538374251,0.7717585539142613,0.21319373768703942,0.609375,0.4195791761157539,1.0,0.0,0.0,0.003068578554070101,0
test_96,96,23,minkowski_2d,1,0.5085526315789474,0.0,,,0.5085526315789474,0.13195342820181113,0.08063820612332902,0.07632600258732213,0.0599396291504959,0.05907718844329452,0.047003018542475204,0.0,0.0,0.12548512289780078,0.2410521776627857,0.15567054764984908,0.02285467874083657,0.11227326525556686,0.06382978723404255,0.2872340425531915,0.3133443051438375,0.6061932908266476,0.15483506709929973,0.78125,0.2899021400899968,1.0,0.0,0.0,0.8702533986982061,1
test_96,96,23,transitive_percolation,0,0.5085526315789474,0.00043859649122801603,399.0,1.0,0.5081140350877194,0.09840310746655158,0.119551143720328,0.1027190332326284,0.08286577470867501,0.06430729391454466,0.053949072075960294,0.0,0.0,0.11652999568407424,0.23651273198100992,0.11652999568407424,0.008631851532153647,0.09037273069541503,0.05319148936170213,0.23404255319148937,0.24866078172047346,0.6476821390501298,0.22067182932048635,0.7760416666666666,0.4118636937412661,1.0,0.0,0.0,0.002981947340745789,0
test_96,96,24,minkowski_2d,1,0.5094298245614035,0.0,,,0.5094298245614035,0.12785191562634524,0.09814894532931553,0.07576409814894533,0.06457167455876023,0.05380972879896685,0.04649160568230736,0.0,0.0,0.11020232458028412,0.2449418854928971,0.15281962978906585,0.025398191993112353,0.11202498603236825,0.06382978723404255,0.2872340425531915,0.27297357578548,0.5360566323868425,0.14898793333131033,0.8541666666666666,0.20915570185233667,1.0,0.0,0.0,0.8553414686420996,1
test_96,96,24,transitive_percolation,0,0.5094298245614035,0.0006578947368420796,426.0,1.0,0.5087719298245614,0.09698275862068965,0.10387931034482759,0.0978448275862069,0.08362068965517241,0.06724137931034482,0.05818965517241379,0.0,0.0,0.12586206896551724,0.24612068965517242,0.11379310344827587,0.00646551724137931,0.09145267791636097,0.05319148936170213,0.22340425531914893,0.34674678514083546,0.790730911358446,0.20625120096296268,0.6822916666666666,0.3958035116516998,1.0,0.0,0.0,0.005220728551603224,0
test_96,96,25,minkowski_2d,1,0.5307017543859649,0.0,,,0.5307017543859649,0.11776859504132231,0.0871900826446281,0.07851239669421488,0.0615702479338843,0.05330578512396694,0.04338842975206612,0.0,0.0,0.12231404958677686,0.23388429752066114,0.17479338842975206,0.02727272727272727,0.11868296113944084,0.07446808510638298,0.2978723404255319,0.23593817435163233,0.5228838693798179,0.15493597162484407,0.8854166666666666,0.2749526762035843,1.0,0.0,0.0,0.8338026263723067,1
test_96,96,25,transitive_percolation,0,0.5307017543859649,0.003947368421052588,418.0,1.0,0.5267543859649123,0.09408825978351373,0.10865945045795171,0.10116569525395504,0.08326394671107411,0.0636969192339717,0.052872606161532054,0.0,0.0,0.12489592006661115,0.24521232306411325,0.12156536219816819,0.004579517069109076,0.09280829804949775,0.05319148936170213,0.23404255319148937,0.20941785849166128,0.624813686269458,0.19529958575830553,0.8333333333333334,0.36756271849010047,1.0,0.0,0.0,0.0032929529062988867,0
test_96,96,26,minkowski_2d,1,0.4692982456140351,0.0,,,0.4692982456140351,0.1411214953271028,0.10093457943925234,0.08598130841121496,0.07383177570093458,0.05700934579439252,0.04299065420560748,0.0,0.0,0.1205607476635514,0.22897196261682243,0.12570093457943926,0.022897196261682243,0.1020680055677073,0.05319148936170213,0.26595744680851063,0.3479948750515218,0.645115537837148,0.13631149637827777,0.765625,0.23023513764533643,1.0,0.0,0.0,0.714808537101786,1
test_96,96,26,transitive_percolation,0,0.4692982456140351,0.0015350877192982781,385.0,1.0,0.4677631578947368,0.10642287857477731,0.13783403656821377,0.12189404594467886,0.08485700890764182,0.06704172526957337,0.057665260196905765,0.0,0.0,0.11017346460384435,0.20253164556962025,0.1087669948429442,0.0028129395218002813,0.08174482050054364,0.0425531914893617,0.2127659574468085,0.3838314580166515,0.7172770834175657,0.23868844055530813,0.6458333333333334,0.42753706242793044,1.0,0.0,0.0,0.0006818880138476269,0
test_96,96,27,minkowski_2d,1,0.5089912280701754,0.0,,,0.5089912280701754,0.13700990952175787,0.0883239982766049,0.07755277897457992,0.05945713054717794,0.046100818612666954,0.04136148211977596,0.0,0.0,0.12106850495476087,0.24989228780697975,0.16286083584661784,0.016372253339077984,0.11112231521629524,0.07446808510638298,0.2872340425531915,0.2614596760667739,0.48927227623946973,0.10534437437758815,0.9010416666666666,0.0837269526309512,1.0,0.0,0.0,0.9615928433860459,1
test_96,96,27,transitive_percolation,0,0.5089912280701754,0.00043859649122812705,450.0,1.0,0.5094298245614035,0.09470512268618166,0.11450710288420146,0.10288420146362462,0.08609556607834697,0.06844597503228583,0.05897546276366767,0.0,0.0,0.12053379250968575,0.21954369349978475,0.12182522600086096,0.01248385708136031,0.09528214616096208,0.05319148936170213,0.2553191489361702,0.29133715412363237,0.7289639958417127,0.20712041086781263,0.7395833333333334,0.3925934300377245,1.0,0.0,0.0,0.005093420022624395,0
test_128,128,0,minkowski_2d,1,0.5041830708661418,0.0,,,0.5041830708661418,0.11273792093704246,0.07711078574914593,0.06149341142020498,0.0527086383601757,0.04758418740849195,0.04660810151293314,0.0,0.0,0.16861883845778428,0.2435334309419229,0.16154221571498292,0.028062469497315765,0.10958113520338995,0.06349206349206349,0.2777777777777778,0.24103608576124314,0.5490082325950887,0.1532152779405358,0.859375,0.2328485566887939,1.0,0.0,0.0,0.7431258964220636,1
test_128,128,0,transitive_percolation,0,0.5041830708661418,0.0007381889763778959,628.0,1.0,0.5049212598425197,0.07919103313840156,0.11354775828460038,0.10916179337231968,0.07894736842105263,0.06237816764132553,0.0550682261208577,0.0,0.0,0.16203703703703703,0.19249512670565302,0.1286549707602339,0.018518518518518517,0.08990647916086511,0.047619047619047616,0.24603174603174602,0.2741649622199439,0.6077138255252279,0.29563304564807535,0.796875,0.5679033574999457,1.0,0.015625,0.0,0.0001375169837434979,0
test_128,128,1,minkowski_2d,1,0.4937253937007874,0.0,,,0.4937253937007874,0.11412908048841267,0.07824570147022178,0.06329429354597559,0.05407425865935709,0.05382506852728632,0.04186394218788936,0.0,0.0,0.15649140294044356,0.2432095689010715,0.16321953650635435,0.03164714677298779,0.11036156301543791,0.06349206349206349,0.2857142857142857,0.2610038544897624,0.5597264857389442,0.0963569469648442,0.8645833333333334,0.13400556718821988,1.0,0.0,0.0,0.9192348203968871,1
test_128,128,1,transitive_percolation,0,0.4937253937007874,0.0023375984251968185,621.0,1.0,0.49138779527559057,0.08262393590385578,0.1099148723084627,0.10115172759138708,0.0828743114672008,0.06835252879318979,0.05082623935903856,0.0,0.0,0.1755132699048573,0.21682523785678517,0.10691036554832248,0.005007511266900351,0.07869144987322252,0.047619047619047616,0.20634920634920634,0.3050090204545396,0.7770471661540579,0.27504955851602253,0.6770833333333334,0.5333289109384107,1.0,0.0,0.0,0.00010333470881076301,0
test_128,128,2,minkowski_2d,1,0.48634350393700787,0.0,,,0.48634350393700787,0.11156083986845435,0.07361497596761953,0.07057930685555275,0.05970149253731343,0.04983556792309638,0.04224639514292942,0.0,0.0,0.16645585631166204,0.23956488742727042,0.1555780419934227,0.03086263597267898,0.10922385650440293,0.06349206349206349,0.2777777777777778,0.26451840317263053,0.5963849644430025,0.12218181933729144,0.859375,0.20298529185204273,1.0,0.0,0.0,0.7774916771499519,1
test_128,128,2,transitive_percolation,0,0.48634350393700787,0.0015994094488189226,628.0,1.0,0.4879429133858268,0.08371154815935451,0.11951588502269289,0.11043872919818457,0.09102370146243066,0.0670700958144226,0.05521936459909228,0.0,0.0,0.1664145234493192,0.2075138678769541,0.09304084720121028,0.006051437216338881,0.07496257874472699,0.03968253968253968,0.19047619047619047,0.2617260711380247,0.6464393617491639,0.24395759576183051,0.8020833333333334,0.45657088402829227,1.0,0.0,0.0,5.927422732379672e-05,0
test_128,128,3,minkowski_2d,1,0.4940944881889764,0.0,,,0.4940944881889764,0.11080677290836653,0.08117529880478087,0.0647410358565737,0.05204183266932271,0.04930278884462151,0.04706175298804781,0.0,0.0,0.16807768924302788,0.23730079681274902,0.1526394422310757,0.036852589641434265,0.11137197242774931,0.06349206349206349,0.2857142857142857,0.25870463610186245,0.5768311349774222,0.16445849606426388,0.8072916666666666,0.3073874768838831,1.0,0.0,0.0,0.7053261837083619,1
test_128,128,3,transitive_percolation,0,0.4940944881889764,0.00012303149606296415,597.0,1.0,0.49421751968503935,0.08140403286034353,0.11053024645257654,0.10231516056758776,0.08140403286034353,0.0682101070450585,0.05402041324371421,0.0,0.0,0.16853373164052776,0.20164301717699776,0.12123475230271347,0.010704505850136919,0.08417203077397252,0.047619047619047616,0.23015873015873015,0.2547636981779884,0.7697566595620082,0.26395713572146207,0.7395833333333334,0.5446092526512745,1.0,0.0,0.0,0.00019540565266192546,0
test_128,128,4,minkowski_2d,1,0.5382627952755905,0.0,,,0.5382627952755905,0.10262857142857143,0.07222857142857143,0.05851428571428571,0.05211428571428572,0.043885714285714285,0.040228571428571426,0.0,0.0,0.17325714285714286,0.25005714285714287,0.17211428571428572,0.03497142857142857,0.11736417233560091,0.07142857142857142,0.29365079365079366,0.1839013565495523,0.4621329578692024,0.17276565000345767,0.9270833333333334,0.2452200134082838,1.0,0.0,0.0,0.7874649691300617,1
test_128,128,4,transitive_percolation,0,0.5382627952755905,0.0012303149606298636,638.0,1.0,0.5370324803149606,0.07285223367697595,0.09484536082474226,0.0861397479954181,0.07033218785796105,0.058648339060710195,0.048109965635738834,0.0,0.0,0.17800687285223368,0.2288659793814433,0.15051546391752577,0.01168384879725086,0.09703449153620974,0.05555555555555555,0.2619047619047619,0.28469922251909285,0.7181650365148173,0.23402224484460143,0.7864583333333334,0.4363862157952305,1.0,0.0,0.0,0.0019583328328699554,0
test_128,128,5,minkowski_2d,1,0.4875738188976378,0.0,,,0.4875738188976378,0.10976532929598788,0.0815039111784002,0.06560686348725712,0.06106484986121625,0.046934140802422405,0.04743880898309362,0.0,0.0,0.16124148372445118,0.2260913449407015,0.16578349735049205,0.0345697703759778,0.11275528800131372,0.06349206349206349,0.2857142857142857,0.28807219877657475,0.5839110184704492,0.16161795108249888,0.8177083333333334,0.25619803816396014,1.0,0.0,0.0,0.7435370763287954,1
test_128,128,5,transitive_percolation,0,0.4875738188976378,0.0006151574803149318,610.0,1.0,0.48695866141732286,0.08211217786760991,0.10687215765538151,0.09272359777665487,0.08034360788276908,0.06493178372915615,0.053562405255179385,0.0,0.0,0.17104598281960587,0.207933299646286,0.13264274886306215,0.007832238504295099,0.08648547847638297,0.047619047619047616,0.23809523809523808,0.2840558149234301,0.6905433972273762,0.22408214589970776,0.7760416666666666,0.44346366716210794,1.0,0.0,0.0,0.0006452389553117994,0
test_128,128,6,minkowski_2d,1,0.49717027559055116,0.0,,,0.49717027559055116,0.1145756000989854,0.07993071022024252,0.06062855728780005,0.05617421430339025,0.04528582034149963,0.036872061370947784,0.0,0.0,0.17198713189804504,0.24003959415986142,0.1667903984162336,0.027715911902994307,0.1098266577108448,0.06349206349206349,0.2777777777777778,0.2943811598330478,0.5349328479819542,0.11885811020687986,0.8802083333333334,0.1426224041395301,1.0,0.0,0.0,0.8510748772392122,1
test_128,128,6,transitive_percolation,0,0.49717027559055116,0.0002460629921259838,635.0,1.0,0.4969242125984252,0.08640752661549889,0.11809853924238672,0.10670958157959891,0.0812082198564001,0.06263926714533301,0.05075513741025006,0.0,0.0,0.15870264917058677,0.20945778658083683,0.1195840554592721,0.006437236939836593,0.08223393343472571,0.03968253968253968,0.2222222222222222,0.23915265037390332,0.7583516684741037,0.24722866435313784,0.796875,0.49247340085012703,1.0,0.0,0.0,0.00017665492537680109,0
test_128,128,7,minkowski_2d,1,0.5602854330708661,0.0,,,0.5602854330708661,0.09530083443126922,0.07312252964426877,0.05379885814668423,0.050505050505050504,0.04040404040404041,0.03864734299516908,0.0,0.0,0.1585419411506368,0.2553798858146684,0.19675010979358806,0.037549407114624504,0.1263532495416553,0.07936507936507936,0.31746031746031744,0.14778581324804885,0.37882331185020357,0.10998232202589597,0.9739583333333334,0.1558893869128215,1.0,0.0,0.0,0.9498608669227072,1
test_128,128,7,transitive_percolation,0,0.5602854330708661,0.0002460629921259283,621.0,1.0,0.5600393700787402,0.06963971880492091,0.10061511423550087,0.09160808435852373,0.06963971880492091,0.04964850615114236,0.04525483304042179,0.0,0.0,0.1693760984182777,0.21616871704745166,0.15992970123022848,0.028119507908611598,0.107127165453176,0.05555555555555555,0.2857142857142857,0.25171844355579875,0.5819970638460888,0.25562092246763024,0.84375,0.5404905723624593,1.0,0.0,0.0,0.0026964202139461045,0
test_128,128,8,minkowski_2d,1,0.4507874015748031,0.0,,,0.4507874015748031,0.12882096069868995,0.08624454148471616,0.07669213973799127,0.0597707423580786,0.05185589519650655,0.04639737991266375,0.0,0.0,0.16239082969432314,0.22352620087336245,0.1457423580786026,0.018558951965065504,0.09641210923962014,0.05555555555555555,0.25396825396825395,0.32974089248701066,0.6981550973178743,0.14025741727657315,0.7395833333333334,0.23819501554049527,1.0,0.0,0.0,0.5546545917350556,1
test_128,128,8,transitive_percolation,0,0.4507874015748031,0.00307578740157477,540.0,1.0,0.44771161417322836,0.08628744160483649,0.1272327562517175,0.11019510854630393,0.08271503160208848,0.07199780159384446,0.056608958505083816,0.0,0.0,0.17477328936521022,0.20884858477603738,0.08106622698543556,0.0002748007694421544,0.06763588461857216,0.03968253968253968,0.1746031746031746,0.3868122836822053,0.8117537628504436,0.20550640059080472,0.6614583333333334,0.38149631975769815,1.0,0.015625,0.0,3.795306728311882e-05,0
test_128,128,9,minkowski_2d,1,0.4653051181102362,0.0,,,0.4653051181102362,0.12030671602326812,0.07377049180327869,0.074034902168165,0.060021152829190905,0.05050237969328398,0.0446853516657853,0.0,0.0,0.1718667371760973,0.24431517715494447,0.1417239555790587,0.01877313590692755,0.09908883348862195,0.06349206349206349,0.25396825396825395,0.37878063148617547,0.670589386826883,0.138442819551456,0.7239583333333334,0.2057076617957172,1.0,0.0,0.0,0.6329792950374666,1
test_128,128,9,transitive_percolation,0,0.4653051181102362,0.0031988188976377896,500.0,1.0,0.468503937007874,0.08061974789915967,0.10346638655462184,0.09690126050420168,0.0779936974789916,0.061186974789915964,0.05934873949579832,0.0,0.0,0.19353991596638656,0.2103466386554622,0.10688025210084033,0.009716386554621849,0.08194736227824463,0.047619047619047616,0.21428571428571427,0.5058262454485111,0.9680349930664507,0.2751125685861897,0.4947916666666667,0.524873826496723,1.0,0.0,0.0,0.00025236504832905587,0
test_128,128,10,minkowski_2d,1,0.4763779527559055,0.0,,,0.4763779527559055,0.12267561983471074,0.07722107438016529,0.062241735537190084,0.05836776859504132,0.046229338842975205,0.04261363636363636,0.0,0.0,0.17355371900826447,0.2543904958677686,0.14514462809917356,0.01756198347107438,0.10075183654729108,0.06349206349206349,0.25396825396825395,0.31098041046473024,0.6244287627071974,0.13817355603227022,0.7864583333333334,0.2060114199778349,1.0,0.0,0.0,0.6714688051834478,1
test_128,128,10,transitive_percolation,0,0.4763779527559055,0.0011072834645668994,558.0,1.0,0.4752706692913386,0.0874967641729226,0.1227025627750453,0.11726637328501165,0.08879109500388299,0.06575200621278798,0.054620761066528606,0.0,0.0,0.15583743204763137,0.18923116748640953,0.10794719130209682,0.010354646647683147,0.07724689668774576,0.03968253968253968,0.21428571428571427,0.2528593580929537,0.6530048218846798,0.27867673139177995,0.78125,0.5541721127935164,1.0,0.0,0.0,6.522882211967676e-05,0
test_128,128,11,minkowski_2d,1,0.48191437007874016,0.0,,,0.48191437007874016,0.1059484299208578,0.08220576972172582,0.06765381669645136,0.05463364820015318,0.04544294102629563,0.04416645391881542,0.0,0.0,0.16568802655093184,0.2338524380903753,0.17155986724534084,0.028848608629052846,0.11103816899068368,0.06349206349206349,0.2857142857142857,0.3555624115001491,0.6751055208613941,0.14417854150379183,0.7552083333333334,0.2425619570377957,1.0,0.0,0.0,0.698965969399101,1
test_128,128,11,transitive_percolation,0,0.48191437007874016,0.0002460629921259838,594.0,1.0,0.4816683070866142,0.08531289910600255,0.1103448275862069,0.10881226053639846,0.08326947637292464,0.06768837803320563,0.06206896551724138,0.0,0.0,0.18671775223499362,0.19310344827586207,0.10268199233716475,0.0,0.07311723327048997,0.03968253968253968,0.1984126984126984,0.2892655636692877,0.8081709598380404,0.2765699745344896,0.7135416666666666,0.5283247222332537,1.0,0.0,0.0,3.61040722381578e-05,0
test_128,128,12,minkowski_2d,1,0.5036909448818898,0.0,,,0.5036909448818898,0.1084513922813874,0.0806057645334636,0.07449926722032242,0.052515876893014166,0.048119198827552515,0.044455300439667805,0.0,0.0,0.15510503175378604,0.24767953102100634,0.15925744992672203,0.029311187103077674,0.1095699475035088,0.06349206349206349,0.2777777777777778,0.2095238990620777,0.5450270700462237,0.15208263964126234,0.8802083333333334,0.20820723820310705,1.0,0.0,0.0,0.6871061771717222,1
test_128,128,12,transitive_percolation,0,0.5036909448818898,0.0029527559055118058,544.0,1.0,0.500738188976378,0.07542997542997543,0.09877149877149877,0.09041769041769042,0.07444717444717444,0.06707616707616708,0.055773955773955775,0.0,0.0,0.185012285012285,0.2194103194103194,0.12948402948402948,0.004176904176904177,0.08591123591123591,0.047619047619047616,0.23015873015873015,0.2687382026031049,0.7675307611150026,0.2562701738910853,0.7239583333333334,0.4556685489271177,1.0,0.0,0.0,0.0003125006045388765,0
test_128,128,13,minkowski_2d,1,0.5233759842519685,0.0,,,0.5233759842519685,0.10178655383168782,0.07310766337564645,0.059708509637987774,0.053361542078044194,0.04348848142924307,0.0465444287729196,0.0,0.0,0.16408086506817113,0.24753173483779972,0.18782322519981196,0.022566995768688293,0.11409616346146668,0.07142857142857142,0.2857142857142857,0.216649708571528,0.5244870672840813,0.11686697094015464,0.8802083333333334,0.1714444317595627,1.0,0.0,0.0,0.8057053670528538,1
test_128,128,13,transitive_percolation,0,0.5233759842519685,0.0002460629921260393,618.0,1.0,0.5231299212598425,0.0726716839134525,0.08889934148635936,0.08301975540921919,0.07455315145813735,0.06820319849482596,0.05856067732831609,0.0,0.0,0.1669802445907808,0.23400752587017873,0.14651928504233303,0.00658513640639699,0.09291052576565276,0.05555555555555555,0.23809523809523808,0.24798762026288812,0.6734842558811024,0.2105734367386003,0.796875,0.39057379950043614,1.0,0.0,0.0,0.002120684375344808,0
test_128,128,14,minkowski_2d,1,0.5135334645669292,0.0,,,0.5135334645669292,0.10086248203162435,0.07426928605654048,0.0663632007666507,0.053425970292285574,0.04695735505510302,0.04312410158121706,0.0,0.0,0.1605174892189746,0.25347388596070913,0.17321514135122185,0.027791087685673215,0.1136228808725215,0.07142857142857142,0.29365079365079366,0.22054232751423009,0.5247918231898698,0.11118810739898377,0.8854166666666666,0.19559112167309123,1.0,0.0,0.0,0.7936527982538656,1
test_128,128,14,transitive_percolation,0,0.5135334645669292,0.00418307086614178,627.0,2.0,0.5093503937007874,0.08381642512077295,0.11473429951690821,0.10579710144927536,0.08357487922705314,0.06038647342995169,0.050483091787439614,0.0,0.0,0.15966183574879228,0.19879227053140097,0.128743961352657,0.014009661835748793,0.08798980139559848,0.047619047619047616,0.23809523809523808,0.22780163518318197,0.5353855384717534,0.2449161475842827,0.8854166666666666,0.4921769268388392,1.0,0.0,0.0,0.0003779677946465587,0
test_128,128,15,minkowski_2d,1,0.48154527559055116,0.0,,,0.48154527559055116,0.1205927439959121,0.08507920286152273,0.06310679611650485,0.06463975472662238,0.044966785896780784,0.05033214103219213,0.0,0.0,0.1627491057741441,0.23326520183955032,0.14971895758814513,0.025549310168625446,0.10378292008337996,0.06349206349206349,0.2698412698412698,0.1995972209197111,0.5666403759527074,0.15990508274101267,0.8333333333333334,0.28796577715793537,1.0,0.0,0.0,0.5657986346766745,1
test_128,128,15,transitive_percolation,0,0.48154527559055116,0.0029527559055118613,480.0,2.0,0.484498031496063,0.07186389029964449,0.09928897917724733,0.1015744032503809,0.09344845099035043,0.07084814626714069,0.053580497714575924,0.0,0.0,0.1627729812087354,0.2206703910614525,0.12366683595733875,0.0022854240731335703,0.08227526663280853,0.047619047619047616,0.21428571428571427,0.3387432915233657,0.7377810359583122,0.1939761404164868,0.671875,0.36100197340911144,1.0,0.0,0.0,0.000371581855646198,0
test_128,128,16,minkowski_2d,1,0.49630905511811024,0.0,,,0.49630905511811024,0.10733763014377788,0.08552305404065444,0.06246901338621715,0.05528011898859692,0.05156172533465543,0.04858701041150223,0.0,0.0,0.16683192860684184,0.23698562221120476,0.15617253346554288,0.029251363411006447,0.10740845668956725,0.06349206349206349,0.2777777777777778,0.28891979896045794,0.6039961980367438,0.16326245270820006,0.7552083333333334,0.29326952484218083,1.0,0.0,0.0,0.5337540789061316,1
test_128,128,16,transitive_percolation,0,0.49630905511811024,0.001230314960629919,579.0,1.0,0.4950787401574803,0.08200795228628231,0.11381709741550695,0.0981610337972167,0.06883697813121273,0.05815109343936382,0.0536779324055666,0.0,0.0,0.16227634194831014,0.23161033797216699,0.12226640159045726,0.0091948310139165,0.08553835715863548,0.047619047619047616,0.21428571428571427,0.24128641497756176,0.6995603932677413,0.1719372153130404,0.8020833333333334,0.3271789333212898,1.0,0.0,0.0,0.0013748725892894834,0
test_128,128,17,minkowski_2d,1,0.5183316929133859,0.0,,,0.5183316929133859,0.10752432945644434,0.07215760740564918,0.0602895798718253,0.05554236885829575,0.04913363399003086,0.04082601471635414,0.0,0.0,0.16235461666271067,0.24281984334203655,0.17588416805126988,0.03346783764538334,0.11624073634517497,0.07142857142857142,0.29365079365079366,0.19659674502097968,0.44268317535638824,0.12443202018999167,0.9427083333333334,0.1901658334935179,1.0,0.0,0.0,0.8956500624478654,1
test_128,128,17,transitive_percolation,0,0.5183316929133859,0.000738188976378007,652.0,1.0,0.5175935039370079,0.07772759686237224,0.10791537913002139,0.09603042548134062,0.07748989778939862,0.06346565248395532,0.04706441644877585,0.0,0.0,0.16282386498692655,0.20299500831946754,0.1449964345139054,0.01949132398383646,0.09646432061454642,0.047619047619047616,0.2698412698412698,0.21183190056625167,0.5365809101961481,0.2204361499716172,0.8645833333333334,0.46036867439265183,1.0,0.0,0.0,0.0014283916378406206,0
test_128,128,18,minkowski_2d,1,0.5196850393700787,0.0,,,0.5196850393700787,0.10606060606060606,0.08096590909090909,0.06392045454545454,0.055634469696969696,0.04640151515151515,0.042850378787878785,0.0,0.0,0.15838068181818182,0.24053030303030304,0.1650094696969697,0.04024621212121212,0.11714240620490621,0.07142857142857142,0.30158730158730157,0.17387051304942835,0.47119922003771586,0.15157386398588535,0.9114583333333334,0.26685170876164577,1.0,0.0,0.0,0.8264217204920696,1
test_128,128,18,transitive_percolation,0,0.5196850393700787,0.0008612204724409711,590.0,1.0,0.5205462598425197,0.07161427558496809,0.09383124556842354,0.08934058142283148,0.07350508154100685,0.06665090995036635,0.05412432049160955,0.0,0.0,0.1767903568896242,0.20727960293074923,0.1427558496809265,0.02410777593949421,0.09880774179994223,0.05555555555555555,0.2698412698412698,0.2664638646618678,0.6378338335023603,0.2457772301902269,0.8020833333333334,0.481653401170691,1.0,0.0,0.0,0.0023428684804508463,0
test_128,128,19,minkowski_2d,1,0.4655511811023622,0.0,,,0.4655511811023622,0.1284355179704017,0.0732029598308668,0.07161733615221988,0.05972515856236787,0.04809725158562368,0.04175475687103594,0.0,0.0,0.1744186046511628,0.23625792811839325,0.1464059196617336,0.0200845665961945,0.09957758649619113,0.05555555555555555,0.25396825396825395,0.34151431582488856,0.5784363824736944,0.10518757825995895,0.8385416666666666,0.17797393139599804,1.0,0.0,0.0,0.7609934960321016,1
test_128,128,19,transitive_percolation,0,0.4655511811023622,0.0028297244094488416,594.0,1.0,0.46272145669291337,0.0938580164849774,0.140388194629088,0.12470087742621642,0.08800850837543206,0.06593990959851104,0.057165647434193036,0.0,0.0,0.16697686785429408,0.1781441106088806,0.08455198085615528,0.00026588673225206064,0.06552630801500782,0.031746031746031744,0.18253968253968253,0.25763116471708214,0.6625071430526427,0.26685124663063164,0.7864583333333334,0.5332706442288027,1.0,0.0,0.0,9.256259229552083e-06,0
test_128,128,20,minkowski_2d,1,0.48658956692913385,0.0,,,0.48658956692913385,0.10872313527180784,0.07737041719342605,0.06599241466498104,0.05764854614412136,0.054108723135271805,0.04399494310998736,0.0,0.0,0.16131479140328697,0.2503160556257901,0.15170670037926676,0.02882427307206068,0.10835791543756146,0.06349206349206349,0.2777777777777778,0.262156009449209,0.5630976294128757,0.13290623971239535,0.8333333333333334,0.23283273372705238,1.0,0.0,0.0,0.6919149159745608,1
test_128,128,20,transitive_percolation,0,0.48658956692913385,0.0002460629921259838,598.0,1.0,0.48683562992125984,0.08364922921405105,0.11902956785443518,0.11321708364922921,0.08491281273692192,0.060904725802375534,0.04826889057366692,0.0,0.0,0.1726055092241597,0.19939347990902198,0.1096790497851908,0.008339651250947688,0.08036992911898141,0.03968253968253968,0.21428571428571427,0.23560767092444257,0.6735628804921213,0.23587859277403844,0.78125,0.47235521340504616,1.0,0.015625,0.0,5.4244611265080915e-05,0
test_128,128,21,minkowski_2d,1,0.5027066929133859,0.0,,,0.5027066929133859,0.10768477728830152,0.07684777288301517,0.06534508076358296,0.0565345080763583,0.04503181595692609,0.0398923152227117,0.0,0.0,0.16544297601566324,0.24008810572687225,0.17498776309348996,0.028144884973078807,0.11266500400127419,0.06746031746031746,0.2857142857142857,0.22324405938082148,0.509430991549285,0.11697395578618319,0.8802083333333334,0.1955599380948292,1.0,0.0,0.0,0.7963522707235353,1
test_128,128,21,transitive_percolation,0,0.5027066929133859,0.0014763779527559029,584.0,1.0,0.5041830708661418,0.07613469985358712,0.10078086871644705,0.0951683748169839,0.07662274280136652,0.05807711078574915,0.054660810151293315,0.0,0.0,0.18252806246949732,0.23206442166910687,0.11883845778428502,0.005124450951683748,0.08442949328747279,0.047619047619047616,0.2222222222222222,0.2737065660065363,0.8028344500737103,0.21985213582487761,0.71875,0.4137776813413452,1.0,0.0,0.0,0.0003968304775546572,0
test_128,128,22,minkowski_2d,1,0.5175935039370079,0.0,,,0.5175935039370079,0.11076776800570477,0.0786783931542667,0.06417874970287615,0.054195388637984315,0.04920370810553839,0.04444972664606608,0.0,0.0,0.16448775849774186,0.24340385072498216,0.16924173995721417,0.021392916567625386,0.10753241951245279,0.06349206349206349,0.2777777777777778,0.20800644138573854,0.47040386681406177,0.1421126212033592,0.90625,0.20971746763590282,1.0,0.0,0.0,0.6417306089106068,1
test_128,128,22,transitive_percolation,0,0.5175935039370079,0.0009842519685039353,555.0,1.0,0.5185777559055118,0.07330960854092526,0.09323843416370106,0.08849347568208778,0.0704626334519573,0.05907473309608541,0.05290628706998814,0.0,0.0,0.18552787663107947,0.20830367734282326,0.15705812574139977,0.01162514827995255,0.0957916737276168,0.05555555555555555,0.25396825396825395,0.29511363118980427,0.768314590145954,0.3093162665819036,0.7083333333333334,0.5937467852680345,1.0,0.0,0.0,0.0005116294313477387,0
test_128,128,23,minkowski_2d,1,0.5137795275590551,0.0,,,0.5137795275590551,0.11613984674329501,0.0835727969348659,0.0610632183908046,0.05603448275862069,0.04118773946360153,0.04477969348659004,0.0,0.0,0.15756704980842912,0.24401340996168583,0.16738505747126436,0.02825670498084291,0.10953179164386061,0.06349206349206349,0.2857142857142857,0.14225846100691442,0.43596641778888845,0.1356889232826577,0.96875,0.21924626548416892,1.0,0.0,0.0,0.7813264643817337,1
test_128,128,23,transitive_percolation,0,0.5137795275590551,0.0002460629921259283,600.0,1.0,0.5135334645669292,0.08169621466219454,0.1142788691902252,0.10637278390033542,0.07882127455678006,0.06157163392429325,0.048873981792046,0.0,0.0,0.1638715860086248,0.21178725443219934,0.1231432678485865,0.009583133684714902,0.08475749347814511,0.047619047619047616,0.23015873015873015,0.2820903067908177,0.5971973516205857,0.2691972549003261,0.8333333333333334,0.5456820830021389,1.0,0.0,0.0,0.00016672708181216745,0
test_128,128,24,minkowski_2d,1,0.5078740157480315,0.0,,,0.5078740157480315,0.10562015503875968,0.0811531007751938,0.06516472868217055,0.055232558139534885,0.04578488372093023,0.045542635658914726,0.0,0.0,0.1686046511627907,0.23570736434108527,0.16497093023255813,0.03221899224806202,0.11213393626184323,0.06349206349206349,0.29365079365079366,0.21213381651575347,0.563690816686731,0.13144517278593582,0.8697916666666666,0.2514418018249136,1.0,0.0,0.0,0.6794277981200271,1
test_128,128,24,transitive_percolation,0,0.5078740157480315,0.0009842519685039353,561.0,1.0,0.5088582677165354,0.07374274661508703,0.0998549323017408,0.09743713733075435,0.08389748549323017,0.07446808510638298,0.058752417794970986,0.0,0.0,0.17456479690522245,0.22074468085106383,0.109284332688588,0.007253384912959381,0.08291501642565471,0.047619047619047616,0.21428571428571427,0.2865210279698742,0.7420537826943991,0.2840748328640881,0.7083333333333334,0.5503854911058021,1.0,0.0,0.0,9.883447892015699e-05,0
test_128,128,25,minkowski_2d,1,0.4938484251968504,0.0,,,0.4938484251968504,0.11285500747384156,0.07922272047832586,0.0622820129546587,0.05455904334828102,0.05256601893373194,0.04833084205281515,0.0,0.0,0.16567015445939212,0.24165421026407574,0.15421026407573493,0.028649725959143,0.10684627612878733,0.06349206349206349,0.2777777777777778,0.2743386685171608,0.6304417000399853,0.17368981366065617,0.8177083333333334,0.2770871318128425,1.0,0.0,0.0,0.6531021942586472,1
test_128,128,25,transitive_percolation,0,0.4938484251968504,0.0008612204724409711,611.0,1.0,0.49298720472440943,0.08260544047916146,0.10955827302221113,0.10282006488644871,0.079860244571999,0.06139256301472423,0.05440479161467432,0.0,0.0,0.1769403543798353,0.21113052158722237,0.11479910157224857,0.006488644871474919,0.08151607702393826,0.047619047619047616,0.2222222222222222,0.279632535305642,0.7075037847270269,0.25224253254785545,0.7395833333333334,0.49454787164341374,1.0,0.0,0.0,0.0001850219284152528,0
test_128,128,26,minkowski_2d,1,0.5066437007874016,0.0,,,0.5066437007874016,0.10514813016027198,0.07843613404565324,0.06629431762991743,0.055852355512384655,0.052695483244293344,0.04298203011170471,0.0,0.0,0.17459932005828072,0.22729480330257407,0.15492957746478872,0.04176784847013113,0.11416969248440836,0.06349206349206349,0.30158730158730157,0.24288719224543742,0.4990152278561397,0.14212309276559953,0.9010416666666666,0.21855130397722378,1.0,0.0,0.0,0.7909359742268854,1
test_128,128,26,transitive_percolation,0,0.5066437007874016,0.003198818897637845,578.0,1.0,0.5034448818897638,0.0772238514173998,0.09359726295210166,0.0926197458455523,0.07551319648093842,0.06500488758553274,0.050342130987292275,0.0,0.0,0.17595307917888564,0.22531769305962854,0.13734115347018572,0.007086999022482893,0.09012164657325947,0.047619047619047616,0.23809523809523808,0.24419476450059519,0.6554228201936064,0.21869702017779968,0.7708333333333334,0.4303408130387769,1.0,0.0,0.0,0.0008833105238532361,0
test_128,128,27,minkowski_2d,1,0.5190698818897638,0.0,,,0.5190698818897638,0.1080824840009481,0.08106186300071107,0.05404124200047405,0.05688551789523584,0.05261910405309315,0.039819862526665084,0.0,0.0,0.16378288694003318,0.24294856601090306,0.17302678359800902,0.02773168997392747,0.11236206578704801,0.06349206349206349,0.29365079365079366,0.19902961894507132,0.5109563453835309,0.13862279775946706,0.8854166666666666,0.23545897640790603,1.0,0.0,0.0,0.7371457054228362,1
test_128,128,27,transitive_percolation,0,0.5190698818897638,0.00012303149606296415,608.0,1.0,0.5189468503937008,0.0732574679943101,0.10028449502133713,0.09672830725462304,0.0815552394499763,0.062351825509720245,0.05263157894736842,0.0,0.0,0.1728307254623044,0.21242294926505453,0.13845424371740161,0.00948316737790422,0.09110802531855162,0.047619047619047616,0.24603174603174602,0.2550547875038516,0.6663566250262298,0.24419515810309145,0.7708333333333334,0.4965069654737835,1.0,0.015625,0.0,0.00020364922197403396,0
