sample_index,maximum_flow_aggregation_error,maximum_macro_row_sum_error
0,2.220446049250313e-16,4.440892098500626e-16
1,1.1102230246251565e-16,2.220446049250313e-16
2,4.440892098500626e-16,4.440892098500626e-16
3,1.1102230246251565e-16,2.220446049250313e-16
4,1.3877787807814457e-16,4.440892098500626e-16
5,2.220446049250313e-16,2.220446049250313e-16
6,8.326672684688674e-17,2.220446049250313e-16
7,5.551115123125783e-17,2.220446049250313e-16
8,1.1102230246251565e-16,2.220446049250313e-16
9,1.6653345369377348e-16,1.1102230246251565e-16
10,3.3306690738754696e-16,6.661338147750939e-16
11,2.220446049250313e-16,0.0
12,2.220446049250313e-16,3.3306690738754696e-16
13,5.551115123125783e-17,2.220446049250313e-16
14,5.551115123125783e-17,2.220446049250313e-16
15,2.220446049250313e-16,1.1102230246251565e-16
16,3.3306690738754696e-16,2.220446049250313e-16
17,3.3306690738754696e-16,4.440892098500626e-16
18,2.7755575615628914e-17,2.220446049250313e-16
19,2.220446049250313e-16,2.220446049250313e-16
20,1.1102230246251565e-16,2.220446049250313e-16
21,1.1102230246251565e-16,2.220446049250313e-16
22,2.220446049250313e-16,2.220446049250313e-16
23,5.551115123125783e-17,1.1102230246251565e-16
24,1.6653345369377348e-16,2.220446049250313e-16
25,1.6653345369377348e-16,1.1102230246251565e-16
26,1.1102230246251565e-16,4.440892098500626e-16
27,2.220446049250313e-16,3.3306690738754696e-16
28,1.1102230246251565e-16,1.1102230246251565e-16
29,1.6653345369377348e-16,2.220446049250313e-16
30,4.440892098500626e-16,4.440892098500626e-16
31,1.1102230246251565e-16,2.220446049250313e-16
32,1.1102230246251565e-16,2.220446049250313e-16
33,3.3306690738754696e-16,2.220446049250313e-16
34,1.6653345369377348e-16,2.220446049250313e-16
35,1.1102230246251565e-16,2.220446049250313e-16
36,5.551115123125783e-17,2.220446049250313e-16
37,1.6653345369377348e-16,2.220446049250313e-16
38,1.1102230246251565e-16,1.1102230246251565e-16
39,1.1102230246251565e-16,2.220446049250313e-16
40,1.1102230246251565e-16,4.440892098500626e-16
41,1.6653345369377348e-16,2.220446049250313e-16
42,2.7755575615628914e-16,4.440892098500626e-16
43,5.551115123125783e-17,2.220446049250313e-16
44,1.1102230246251565e-16,1.1102230246251565e-16
45,6.661338147750939e-16,5.551115123125783e-16
46,2.220446049250313e-16,4.440892098500626e-16
47,4.440892098500626e-16,3.3306690738754696e-16
48,1.1102230246251565e-16,0.0
49,1.1102230246251565e-16,4.440892098500626e-16
50,2.220446049250313e-16,3.3306690738754696e-16
51,1.6653345369377348e-16,4.440892098500626e-16
52,1.1102230246251565e-16,0.0
53,1.1102230246251565e-16,2.220446049250313e-16
54,1.1102230246251565e-16,1.1102230246251565e-16
55,1.1102230246251565e-16,1.1102230246251565e-16
56,3.3306690738754696e-16,4.440892098500626e-16
57,5.551115123125783e-17,2.220446049250313e-16
58,1.6653345369377348e-16,2.220446049250313e-16
59,1.1102230246251565e-16,2.220446049250313e-16
60,1.1102230246251565e-16,1.1102230246251565e-16
61,5.551115123125783e-17,2.220446049250313e-16
62,2.7755575615628914e-16,2.220446049250313e-16
63,1.1102230246251565e-16,2.220446049250313e-16
64,5.551115123125783e-16,4.440892098500626e-16
65,1.6653345369377348e-16,2.220446049250313e-16
66,1.1102230246251565e-16,2.220446049250313e-16
67,2.220446049250313e-16,2.220446049250313e-16
68,2.220446049250313e-16,2.220446049250313e-16
69,1.1102230246251565e-16,2.220446049250313e-16
70,1.1102230246251565e-16,2.220446049250313e-16
71,2.220446049250313e-16,2.220446049250313e-16
72,2.220446049250313e-16,1.1102230246251565e-16
73,5.551115123125783e-17,2.220446049250313e-16
74,5.551115123125783e-17,2.220446049250313e-16
75,3.3306690738754696e-16,4.440892098500626e-16
76,5.551115123125783e-17,3.3306690738754696e-16
77,1.6653345369377348e-16,2.220446049250313e-16
78,1.1102230246251565e-16,2.220446049250313e-16
79,1.6653345369377348e-16,2.220446049250313e-16
80,1.1102230246251565e-16,2.220446049250313e-16
81,1.1102230246251565e-16,2.220446049250313e-16
82,1.1102230246251565e-16,0.0
83,2.220446049250313e-16,0.0
84,1.3877787807814457e-16,2.220446049250313e-16
85,1.1102230246251565e-16,2.220446049250313e-16
86,1.1102230246251565e-16,0.0
87,2.220446049250313e-16,0.0
88,1.6653345369377348e-16,2.220446049250313e-16
89,2.220446049250313e-16,4.440892098500626e-16
90,2.220446049250313e-16,2.220446049250313e-16
91,1.6653345369377348e-16,1.1102230246251565e-16
92,5.551115123125783e-17,2.220446049250313e-16
93,1.1102230246251565e-16,2.220446049250313e-16
94,1.1102230246251565e-16,2.220446049250313e-16
95,1.1102230246251565e-16,3.3306690738754696e-16
96,2.220446049250313e-16,2.220446049250313e-16
97,1.6653345369377348e-16,0.0
98,2.220446049250313e-16,2.220446049250313e-16
99,2.220446049250313e-16,2.220446049250313e-16
100,1.1102230246251565e-16,4.440892098500626e-16
101,4.440892098500626e-16,4.440892098500626e-16
102,1.6653345369377348e-16,2.220446049250313e-16
103,3.3306690738754696e-16,4.440892098500626e-16
104,1.1102230246251565e-16,2.220446049250313e-16
105,5.551115123125783e-17,2.220446049250313e-16
106,1.1102230246251565e-16,2.220446049250313e-16
107,1.1102230246251565e-16,2.220446049250313e-16
108,4.440892098500626e-16,4.440892098500626e-16
109,1.1102230246251565e-16,1.1102230246251565e-16
110,1.1102230246251565e-16,2.220446049250313e-16
111,5.551115123125783e-16,4.440892098500626e-16
112,1.6653345369377348e-16,0.0
113,5.551115123125783e-17,1.1102230246251565e-16
114,1.6653345369377348e-16,2.220446049250313e-16
115,1.1102230246251565e-16,2.220446049250313e-16
116,1.1102230246251565e-16,1.1102230246251565e-16
117,5.551115123125783e-17,1.1102230246251565e-16
118,2.220446049250313e-16,2.220446049250313e-16
119,1.6653345369377348e-16,1.1102230246251565e-16
120,5.551115123125783e-17,0.0
121,1.6653345369377348e-16,4.440892098500626e-16
122,8.326672684688674e-17,1.1102230246251565e-16
123,2.220446049250313e-16,4.440892098500626e-16
124,2.220446049250313e-16,2.220446049250313e-16
125,5.551115123125783e-17,2.220446049250313e-16
126,2.220446049250313e-16,4.440892098500626e-16
127,1.1102230246251565e-16,2.220446049250313e-16
128,1.1102230246251565e-16,2.220446049250313e-16
129,4.440892098500626e-16,4.440892098500626e-16
130,1.1102230246251565e-16,2.220446049250313e-16
131,1.6653345369377348e-16,4.440892098500626e-16
132,2.220446049250313e-16,2.220446049250313e-16
133,1.1102230246251565e-16,2.220446049250313e-16
134,1.1102230246251565e-16,2.220446049250313e-16
135,1.1102230246251565e-16,2.220446049250313e-16
136,5.551115123125783e-17,2.220446049250313e-16
137,5.551115123125783e-17,1.1102230246251565e-16
138,1.1102230246251565e-16,0.0
139,1.6653345369377348e-16,2.220446049250313e-16
140,1.1102230246251565e-16,2.220446049250313e-16
141,2.220446049250313e-16,2.220446049250313e-16
142,1.1102230246251565e-16,2.220446049250313e-16
143,1.1102230246251565e-16,2.220446049250313e-16
144,1.6653345369377348e-16,2.220446049250313e-16
145,2.220446049250313e-16,2.220446049250313e-16
146,1.6653345369377348e-16,4.440892098500626e-16
147,2.7755575615628914e-16,2.220446049250313e-16
148,1.1102230246251565e-16,0.0
149,2.220446049250313e-16,2.220446049250313e-16
150,5.551115123125783e-17,0.0
151,1.1102230246251565e-16,2.220446049250313e-16
152,1.1102230246251565e-16,1.1102230246251565e-16
153,2.220446049250313e-16,6.661338147750939e-16
154,1.1102230246251565e-16,2.220446049250313e-16
155,1.1102230246251565e-16,1.1102230246251565e-16
156,8.326672684688674e-17,2.220446049250313e-16
157,5.551115123125783e-17,2.220446049250313e-16
158,2.220446049250313e-16,2.220446049250313e-16
159,4.996003610813204e-16,6.661338147750939e-16
160,5.551115123125783e-17,2.220446049250313e-16
161,1.1102230246251565e-16,0.0
162,1.6653345369377348e-16,2.220446049250313e-16
163,1.1102230246251565e-16,4.440892098500626e-16
164,1.6653345369377348e-16,2.220446049250313e-16
165,1.1102230246251565e-16,2.220446049250313e-16
166,2.220446049250313e-16,2.220446049250313e-16
167,1.1102230246251565e-16,2.220446049250313e-16
168,1.1102230246251565e-16,2.220446049250313e-16
169,2.7755575615628914e-16,4.440892098500626e-16
170,1.1102230246251565e-16,2.220446049250313e-16
171,2.7755575615628914e-16,4.440892098500626e-16
172,1.1102230246251565e-16,1.1102230246251565e-16
173,1.1102230246251565e-16,2.220446049250313e-16
174,1.6653345369377348e-16,1.1102230246251565e-16
175,1.1102230246251565e-16,2.220446049250313e-16
176,1.6653345369377348e-16,3.3306690738754696e-16
177,2.220446049250313e-16,2.220446049250313e-16
178,2.7755575615628914e-16,2.220446049250313e-16
179,1.1102230246251565e-16,0.0
180,2.220446049250313e-16,4.440892098500626e-16
181,5.551115123125783e-17,2.220446049250313e-16
182,1.1102230246251565e-16,2.220446049250313e-16
183,1.1102230246251565e-16,2.220446049250313e-16
184,1.1102230246251565e-16,2.220446049250313e-16
185,8.326672684688674e-17,2.220446049250313e-16
186,1.1102230246251565e-16,2.220446049250313e-16
187,1.6653345369377348e-16,1.1102230246251565e-16
188,1.6653345369377348e-16,2.220446049250313e-16
189,2.220446049250313e-16,2.220446049250313e-16
190,3.3306690738754696e-16,2.220446049250313e-16
191,2.220446049250313e-16,2.220446049250313e-16
192,1.1102230246251565e-16,2.220446049250313e-16
193,2.7755575615628914e-16,2.220446049250313e-16
194,5.551115123125783e-17,2.220446049250313e-16
195,5.551115123125783e-17,0.0
196,1.1102230246251565e-16,0.0
197,1.1102230246251565e-16,2.220446049250313e-16
198,3.3306690738754696e-16,1.1102230246251565e-16
199,2.220446049250313e-16,0.0
200,1.1102230246251565e-16,1.1102230246251565e-16
201,1.1102230246251565e-16,3.3306690738754696e-16
202,5.551115123125783e-17,2.220446049250313e-16
203,5.551115123125783e-17,2.220446049250313e-16
204,1.1102230246251565e-16,2.220446049250313e-16
205,1.1102230246251565e-16,2.220446049250313e-16
206,1.1102230246251565e-16,2.220446049250313e-16
207,6.661338147750939e-16,8.881784197001252e-16
208,1.1102230246251565e-16,2.220446049250313e-16
209,2.220446049250313e-16,0.0
210,5.551115123125783e-17,2.220446049250313e-16
211,1.6653345369377348e-16,2.220446049250313e-16
212,2.220446049250313e-16,0.0
213,2.220446049250313e-16,0.0
214,1.1102230246251565e-16,2.220446049250313e-16
215,1.6653345369377348e-16,2.220446049250313e-16
216,1.1102230246251565e-16,1.1102230246251565e-16
217,1.6653345369377348e-16,4.440892098500626e-16
218,5.551115123125783e-17,2.220446049250313e-16
219,5.551115123125783e-17,2.220446049250313e-16
220,1.1102230246251565e-16,2.220446049250313e-16
221,1.1102230246251565e-16,2.220446049250313e-16
222,2.7755575615628914e-16,4.440892098500626e-16
223,1.1102230246251565e-16,1.1102230246251565e-16
224,1.1102230246251565e-16,2.220446049250313e-16
225,2.220446049250313e-16,2.220446049250313e-16
226,1.1102230246251565e-16,3.3306690738754696e-16
227,2.220446049250313e-16,2.220446049250313e-16
228,2.220446049250313e-16,2.220446049250313e-16
229,5.551115123125783e-17,1.1102230246251565e-16
230,5.551115123125783e-17,2.220446049250313e-16
231,4.440892098500626e-16,6.661338147750939e-16
232,1.1102230246251565e-16,2.220446049250313e-16
233,4.440892098500626e-16,2.220446049250313e-16
234,1.6653345369377348e-16,3.3306690738754696e-16
235,3.885780586188048e-16,4.440892098500626e-16
236,1.3877787807814457e-16,1.1102230246251565e-16
237,1.1102230246251565e-16,2.220446049250313e-16
238,1.1102230246251565e-16,2.220446049250313e-16
239,5.551115123125783e-17,2.220446049250313e-16
240,1.6653345369377348e-16,2.220446049250313e-16
241,1.1102230246251565e-16,4.440892098500626e-16
242,2.220446049250313e-16,2.220446049250313e-16
243,1.1102230246251565e-16,1.1102230246251565e-16
244,1.1102230246251565e-16,2.220446049250313e-16
245,2.220446049250313e-16,1.1102230246251565e-16
246,5.551115123125783e-17,3.3306690738754696e-16
247,2.220446049250313e-16,5.551115123125783e-16
248,1.1102230246251565e-16,2.220446049250313e-16
249,2.220446049250313e-16,4.440892098500626e-16
250,1.1102230246251565e-16,4.440892098500626e-16
251,2.220446049250313e-16,4.440892098500626e-16
252,1.1102230246251565e-16,2.220446049250313e-16
253,1.6653345369377348e-16,2.220446049250313e-16
254,1.6653345369377348e-16,2.220446049250313e-16
255,1.1102230246251565e-16,4.440892098500626e-16
256,1.1102230246251565e-16,2.220446049250313e-16
257,2.7755575615628914e-16,2.220446049250313e-16
258,2.220446049250313e-16,2.220446049250313e-16
259,1.1102230246251565e-16,4.440892098500626e-16
260,4.440892098500626e-16,4.440892098500626e-16
261,3.3306690738754696e-16,4.440892098500626e-16
262,2.7755575615628914e-16,5.551115123125783e-16
263,1.1102230246251565e-16,2.220446049250313e-16
264,2.7755575615628914e-16,2.220446049250313e-16
265,1.1102230246251565e-16,2.220446049250313e-16
266,1.1102230246251565e-16,2.220446049250313e-16
267,1.6653345369377348e-16,2.220446049250313e-16
268,1.1102230246251565e-16,2.220446049250313e-16
269,1.1102230246251565e-16,1.1102230246251565e-16
270,1.1102230246251565e-16,4.440892098500626e-16
271,1.1102230246251565e-16,2.220446049250313e-16
272,1.6653345369377348e-16,4.440892098500626e-16
273,2.220446049250313e-16,2.220446049250313e-16
274,1.1102230246251565e-16,2.220446049250313e-16
275,1.1102230246251565e-16,0.0
276,1.6653345369377348e-16,2.220446049250313e-16
277,2.220446049250313e-16,2.220446049250313e-16
278,1.1102230246251565e-16,0.0
279,5.551115123125783e-17,1.1102230246251565e-16
280,2.220446049250313e-16,4.440892098500626e-16
281,1.1102230246251565e-16,2.220446049250313e-16
282,1.1102230246251565e-16,2.220446049250313e-16
283,1.1102230246251565e-16,2.220446049250313e-16
284,1.1102230246251565e-16,2.220446049250313e-16
285,1.1102230246251565e-16,1.1102230246251565e-16
286,1.1102230246251565e-16,2.220446049250313e-16
287,1.6653345369377348e-16,2.220446049250313e-16
288,2.7755575615628914e-16,2.220446049250313e-16
289,5.551115123125783e-17,1.1102230246251565e-16
290,5.551115123125783e-17,2.220446049250313e-16
291,1.1102230246251565e-16,0.0
292,2.220446049250313e-16,1.1102230246251565e-16
293,2.220446049250313e-16,0.0
294,1.1102230246251565e-16,2.220446049250313e-16
295,5.551115123125783e-17,2.220446049250313e-16
296,8.326672684688674e-17,2.220446049250313e-16
297,5.551115123125783e-16,6.661338147750939e-16
298,3.3306690738754696e-16,4.440892098500626e-16
299,2.220446049250313e-16,0.0
300,5.551115123125783e-17,1.1102230246251565e-16
301,1.6653345369377348e-16,2.220446049250313e-16
302,1.942890293094024e-16,2.220446049250313e-16
303,1.1102230246251565e-16,2.220446049250313e-16
304,5.551115123125783e-17,0.0
305,2.220446049250313e-16,1.1102230246251565e-16
306,4.440892098500626e-16,4.440892098500626e-16
307,3.3306690738754696e-16,4.440892098500626e-16
308,1.1102230246251565e-16,2.220446049250313e-16
309,3.3306690738754696e-16,4.440892098500626e-16
310,3.885780586188048e-16,3.3306690738754696e-16
311,1.1102230246251565e-16,1.1102230246251565e-16
312,1.1102230246251565e-16,1.1102230246251565e-16
313,1.1102230246251565e-16,2.220446049250313e-16
314,4.440892098500626e-16,4.440892098500626e-16
315,5.551115123125783e-17,2.220446049250313e-16
316,5.551115123125783e-17,2.220446049250313e-16
317,2.220446049250313e-16,2.220446049250313e-16
318,1.6653345369377348e-16,2.220446049250313e-16
319,3.3306690738754696e-16,5.551115123125783e-16
320,1.1102230246251565e-16,2.220446049250313e-16
321,8.326672684688674e-17,2.220446049250313e-16
322,2.220446049250313e-16,4.440892098500626e-16
323,1.1102230246251565e-16,2.220446049250313e-16
324,2.220446049250313e-16,2.220446049250313e-16
325,1.1102230246251565e-16,2.220446049250313e-16
326,1.6653345369377348e-16,4.440892098500626e-16
327,1.1102230246251565e-16,3.3306690738754696e-16
328,1.1102230246251565e-16,2.220446049250313e-16
329,1.1102230246251565e-16,2.220446049250313e-16
330,1.6653345369377348e-16,2.220446049250313e-16
331,1.1102230246251565e-16,0.0
332,2.220446049250313e-16,3.3306690738754696e-16
333,1.1102230246251565e-16,2.220446049250313e-16
334,2.220446049250313e-16,2.220446049250313e-16
335,1.1102230246251565e-16,2.220446049250313e-16
336,2.220446049250313e-16,0.0
337,1.1102230246251565e-16,2.220446049250313e-16
338,8.326672684688674e-17,2.220446049250313e-16
339,1.1102230246251565e-16,2.220446049250313e-16
340,5.551115123125783e-17,2.220446049250313e-16
341,1.1102230246251565e-16,2.220446049250313e-16
342,1.6653345369377348e-16,2.220446049250313e-16
343,2.220446049250313e-16,4.440892098500626e-16
344,1.1102230246251565e-16,2.220446049250313e-16
345,2.220446049250313e-16,2.220446049250313e-16
346,1.1102230246251565e-16,2.220446049250313e-16
347,2.220446049250313e-16,2.220446049250313e-16
348,5.551115123125783e-17,3.3306690738754696e-16
349,1.1102230246251565e-16,2.220446049250313e-16
350,2.220446049250313e-16,4.440892098500626e-16
351,2.220446049250313e-16,2.220446049250313e-16
352,2.7755575615628914e-16,2.220446049250313e-16
353,2.220446049250313e-16,2.220446049250313e-16
354,1.1102230246251565e-16,2.220446049250313e-16
355,5.551115123125783e-17,2.220446049250313e-16
356,2.220446049250313e-16,2.220446049250313e-16
357,1.1102230246251565e-16,2.220446049250313e-16
358,1.1102230246251565e-16,2.220446049250313e-16
359,2.220446049250313e-16,4.440892098500626e-16
360,1.6653345369377348e-16,6.661338147750939e-16
361,1.1102230246251565e-16,2.220446049250313e-16
362,4.440892098500626e-16,6.661338147750939e-16
363,1.1102230246251565e-16,2.220446049250313e-16
364,2.220446049250313e-16,2.220446049250313e-16
365,1.1102230246251565e-16,2.220446049250313e-16
366,1.1102230246251565e-16,2.220446049250313e-16
367,1.6653345369377348e-16,2.220446049250313e-16
368,5.551115123125783e-17,1.1102230246251565e-16
369,1.1102230246251565e-16,2.220446049250313e-16
370,1.6653345369377348e-16,0.0
371,1.1102230246251565e-16,1.1102230246251565e-16
372,1.6653345369377348e-16,0.0
373,1.6653345369377348e-16,2.220446049250313e-16
374,5.551115123125783e-17,1.1102230246251565e-16
375,1.1102230246251565e-16,1.1102230246251565e-16
376,1.1102230246251565e-16,2.220446049250313e-16
377,1.1102230246251565e-16,2.220446049250313e-16
378,1.6653345369377348e-16,2.220446049250313e-16
379,1.6653345369377348e-16,2.220446049250313e-16
380,1.1102230246251565e-16,0.0
381,5.551115123125783e-16,6.661338147750939e-16
382,2.220446049250313e-16,2.220446049250313e-16
383,1.6653345369377348e-16,1.1102230246251565e-16
384,1.1102230246251565e-16,0.0
385,1.1102230246251565e-16,2.220446049250313e-16
386,2.7755575615628914e-16,3.3306690738754696e-16
387,1.6653345369377348e-16,4.440892098500626e-16
388,1.1102230246251565e-16,2.220446049250313e-16
389,1.1102230246251565e-16,2.220446049250313e-16
390,1.1102230246251565e-16,0.0
391,1.6653345369377348e-16,2.220446049250313e-16
392,1.1102230246251565e-16,2.220446049250313e-16
393,5.551115123125783e-17,2.220446049250313e-16
394,1.1102230246251565e-16,2.220446049250313e-16
395,1.1102230246251565e-16,2.220446049250313e-16
396,3.3306690738754696e-16,1.1102230246251565e-16
397,8.326672684688674e-17,2.220446049250313e-16
398,1.1102230246251565e-16,2.220446049250313e-16
399,1.1102230246251565e-16,0.0
400,1.1102230246251565e-16,2.220446049250313e-16
401,1.6653345369377348e-16,2.220446049250313e-16
402,1.6653345369377348e-16,4.440892098500626e-16
403,1.1102230246251565e-16,0.0
404,1.1102230246251565e-16,4.440892098500626e-16
405,1.1102230246251565e-16,2.220446049250313e-16
406,2.220446049250313e-16,4.440892098500626e-16
407,3.3306690738754696e-16,4.440892098500626e-16
408,1.1102230246251565e-16,2.220446049250313e-16
409,1.1102230246251565e-16,2.220446049250313e-16
410,5.551115123125783e-17,2.220446049250313e-16
411,1.1102230246251565e-16,2.220446049250313e-16
412,2.7755575615628914e-16,2.220446049250313e-16
413,2.220446049250313e-16,2.220446049250313e-16
414,2.220446049250313e-16,4.440892098500626e-16
415,8.326672684688674e-17,0.0
416,2.220446049250313e-16,2.220446049250313e-16
417,1.6653345369377348e-16,2.220446049250313e-16
418,1.1102230246251565e-16,2.220446049250313e-16
419,1.1102230246251565e-16,2.220446049250313e-16
420,5.551115123125783e-16,4.440892098500626e-16
421,1.1102230246251565e-16,2.220446049250313e-16
422,1.1102230246251565e-16,4.440892098500626e-16
423,2.7755575615628914e-16,2.220446049250313e-16
424,3.3306690738754696e-16,4.440892098500626e-16
425,2.220446049250313e-16,2.220446049250313e-16
426,2.220446049250313e-16,2.220446049250313e-16
427,5.551115123125783e-17,3.3306690738754696e-16
428,1.1102230246251565e-16,0.0
429,1.1102230246251565e-16,3.3306690738754696e-16
430,2.220446049250313e-16,2.220446049250313e-16
431,8.326672684688674e-17,2.220446049250313e-16
432,1.6653345369377348e-16,2.220446049250313e-16
433,1.1102230246251565e-16,2.220446049250313e-16
434,5.551115123125783e-17,2.220446049250313e-16
435,1.6653345369377348e-16,2.220446049250313e-16
436,1.1102230246251565e-16,0.0
437,2.220446049250313e-16,0.0
438,1.1102230246251565e-16,1.1102230246251565e-16
439,3.3306690738754696e-16,3.3306690738754696e-16
440,2.220446049250313e-16,2.220446049250313e-16
441,1.1102230246251565e-16,2.220446049250313e-16
442,1.1102230246251565e-16,2.220446049250313e-16
443,3.3306690738754696e-16,4.440892098500626e-16
444,2.220446049250313e-16,2.220446049250313e-16
445,5.551115123125783e-17,2.220446049250313e-16
446,1.1102230246251565e-16,2.220446049250313e-16
447,1.1102230246251565e-16,2.220446049250313e-16
448,2.220446049250313e-16,1.1102230246251565e-16
449,1.1102230246251565e-16,1.1102230246251565e-16
450,1.6653345369377348e-16,2.220446049250313e-16
451,3.3306690738754696e-16,4.440892098500626e-16
452,5.551115123125783e-17,1.1102230246251565e-16
453,1.1102230246251565e-16,1.1102230246251565e-16
454,4.440892098500626e-16,0.0
455,1.6653345369377348e-16,0.0
456,3.3306690738754696e-16,4.440892098500626e-16
457,1.1102230246251565e-16,2.220446049250313e-16
458,1.1102230246251565e-16,5.551115123125783e-16
459,2.7755575615628914e-16,4.440892098500626e-16
460,5.551115123125783e-17,3.3306690738754696e-16
461,1.6653345369377348e-16,2.220446049250313e-16
462,1.1102230246251565e-16,1.1102230246251565e-16
463,1.6653345369377348e-16,2.220446049250313e-16
464,1.1102230246251565e-16,2.220446049250313e-16
465,3.3306690738754696e-16,2.220446049250313e-16
466,5.551115123125783e-17,2.220446049250313e-16
467,3.3306690738754696e-16,2.220446049250313e-16
468,2.220446049250313e-16,3.3306690738754696e-16
469,1.1102230246251565e-16,2.220446049250313e-16
470,5.551115123125783e-17,2.220446049250313e-16
471,5.551115123125783e-16,4.440892098500626e-16
472,1.1102230246251565e-16,0.0
473,1.1102230246251565e-16,1.1102230246251565e-16
474,2.220446049250313e-16,3.3306690738754696e-16
475,1.1102230246251565e-16,0.0
476,1.1102230246251565e-16,0.0
477,1.1102230246251565e-16,1.1102230246251565e-16
478,2.220446049250313e-16,2.220446049250313e-16
479,1.1102230246251565e-16,2.220446049250313e-16
480,1.1102230246251565e-16,0.0
481,1.1102230246251565e-16,2.220446049250313e-16
482,2.220446049250313e-16,3.3306690738754696e-16
483,5.551115123125783e-17,2.220446049250313e-16
484,1.1102230246251565e-16,2.220446049250313e-16
485,8.326672684688674e-17,2.220446049250313e-16
486,3.3306690738754696e-16,1.1102230246251565e-16
487,1.6653345369377348e-16,3.3306690738754696e-16
488,5.551115123125783e-17,0.0
489,6.661338147750939e-16,6.661338147750939e-16
490,5.551115123125783e-17,2.220446049250313e-16
491,2.7755575615628914e-16,4.440892098500626e-16
492,8.326672684688674e-17,2.220446049250313e-16
493,5.551115123125783e-17,2.220446049250313e-16
494,1.1102230246251565e-16,2.220446049250313e-16
495,1.1102230246251565e-16,2.220446049250313e-16
496,3.3306690738754696e-16,4.440892098500626e-16
497,1.6653345369377348e-16,2.220446049250313e-16
498,2.220446049250313e-16,2.220446049250313e-16
499,1.1102230246251565e-16,2.220446049250313e-16
500,1.1102230246251565e-16,0.0
501,3.3306690738754696e-16,4.440892098500626e-16
502,5.551115123125783e-17,3.3306690738754696e-16
503,1.1102230246251565e-16,2.220446049250313e-16
504,5.551115123125783e-17,2.220446049250313e-16
505,1.1102230246251565e-16,2.220446049250313e-16
506,1.6653345369377348e-16,3.3306690738754696e-16
507,5.551115123125783e-17,2.220446049250313e-16
508,1.1102230246251565e-16,3.3306690738754696e-16
509,2.220446049250313e-16,2.220446049250313e-16
510,1.1102230246251565e-16,2.220446049250313e-16
511,1.1102230246251565e-16,2.220446049250313e-16
512,5.551115123125783e-17,2.220446049250313e-16
513,1.1102230246251565e-16,2.220446049250313e-16
514,2.220446049250313e-16,1.1102230246251565e-16
515,1.1102230246251565e-16,2.220446049250313e-16
516,2.220446049250313e-16,2.220446049250313e-16
517,5.551115123125783e-17,2.220446049250313e-16
518,8.326672684688674e-17,1.1102230246251565e-16
519,5.551115123125783e-17,2.220446049250313e-16
520,2.220446049250313e-16,4.440892098500626e-16
521,2.220446049250313e-16,4.440892098500626e-16
522,2.220446049250313e-16,4.440892098500626e-16
523,4.440892098500626e-16,4.440892098500626e-16
524,5.551115123125783e-17,2.220446049250313e-16
525,1.6653345369377348e-16,2.220446049250313e-16
526,1.1102230246251565e-16,3.3306690738754696e-16
527,8.326672684688674e-17,2.220446049250313e-16
528,1.1102230246251565e-16,2.220446049250313e-16
529,1.6653345369377348e-16,1.1102230246251565e-16
530,3.3306690738754696e-16,6.661338147750939e-16
531,1.6653345369377348e-16,2.220446049250313e-16
532,2.220446049250313e-16,4.440892098500626e-16
533,1.1102230246251565e-16,2.220446049250313e-16
534,1.1102230246251565e-16,4.440892098500626e-16
535,2.220446049250313e-16,4.440892098500626e-16
536,1.1102230246251565e-16,0.0
537,1.1102230246251565e-16,2.220446049250313e-16
538,1.1102230246251565e-16,0.0
539,2.220446049250313e-16,2.220446049250313e-16
540,1.1102230246251565e-16,4.440892098500626e-16
541,1.6653345369377348e-16,4.440892098500626e-16
542,1.1102230246251565e-16,2.220446049250313e-16
543,1.6653345369377348e-16,2.220446049250313e-16
544,1.1102230246251565e-16,1.1102230246251565e-16
545,5.551115123125783e-17,3.3306690738754696e-16
546,1.6653345369377348e-16,2.220446049250313e-16
547,1.1102230246251565e-16,2.220446049250313e-16
548,1.1102230246251565e-16,2.220446049250313e-16
549,1.1102230246251565e-16,2.220446049250313e-16
550,1.1102230246251565e-16,4.440892098500626e-16
551,5.551115123125783e-17,3.3306690738754696e-16
552,2.220446049250313e-16,4.440892098500626e-16
553,1.1102230246251565e-16,2.220446049250313e-16
554,4.440892098500626e-16,2.220446049250313e-16
555,1.1102230246251565e-16,2.220446049250313e-16
556,1.1102230246251565e-16,3.3306690738754696e-16
557,8.326672684688674e-17,2.220446049250313e-16
558,1.1102230246251565e-16,2.220446049250313e-16
559,2.220446049250313e-16,0.0
560,5.551115123125783e-17,1.1102230246251565e-16
561,1.1102230246251565e-16,1.1102230246251565e-16
562,5.551115123125783e-17,2.220446049250313e-16
563,1.6653345369377348e-16,2.220446049250313e-16
564,1.1102230246251565e-16,2.220446049250313e-16
565,1.1102230246251565e-16,2.220446049250313e-16
566,2.220446049250313e-16,4.440892098500626e-16
567,6.661338147750939e-16,6.661338147750939e-16
568,5.551115123125783e-17,2.220446049250313e-16
569,3.3306690738754696e-16,2.220446049250313e-16
570,2.220446049250313e-16,2.220446049250313e-16
571,1.3877787807814457e-16,2.220446049250313e-16
572,2.220446049250313e-16,2.220446049250313e-16
573,1.1102230246251565e-16,2.220446049250313e-16
574,1.1102230246251565e-16,2.220446049250313e-16
575,5.551115123125783e-17,1.1102230246251565e-16
576,5.551115123125783e-16,4.440892098500626e-16
577,1.1102230246251565e-16,2.220446049250313e-16
578,1.1102230246251565e-16,2.220446049250313e-16
579,1.1102230246251565e-16,0.0
580,1.1102230246251565e-16,2.220446049250313e-16
581,5.551115123125783e-16,6.661338147750939e-16
582,1.1102230246251565e-16,0.0
583,3.3306690738754696e-16,4.440892098500626e-16
584,1.1102230246251565e-16,1.1102230246251565e-16
585,8.326672684688674e-17,2.220446049250313e-16
586,1.6653345369377348e-16,2.220446049250313e-16
587,1.6653345369377348e-16,2.220446049250313e-16
588,1.1102230246251565e-16,2.220446049250313e-16
589,1.1102230246251565e-16,0.0
590,1.1102230246251565e-16,1.1102230246251565e-16
591,1.6653345369377348e-16,2.220446049250313e-16
592,1.1102230246251565e-16,0.0
593,1.1102230246251565e-16,2.220446049250313e-16
594,1.1102230246251565e-16,2.220446049250313e-16
595,2.220446049250313e-16,3.3306690738754696e-16
596,2.220446049250313e-16,2.220446049250313e-16
597,1.1102230246251565e-16,2.220446049250313e-16
598,1.1102230246251565e-16,2.220446049250313e-16
599,1.6653345369377348e-16,2.220446049250313e-16
600,1.1102230246251565e-16,0.0
601,5.551115123125783e-17,1.1102230246251565e-16
602,1.1102230246251565e-16,4.440892098500626e-16
603,5.551115123125783e-17,2.220446049250313e-16
604,2.220446049250313e-16,2.220446049250313e-16
605,4.440892098500626e-16,5.551115123125783e-16
606,3.3306690738754696e-16,2.220446049250313e-16
607,1.1102230246251565e-16,2.220446049250313e-16
608,3.3306690738754696e-16,4.440892098500626e-16
609,1.1102230246251565e-16,3.3306690738754696e-16
610,2.7755575615628914e-16,4.440892098500626e-16
611,1.1102230246251565e-16,2.220446049250313e-16
612,2.220446049250313e-16,4.440892098500626e-16
613,1.1102230246251565e-16,2.220446049250313e-16
614,2.220446049250313e-16,2.220446049250313e-16
615,1.1102230246251565e-16,1.1102230246251565e-16
616,6.106226635438361e-16,4.440892098500626e-16
617,3.3306690738754696e-16,4.440892098500626e-16
618,5.551115123125783e-17,4.440892098500626e-16
619,1.1102230246251565e-16,2.220446049250313e-16
620,1.1102230246251565e-16,2.220446049250313e-16
621,2.220446049250313e-16,2.220446049250313e-16
622,3.3306690738754696e-16,4.440892098500626e-16
623,1.1102230246251565e-16,0.0
624,5.551115123125783e-17,2.220446049250313e-16
625,1.1102230246251565e-16,2.220446049250313e-16
626,2.220446049250313e-16,2.220446049250313e-16
627,1.6653345369377348e-16,2.220446049250313e-16
628,1.1102230246251565e-16,2.220446049250313e-16
629,3.3306690738754696e-16,2.220446049250313e-16
630,1.1102230246251565e-16,2.220446049250313e-16
631,2.220446049250313e-16,2.220446049250313e-16
632,1.1102230246251565e-16,2.220446049250313e-16
633,1.1102230246251565e-16,2.220446049250313e-16
634,1.1102230246251565e-16,2.220446049250313e-16
635,5.551115123125783e-17,2.220446049250313e-16
636,1.1102230246251565e-16,0.0
637,2.7755575615628914e-16,3.3306690738754696e-16
638,2.220446049250313e-16,2.220446049250313e-16
639,2.220446049250313e-16,2.220446049250313e-16
640,1.1102230246251565e-16,1.1102230246251565e-16
641,1.1102230246251565e-16,2.220446049250313e-16
642,2.220446049250313e-16,2.220446049250313e-16
643,1.1102230246251565e-16,2.220446049250313e-16
644,1.1102230246251565e-16,2.220446049250313e-16
645,2.220446049250313e-16,3.3306690738754696e-16
646,1.1102230246251565e-16,2.220446049250313e-16
647,2.220446049250313e-16,2.220446049250313e-16
648,1.1102230246251565e-16,0.0
649,2.220446049250313e-16,2.220446049250313e-16
650,1.1102230246251565e-16,2.220446049250313e-16
651,1.1102230246251565e-16,2.220446049250313e-16
652,1.1102230246251565e-16,2.220446049250313e-16
653,1.1102230246251565e-16,2.220446049250313e-16
654,1.1102230246251565e-16,2.220446049250313e-16
655,5.551115123125783e-17,0.0
656,2.220446049250313e-16,3.3306690738754696e-16
657,2.7755575615628914e-16,2.220446049250313e-16
658,4.440892098500626e-16,4.440892098500626e-16
659,1.1102230246251565e-16,2.220446049250313e-16
660,1.1102230246251565e-16,2.220446049250313e-16
661,1.1102230246251565e-16,4.440892098500626e-16
662,1.1102230246251565e-16,2.220446049250313e-16
663,1.1102230246251565e-16,2.220446049250313e-16
664,1.1102230246251565e-16,3.3306690738754696e-16
665,1.1102230246251565e-16,0.0
666,1.6653345369377348e-16,2.220446049250313e-16
667,1.1102230246251565e-16,2.220446049250313e-16
668,5.551115123125783e-17,2.220446049250313e-16
669,1.6653345369377348e-16,2.220446049250313e-16
670,5.551115123125783e-17,0.0
671,1.6653345369377348e-16,3.3306690738754696e-16
672,5.551115123125783e-17,4.440892098500626e-16
673,3.3306690738754696e-16,4.440892098500626e-16
674,2.220446049250313e-16,0.0
675,2.220446049250313e-16,1.1102230246251565e-16
676,4.440892098500626e-16,4.440892098500626e-16
677,1.1102230246251565e-16,2.220446049250313e-16
678,1.6653345369377348e-16,1.1102230246251565e-16
679,5.551115123125783e-17,2.220446049250313e-16
680,1.1102230246251565e-16,3.3306690738754696e-16
681,2.220446049250313e-16,3.3306690738754696e-16
682,1.1102230246251565e-16,3.3306690738754696e-16
683,1.1102230246251565e-16,2.220446049250313e-16
684,2.7755575615628914e-16,4.440892098500626e-16
685,5.551115123125783e-17,2.220446049250313e-16
686,0.0,2.220446049250313e-16
687,3.3306690738754696e-16,2.220446049250313e-16
688,1.1102230246251565e-16,2.220446049250313e-16
689,1.1102230246251565e-16,2.220446049250313e-16
690,2.220446049250313e-16,2.220446049250313e-16
691,3.885780586188048e-16,4.440892098500626e-16
692,1.1102230246251565e-16,1.1102230246251565e-16
693,1.1102230246251565e-16,2.220446049250313e-16
694,1.1102230246251565e-16,2.220446049250313e-16
695,1.1102230246251565e-16,2.220446049250313e-16
696,8.326672684688674e-17,2.220446049250313e-16
697,1.1102230246251565e-16,2.220446049250313e-16
698,1.6653345369377348e-16,1.1102230246251565e-16
699,1.1102230246251565e-16,4.440892098500626e-16
700,1.6653345369377348e-16,4.440892098500626e-16
701,1.1102230246251565e-16,0.0
702,1.1102230246251565e-16,1.1102230246251565e-16
703,1.1102230246251565e-16,2.220446049250313e-16
704,1.1102230246251565e-16,2.220446049250313e-16
705,1.1102230246251565e-16,3.3306690738754696e-16
706,2.220446049250313e-16,4.440892098500626e-16
707,1.6653345369377348e-16,2.220446049250313e-16
708,2.220446049250313e-16,4.440892098500626e-16
709,2.220446049250313e-16,2.220446049250313e-16
710,3.3306690738754696e-16,2.220446049250313e-16
711,2.220446049250313e-16,4.440892098500626e-16
712,2.220446049250313e-16,3.3306690738754696e-16
713,1.1102230246251565e-16,2.220446049250313e-16
714,1.1102230246251565e-16,2.220446049250313e-16
715,1.1102230246251565e-16,2.220446049250313e-16
716,1.1102230246251565e-16,2.220446049250313e-16
717,1.1102230246251565e-16,2.220446049250313e-16
718,2.220446049250313e-16,2.220446049250313e-16
719,1.6653345369377348e-16,1.1102230246251565e-16
720,1.1102230246251565e-16,2.220446049250313e-16
721,1.1102230246251565e-16,0.0
722,2.7755575615628914e-16,1.1102230246251565e-16
723,1.1102230246251565e-16,2.220446049250313e-16
724,1.1102230246251565e-16,2.220446049250313e-16
725,2.220446049250313e-16,3.3306690738754696e-16
726,1.6653345369377348e-16,2.220446049250313e-16
727,1.6653345369377348e-16,0.0
728,1.1102230246251565e-16,2.220446049250313e-16
729,2.220446049250313e-16,2.220446049250313e-16
730,8.881784197001252e-16,1.1102230246251565e-15
731,2.220446049250313e-16,4.440892098500626e-16
732,2.220446049250313e-16,0.0
733,2.7755575615628914e-16,2.220446049250313e-16
734,2.220446049250313e-16,2.220446049250313e-16
735,1.1102230246251565e-16,4.440892098500626e-16
736,1.1102230246251565e-16,2.220446049250313e-16
737,1.6653345369377348e-16,2.220446049250313e-16
738,5.551115123125783e-17,3.3306690738754696e-16
739,1.1102230246251565e-16,2.220446049250313e-16
740,2.220446049250313e-16,2.220446049250313e-16
741,1.1102230246251565e-16,2.220446049250313e-16
742,1.1102230246251565e-16,2.220446049250313e-16
743,1.1102230246251565e-16,2.220446049250313e-16
744,1.1102230246251565e-16,1.1102230246251565e-16
745,1.1102230246251565e-16,2.220446049250313e-16
746,8.326672684688674e-17,1.1102230246251565e-16
747,1.1102230246251565e-16,2.220446049250313e-16
748,1.1102230246251565e-16,1.1102230246251565e-16
749,1.1102230246251565e-16,2.220446049250313e-16
750,2.220446049250313e-16,1.1102230246251565e-16
751,1.1102230246251565e-16,2.220446049250313e-16
752,2.220446049250313e-16,1.1102230246251565e-16
753,2.220446049250313e-16,1.1102230246251565e-16
754,2.220446049250313e-16,0.0
755,3.3306690738754696e-16,2.220446049250313e-16
756,1.1102230246251565e-16,2.220446049250313e-16
757,1.1102230246251565e-16,0.0
758,5.551115123125783e-17,3.3306690738754696e-16
759,1.1102230246251565e-16,3.3306690738754696e-16
760,1.1102230246251565e-16,2.220446049250313e-16
761,1.6653345369377348e-16,0.0
762,1.1102230246251565e-16,2.220446049250313e-16
763,1.6653345369377348e-16,0.0
764,2.220446049250313e-16,2.220446049250313e-16
765,5.551115123125783e-17,2.220446049250313e-16
766,1.1102230246251565e-16,2.220446049250313e-16
767,7.771561172376096e-16,4.440892098500626e-16
768,5.551115123125783e-17,0.0
769,1.1102230246251565e-16,1.1102230246251565e-16
770,2.220446049250313e-16,2.220446049250313e-16
771,2.220446049250313e-16,2.220446049250313e-16
772,1.1102230246251565e-16,2.220446049250313e-16
773,1.1102230246251565e-16,2.220446049250313e-16
774,1.6653345369377348e-16,2.220446049250313e-16
775,1.1102230246251565e-16,2.220446049250313e-16
776,1.6653345369377348e-16,2.220446049250313e-16
777,5.551115123125783e-17,2.220446049250313e-16
778,1.1102230246251565e-16,1.1102230246251565e-16
779,1.6653345369377348e-16,2.220446049250313e-16
780,2.220446049250313e-16,3.3306690738754696e-16
781,2.7755575615628914e-16,2.220446049250313e-16
782,3.3306690738754696e-16,2.220446049250313e-16
783,5.551115123125783e-17,1.1102230246251565e-16
784,3.3306690738754696e-16,4.440892098500626e-16
785,5.551115123125783e-16,6.661338147750939e-16
786,1.1102230246251565e-16,2.220446049250313e-16
787,1.1102230246251565e-16,2.220446049250313e-16
788,2.220446049250313e-16,2.220446049250313e-16
789,1.6653345369377348e-16,0.0
790,4.440892098500626e-16,4.440892098500626e-16
791,4.440892098500626e-16,2.220446049250313e-16
792,2.7755575615628914e-16,3.3306690738754696e-16
793,1.1102230246251565e-16,2.220446049250313e-16
794,2.220446049250313e-16,3.3306690738754696e-16
795,2.220446049250313e-16,2.220446049250313e-16
796,3.3306690738754696e-16,2.220446049250313e-16
797,2.220446049250313e-16,1.1102230246251565e-16
798,1.6653345369377348e-16,2.220446049250313e-16
799,1.6653345369377348e-16,2.220446049250313e-16
800,1.6653345369377348e-16,3.3306690738754696e-16
801,1.1102230246251565e-16,2.220446049250313e-16
802,8.326672684688674e-17,1.1102230246251565e-16
803,5.551115123125783e-17,2.220446049250313e-16
804,2.220446049250313e-16,2.220446049250313e-16
805,1.1102230246251565e-16,2.220446049250313e-16
806,1.1102230246251565e-16,2.220446049250313e-16
807,1.6653345369377348e-16,2.220446049250313e-16
808,6.661338147750939e-16,4.440892098500626e-16
809,1.1102230246251565e-16,2.220446049250313e-16
810,1.1102230246251565e-16,2.220446049250313e-16
811,5.551115123125783e-17,0.0
812,1.1102230246251565e-16,2.220446049250313e-16
813,1.1102230246251565e-16,4.440892098500626e-16
814,4.440892098500626e-16,4.440892098500626e-16
815,1.3877787807814457e-16,1.1102230246251565e-16
816,5.551115123125783e-17,2.220446049250313e-16
817,1.1102230246251565e-16,2.220446049250313e-16
818,3.3306690738754696e-16,4.440892098500626e-16
819,1.1102230246251565e-16,2.220446049250313e-16
820,1.1102230246251565e-16,1.1102230246251565e-16
821,8.326672684688674e-17,4.440892098500626e-16
822,5.551115123125783e-17,2.220446049250313e-16
823,5.551115123125783e-17,2.220446049250313e-16
824,1.6653345369377348e-16,2.220446049250313e-16
825,5.551115123125783e-16,4.440892098500626e-16
826,1.1102230246251565e-16,2.220446049250313e-16
827,1.1102230246251565e-16,1.1102230246251565e-16
828,3.3306690738754696e-16,4.440892098500626e-16
829,1.1102230246251565e-16,0.0
830,1.1102230246251565e-16,1.1102230246251565e-16
831,2.7755575615628914e-16,2.220446049250313e-16
832,2.220446049250313e-16,0.0
833,3.3306690738754696e-16,4.440892098500626e-16
834,5.551115123125783e-17,2.220446049250313e-16
835,3.3306690738754696e-16,4.440892098500626e-16
836,1.6653345369377348e-16,2.220446049250313e-16
837,1.6653345369377348e-16,4.440892098500626e-16
838,2.220446049250313e-16,3.3306690738754696e-16
839,1.1102230246251565e-16,3.3306690738754696e-16
840,3.3306690738754696e-16,1.1102230246251565e-16
841,1.1102230246251565e-16,0.0
842,5.551115123125783e-16,4.440892098500626e-16
843,2.220446049250313e-16,1.1102230246251565e-16
844,1.1102230246251565e-16,2.220446049250313e-16
845,1.1102230246251565e-16,2.220446049250313e-16
846,1.1102230246251565e-16,2.220446049250313e-16
847,2.220446049250313e-16,2.220446049250313e-16
848,2.220446049250313e-16,3.3306690738754696e-16
849,1.1102230246251565e-16,2.220446049250313e-16
850,2.220446049250313e-16,2.220446049250313e-16
851,5.551115123125783e-17,2.220446049250313e-16
852,4.440892098500626e-16,6.661338147750939e-16
853,1.6653345369377348e-16,2.220446049250313e-16
854,1.1102230246251565e-16,2.220446049250313e-16
855,1.1102230246251565e-16,2.220446049250313e-16
856,1.6653345369377348e-16,2.220446049250313e-16
857,1.1102230246251565e-16,2.220446049250313e-16
858,1.1102230246251565e-16,3.3306690738754696e-16
859,1.6653345369377348e-16,1.1102230246251565e-16
860,2.220446049250313e-16,4.440892098500626e-16
861,3.3306690738754696e-16,2.220446049250313e-16
862,1.1102230246251565e-16,2.220446049250313e-16
863,2.7755575615628914e-16,2.220446049250313e-16
864,1.1102230246251565e-16,2.220446049250313e-16
865,1.1102230246251565e-16,2.220446049250313e-16
866,2.220446049250313e-16,2.220446049250313e-16
867,1.1102230246251565e-16,2.220446049250313e-16
868,3.3306690738754696e-16,2.220446049250313e-16
869,1.1102230246251565e-16,3.3306690738754696e-16
870,2.220446049250313e-16,2.220446049250313e-16
871,1.1102230246251565e-16,2.220446049250313e-16
872,1.1102230246251565e-16,2.220446049250313e-16
873,1.1102230246251565e-16,2.220446049250313e-16
874,1.1102230246251565e-16,2.220446049250313e-16
875,1.1102230246251565e-16,2.220446049250313e-16
876,2.220446049250313e-16,2.220446049250313e-16
877,2.220446049250313e-16,2.220446049250313e-16
878,1.1102230246251565e-16,2.220446049250313e-16
879,5.551115123125783e-17,2.220446049250313e-16
880,2.7755575615628914e-16,2.220446049250313e-16
881,1.1102230246251565e-16,2.220446049250313e-16
882,2.220446049250313e-16,3.3306690738754696e-16
883,1.1102230246251565e-16,1.1102230246251565e-16
884,2.220446049250313e-16,1.1102230246251565e-16
885,1.1102230246251565e-16,0.0
886,2.220446049250313e-16,2.220446049250313e-16
887,1.6653345369377348e-16,2.220446049250313e-16
888,1.6653345369377348e-16,2.220446049250313e-16
889,2.220446049250313e-16,3.3306690738754696e-16
890,3.3306690738754696e-16,0.0
891,1.1102230246251565e-16,2.220446049250313e-16
892,2.220446049250313e-16,3.3306690738754696e-16
893,1.6653345369377348e-16,2.220446049250313e-16
894,3.3306690738754696e-16,2.220446049250313e-16
895,1.6653345369377348e-16,2.220446049250313e-16
896,2.220446049250313e-16,4.440892098500626e-16
897,2.220446049250313e-16,2.220446049250313e-16
898,4.440892098500626e-16,4.440892098500626e-16
899,1.1102230246251565e-16,2.220446049250313e-16
900,2.220446049250313e-16,1.1102230246251565e-16
901,5.551115123125783e-17,1.1102230246251565e-16
902,1.1102230246251565e-16,2.220446049250313e-16
903,4.440892098500626e-16,4.440892098500626e-16
904,2.220446049250313e-16,2.220446049250313e-16
905,1.1102230246251565e-16,2.220446049250313e-16
906,1.1102230246251565e-16,2.220446049250313e-16
907,1.6653345369377348e-16,2.220446049250313e-16
908,5.551115123125783e-16,4.440892098500626e-16
909,1.1102230246251565e-16,1.1102230246251565e-16
910,5.551115123125783e-17,2.220446049250313e-16
911,2.220446049250313e-16,2.220446049250313e-16
912,2.220446049250313e-16,2.220446049250313e-16
913,1.6653345369377348e-16,2.220446049250313e-16
914,1.1102230246251565e-16,2.220446049250313e-16
915,1.6653345369377348e-16,3.3306690738754696e-16
916,5.551115123125783e-17,2.220446049250313e-16
917,5.551115123125783e-17,2.220446049250313e-16
918,5.551115123125783e-17,2.220446049250313e-16
919,1.6653345369377348e-16,2.220446049250313e-16
920,2.220446049250313e-16,4.440892098500626e-16
921,3.3306690738754696e-16,2.220446049250313e-16
922,3.3306690738754696e-16,5.551115123125783e-16
923,1.1102230246251565e-16,4.440892098500626e-16
924,2.220446049250313e-16,4.440892098500626e-16
925,5.551115123125783e-16,4.440892098500626e-16
926,1.1102230246251565e-16,0.0
927,5.551115123125783e-17,2.220446049250313e-16
928,3.3306690738754696e-16,4.440892098500626e-16
929,1.1102230246251565e-16,2.220446049250313e-16
930,3.3306690738754696e-16,4.440892098500626e-16
931,1.1102230246251565e-16,0.0
932,3.3306690738754696e-16,4.440892098500626e-16
933,1.1102230246251565e-16,2.220446049250313e-16
934,1.1102230246251565e-16,2.220446049250313e-16
935,3.3306690738754696e-16,4.440892098500626e-16
936,1.6653345369377348e-16,2.220446049250313e-16
937,1.6653345369377348e-16,2.220446049250313e-16
938,1.1102230246251565e-16,2.220446049250313e-16
939,8.326672684688674e-17,3.3306690738754696e-16
940,5.551115123125783e-17,1.1102230246251565e-16
941,1.1102230246251565e-16,2.220446049250313e-16
942,4.440892098500626e-16,4.440892098500626e-16
943,1.1102230246251565e-16,2.220446049250313e-16
944,1.1102230246251565e-16,0.0
945,2.7755575615628914e-16,4.440892098500626e-16
946,1.1102230246251565e-16,2.220446049250313e-16
947,2.220446049250313e-16,2.220446049250313e-16
948,1.1102230246251565e-16,2.220446049250313e-16
949,2.220446049250313e-16,4.440892098500626e-16
950,1.1102230246251565e-16,0.0
951,2.220446049250313e-16,2.220446049250313e-16
952,1.1102230246251565e-16,0.0
953,1.6653345369377348e-16,2.220446049250313e-16
954,2.220446049250313e-16,2.220446049250313e-16
955,5.551115123125783e-17,0.0
956,1.1102230246251565e-16,2.220446049250313e-16
957,1.1102230246251565e-16,1.1102230246251565e-16
958,3.3306690738754696e-16,3.3306690738754696e-16
959,1.1102230246251565e-16,2.220446049250313e-16
960,3.3306690738754696e-16,4.440892098500626e-16
961,2.7755575615628914e-16,2.220446049250313e-16
962,1.1102230246251565e-16,2.220446049250313e-16
963,1.1102230246251565e-16,3.3306690738754696e-16
964,4.440892098500626e-16,2.220446049250313e-16
965,1.1102230246251565e-16,2.220446049250313e-16
966,2.220446049250313e-16,1.1102230246251565e-16
967,8.326672684688674e-17,2.220446049250313e-16
968,2.220446049250313e-16,4.440892098500626e-16
969,3.3306690738754696e-16,4.440892098500626e-16
970,7.771561172376096e-16,6.661338147750939e-16
971,3.3306690738754696e-16,3.3306690738754696e-16
972,5.551115123125783e-17,2.220446049250313e-16
973,1.1102230246251565e-16,2.220446049250313e-16
974,1.1102230246251565e-16,0.0
975,1.1102230246251565e-16,1.1102230246251565e-16
976,1.1102230246251565e-16,4.440892098500626e-16
977,1.6653345369377348e-16,2.220446049250313e-16
978,1.1102230246251565e-16,2.220446049250313e-16
979,5.551115123125783e-17,2.220446049250313e-16
980,5.551115123125783e-17,2.220446049250313e-16
981,4.440892098500626e-16,4.440892098500626e-16
982,1.1102230246251565e-16,2.220446049250313e-16
983,1.1102230246251565e-16,1.1102230246251565e-16
984,1.1102230246251565e-16,2.220446049250313e-16
985,2.220446049250313e-16,1.1102230246251565e-16
986,1.6653345369377348e-16,2.220446049250313e-16
987,1.1102230246251565e-16,2.220446049250313e-16
988,1.6653345369377348e-16,3.3306690738754696e-16
989,1.6653345369377348e-16,2.220446049250313e-16
990,1.1102230246251565e-16,2.220446049250313e-16
991,2.220446049250313e-16,0.0
992,3.3306690738754696e-16,2.220446049250313e-16
993,1.1102230246251565e-16,2.220446049250313e-16
994,2.220446049250313e-16,2.220446049250313e-16
995,2.220446049250313e-16,2.220446049250313e-16
996,1.1102230246251565e-16,2.220446049250313e-16
997,1.1102230246251565e-16,2.220446049250313e-16
998,1.1102230246251565e-16,2.220446049250313e-16
999,3.3306690738754696e-16,4.440892098500626e-16
1000,1.1102230246251565e-16,3.3306690738754696e-16
1001,8.326672684688674e-17,2.220446049250313e-16
1002,1.6653345369377348e-16,4.440892098500626e-16
1003,2.220446049250313e-16,0.0
1004,2.220446049250313e-16,0.0
1005,2.220446049250313e-16,1.1102230246251565e-16
1006,3.3306690738754696e-16,4.440892098500626e-16
1007,1.6653345369377348e-16,2.220446049250313e-16
1008,2.220446049250313e-16,0.0
1009,3.3306690738754696e-16,3.3306690738754696e-16
1010,3.3306690738754696e-16,4.440892098500626e-16
1011,1.1102230246251565e-16,1.1102230246251565e-16
1012,2.220446049250313e-16,2.220446049250313e-16
1013,1.1102230246251565e-16,2.220446049250313e-16
1014,1.1102230246251565e-16,1.1102230246251565e-16
1015,2.7755575615628914e-16,2.220446049250313e-16
1016,5.551115123125783e-17,2.220446049250313e-16
1017,3.3306690738754696e-16,3.3306690738754696e-16
1018,1.1102230246251565e-16,2.220446049250313e-16
1019,2.220446049250313e-16,3.3306690738754696e-16
1020,8.326672684688674e-17,2.220446049250313e-16
1021,1.1102230246251565e-16,2.220446049250313e-16
1022,2.7755575615628914e-16,2.220446049250313e-16
1023,1.6653345369377348e-16,2.220446049250313e-16
1024,5.551115123125783e-17,2.220446049250313e-16
1025,2.220446049250313e-16,2.220446049250313e-16
1026,1.1102230246251565e-16,0.0
1027,1.1102230246251565e-16,3.3306690738754696e-16
1028,8.326672684688674e-17,2.220446049250313e-16
1029,1.1102230246251565e-16,2.220446049250313e-16
1030,1.6653345369377348e-16,3.3306690738754696e-16
1031,1.1102230246251565e-16,2.220446049250313e-16
1032,1.1102230246251565e-16,2.220446049250313e-16
1033,2.220446049250313e-16,4.440892098500626e-16
1034,1.1102230246251565e-16,2.220446049250313e-16
1035,1.1102230246251565e-16,4.440892098500626e-16
1036,1.6653345369377348e-16,0.0
1037,2.220446049250313e-16,4.440892098500626e-16
1038,1.1102230246251565e-16,2.220446049250313e-16
1039,2.7755575615628914e-16,2.220446049250313e-16
1040,4.440892098500626e-16,5.551115123125783e-16
1041,1.1102230246251565e-16,1.1102230246251565e-16
1042,3.3306690738754696e-16,6.661338147750939e-16
1043,5.551115123125783e-17,0.0
1044,1.6653345369377348e-16,2.220446049250313e-16
1045,2.220446049250313e-16,2.220446049250313e-16
1046,2.220446049250313e-16,2.220446049250313e-16
1047,1.1102230246251565e-16,0.0
1048,1.6653345369377348e-16,2.220446049250313e-16
1049,5.551115123125783e-17,1.1102230246251565e-16
1050,1.1102230246251565e-16,2.220446049250313e-16
1051,1.6653345369377348e-16,1.1102230246251565e-16
1052,5.551115123125783e-17,2.220446049250313e-16
1053,2.220446049250313e-16,4.440892098500626e-16
1054,1.1102230246251565e-16,0.0
1055,3.3306690738754696e-16,4.440892098500626e-16
1056,4.440892098500626e-16,4.440892098500626e-16
1057,3.3306690738754696e-16,6.661338147750939e-16
1058,1.1102230246251565e-16,4.440892098500626e-16
1059,5.551115123125783e-16,4.440892098500626e-16
1060,1.1102230246251565e-16,2.220446049250313e-16
1061,1.1102230246251565e-16,0.0
1062,5.551115123125783e-17,2.220446049250313e-16
1063,5.551115123125783e-17,2.220446049250313e-16
1064,2.220446049250313e-16,2.220446049250313e-16
1065,3.3306690738754696e-16,2.220446049250313e-16
1066,1.1102230246251565e-16,2.220446049250313e-16
1067,5.551115123125783e-17,1.1102230246251565e-16
1068,8.326672684688674e-17,2.220446049250313e-16
1069,1.6653345369377348e-16,2.220446049250313e-16
1070,1.1102230246251565e-16,4.440892098500626e-16
1071,2.220446049250313e-16,2.220446049250313e-16
1072,4.440892098500626e-16,4.440892098500626e-16
1073,1.1102230246251565e-16,4.440892098500626e-16
1074,3.3306690738754696e-16,0.0
1075,1.1102230246251565e-16,2.220446049250313e-16
1076,1.1102230246251565e-16,2.220446049250313e-16
1077,1.1102230246251565e-16,0.0
1078,5.551115123125783e-17,1.1102230246251565e-16
1079,5.551115123125783e-17,2.220446049250313e-16
1080,2.7755575615628914e-16,4.440892098500626e-16
1081,1.6653345369377348e-16,2.220446049250313e-16
1082,1.6653345369377348e-16,3.3306690738754696e-16
1083,2.220446049250313e-16,2.220446049250313e-16
1084,1.6653345369377348e-16,2.220446049250313e-16
1085,3.3306690738754696e-16,4.440892098500626e-16
1086,5.551115123125783e-17,2.220446049250313e-16
1087,1.1102230246251565e-16,2.220446049250313e-16
1088,5.551115123125783e-17,2.220446049250313e-16
1089,1.1102230246251565e-16,1.1102230246251565e-16
1090,5.551115123125783e-17,2.220446049250313e-16
1091,1.1102230246251565e-16,2.220446049250313e-16
1092,1.6653345369377348e-16,1.1102230246251565e-16
1093,1.1102230246251565e-16,2.220446049250313e-16
1094,1.1102230246251565e-16,2.220446049250313e-16
1095,1.1102230246251565e-16,2.220446049250313e-16
1096,1.1102230246251565e-16,4.440892098500626e-16
1097,8.326672684688674e-17,0.0
1098,5.551115123125783e-16,2.220446049250313e-16
1099,5.551115123125783e-17,1.1102230246251565e-16
1100,1.1102230246251565e-16,2.220446049250313e-16
1101,2.220446049250313e-16,2.220446049250313e-16
1102,2.220446049250313e-16,6.661338147750939e-16
1103,3.3306690738754696e-16,4.440892098500626e-16
1104,1.1102230246251565e-16,2.220446049250313e-16
1105,1.1102230246251565e-16,2.220446049250313e-16
1106,1.6653345369377348e-16,4.440892098500626e-16
1107,1.3877787807814457e-16,2.220446049250313e-16
1108,1.1102230246251565e-16,2.220446049250313e-16
1109,1.1102230246251565e-16,2.220446049250313e-16
1110,5.551115123125783e-17,2.220446049250313e-16
1111,5.551115123125783e-17,1.1102230246251565e-16
1112,1.6653345369377348e-16,2.220446049250313e-16
1113,1.6653345369377348e-16,2.220446049250313e-16
1114,1.1102230246251565e-16,2.220446049250313e-16
1115,1.6653345369377348e-16,0.0
1116,2.220446049250313e-16,3.3306690738754696e-16
1117,1.1102230246251565e-16,2.220446049250313e-16
1118,3.3306690738754696e-16,2.220446049250313e-16
1119,2.7755575615628914e-16,3.3306690738754696e-16
1120,2.7755575615628914e-16,2.220446049250313e-16
1121,5.551115123125783e-17,2.220446049250313e-16
1122,1.1102230246251565e-16,4.440892098500626e-16
1123,1.1102230246251565e-16,1.1102230246251565e-16
1124,1.1102230246251565e-16,2.220446049250313e-16
1125,1.1102230246251565e-16,1.1102230246251565e-16
1126,3.3306690738754696e-16,8.881784197001252e-16
1127,5.551115123125783e-17,2.220446049250313e-16
1128,3.3306690738754696e-16,4.440892098500626e-16
1129,1.1102230246251565e-16,0.0
1130,1.1102230246251565e-16,2.220446049250313e-16
1131,1.1102230246251565e-16,3.3306690738754696e-16
1132,3.3306690738754696e-16,2.220446049250313e-16
1133,1.1102230246251565e-16,2.220446049250313e-16
1134,1.1102230246251565e-16,2.220446049250313e-16
1135,8.326672684688674e-17,3.3306690738754696e-16
1136,1.6653345369377348e-16,2.220446049250313e-16
1137,5.551115123125783e-17,2.220446049250313e-16
1138,1.1102230246251565e-16,3.3306690738754696e-16
1139,1.1102230246251565e-16,2.220446049250313e-16
1140,1.1102230246251565e-16,2.220446049250313e-16
1141,2.220446049250313e-16,2.220446049250313e-16
1142,1.6653345369377348e-16,2.220446049250313e-16
1143,1.6653345369377348e-16,2.220446049250313e-16
1144,1.6653345369377348e-16,0.0
1145,2.220446049250313e-16,1.1102230246251565e-16
1146,1.1102230246251565e-16,2.220446049250313e-16
1147,1.1102230246251565e-16,2.220446049250313e-16
1148,2.7755575615628914e-16,2.220446049250313e-16
1149,2.220446049250313e-16,2.220446049250313e-16
1150,5.551115123125783e-17,1.1102230246251565e-16
1151,1.1102230246251565e-16,2.220446049250313e-16
1152,1.1102230246251565e-16,2.220446049250313e-16
1153,1.1102230246251565e-16,2.220446049250313e-16
1154,2.220446049250313e-16,6.661338147750939e-16
1155,2.220446049250313e-16,2.220446049250313e-16
1156,1.6653345369377348e-16,0.0
1157,5.551115123125783e-17,0.0
1158,2.220446049250313e-16,3.3306690738754696e-16
1159,5.551115123125783e-17,2.220446049250313e-16
1160,1.1102230246251565e-16,2.220446049250313e-16
1161,2.220446049250313e-16,2.220446049250313e-16
1162,2.220446049250313e-16,4.440892098500626e-16
1163,3.3306690738754696e-16,0.0
1164,5.551115123125783e-17,2.220446049250313e-16
1165,1.1102230246251565e-16,2.220446049250313e-16
1166,3.3306690738754696e-16,4.440892098500626e-16
1167,4.440892098500626e-16,4.440892098500626e-16
1168,2.220446049250313e-16,2.220446049250313e-16
1169,2.220446049250313e-16,2.220446049250313e-16
1170,8.326672684688674e-17,2.220446049250313e-16
1171,1.1102230246251565e-16,2.220446049250313e-16
1172,1.1102230246251565e-16,2.220446049250313e-16
1173,1.6653345369377348e-16,2.220446049250313e-16
1174,5.551115123125783e-17,2.220446049250313e-16
1175,2.220446049250313e-16,2.220446049250313e-16
1176,2.220446049250313e-16,4.440892098500626e-16
1177,1.6653345369377348e-16,2.220446049250313e-16
1178,1.1102230246251565e-16,2.220446049250313e-16
1179,1.1102230246251565e-16,2.220446049250313e-16
1180,1.1102230246251565e-16,3.3306690738754696e-16
1181,1.6653345369377348e-16,4.440892098500626e-16
1182,1.1102230246251565e-16,2.220446049250313e-16
1183,2.220446049250313e-16,1.1102230246251565e-16
1184,1.1102230246251565e-16,2.220446049250313e-16
1185,1.1102230246251565e-16,2.220446049250313e-16
1186,5.551115123125783e-17,2.220446049250313e-16
1187,3.3306690738754696e-16,3.3306690738754696e-16
1188,2.220446049250313e-16,3.3306690738754696e-16
1189,2.220446049250313e-16,2.220446049250313e-16
1190,5.551115123125783e-17,2.220446049250313e-16
1191,1.1102230246251565e-16,2.220446049250313e-16
1192,1.1102230246251565e-16,1.1102230246251565e-16
1193,1.1102230246251565e-16,2.220446049250313e-16
1194,2.220446049250313e-16,0.0
1195,5.551115123125783e-17,2.220446049250313e-16
1196,2.220446049250313e-16,1.1102230246251565e-16
1197,1.1102230246251565e-16,1.1102230246251565e-16
1198,2.7755575615628914e-16,5.551115123125783e-16
1199,1.1102230246251565e-16,2.220446049250313e-16
