sample_index,function,detailed_balance_error
0,exp_0_5,6.938893903907228e-18
0,exp_1,1.3877787807814457e-17
0,exp_2,6.938893903907228e-18
0,asinh,1.3877787807814457e-17
0,logistic,6.938893903907228e-18
1,exp_0_5,3.469446951953614e-18
1,exp_1,6.938893903907228e-18
1,exp_2,6.938893903907228e-18
1,asinh,6.938893903907228e-18
1,logistic,3.469446951953614e-18
2,exp_0_5,6.938893903907228e-18
2,exp_1,6.938893903907228e-18
2,exp_2,2.7755575615628914e-17
2,asinh,1.3877787807814457e-17
2,logistic,6.938893903907228e-18
3,exp_0_5,6.938893903907228e-18
3,exp_1,1.3877787807814457e-17
3,exp_2,1.3877787807814457e-17
3,asinh,6.938893903907228e-18
3,logistic,6.938893903907228e-18
4,exp_0_5,3.469446951953614e-18
4,exp_1,6.938893903907228e-18
4,exp_2,3.469446951953614e-18
4,asinh,3.469446951953614e-18
4,logistic,3.469446951953614e-18
5,exp_0_5,6.938893903907228e-18
5,exp_1,2.7755575615628914e-17
5,exp_2,2.7755575615628914e-17
5,asinh,1.3877787807814457e-17
5,logistic,6.938893903907228e-18
6,exp_0_5,6.938893903907228e-18
6,exp_1,1.3877787807814457e-17
6,exp_2,2.7755575615628914e-17
6,asinh,1.3877787807814457e-17
6,logistic,1.3877787807814457e-17
7,exp_0_5,3.469446951953614e-18
7,exp_1,3.469446951953614e-18
7,exp_2,1.3877787807814457e-17
7,asinh,6.938893903907228e-18
7,logistic,3.469446951953614e-18
8,exp_0_5,6.938893903907228e-18
8,exp_1,3.469446951953614e-18
8,exp_2,2.7755575615628914e-17
8,asinh,6.938893903907228e-18
8,logistic,3.469446951953614e-18
9,exp_0_5,3.469446951953614e-18
9,exp_1,3.469446951953614e-18
9,exp_2,1.3877787807814457e-17
9,asinh,6.938893903907228e-18
9,logistic,3.469446951953614e-18
10,exp_0_5,6.938893903907228e-18
10,exp_1,1.3877787807814457e-17
10,exp_2,1.3877787807814457e-17
10,asinh,1.3877787807814457e-17
10,logistic,6.938893903907228e-18
11,exp_0_5,1.3877787807814457e-17
11,exp_1,1.3877787807814457e-17
11,exp_2,2.7755575615628914e-17
11,asinh,6.938893903907228e-18
11,logistic,1.3877787807814457e-17
12,exp_0_5,6.938893903907228e-18
12,exp_1,1.3877787807814457e-17
12,exp_2,2.7755575615628914e-17
12,asinh,1.3877787807814457e-17
12,logistic,6.938893903907228e-18
13,exp_0_5,3.469446951953614e-18
13,exp_1,6.938893903907228e-18
13,exp_2,3.469446951953614e-18
13,asinh,1.3877787807814457e-17
13,logistic,5.204170427930421e-18
14,exp_0_5,1.3877787807814457e-17
14,exp_1,1.3877787807814457e-17
14,exp_2,2.7755575615628914e-17
14,asinh,1.3877787807814457e-17
14,logistic,6.938893903907228e-18
15,exp_0_5,3.469446951953614e-18
15,exp_1,1.3877787807814457e-17
15,exp_2,2.7755575615628914e-17
15,asinh,1.3877787807814457e-17
15,logistic,6.938893903907228e-18
16,exp_0_5,3.469446951953614e-18
16,exp_1,3.469446951953614e-18
16,exp_2,6.938893903907228e-18
16,asinh,3.469446951953614e-18
16,logistic,3.469446951953614e-18
17,exp_0_5,3.469446951953614e-18
17,exp_1,6.938893903907228e-18
17,exp_2,6.938893903907228e-18
17,asinh,3.469446951953614e-18
17,logistic,3.469446951953614e-18
18,exp_0_5,3.469446951953614e-18
18,exp_1,1.0408340855860843e-17
18,exp_2,6.938893903907228e-18
18,asinh,6.938893903907228e-18
18,logistic,6.938893903907228e-18
19,exp_0_5,1.3877787807814457e-17
19,exp_1,2.7755575615628914e-17
19,exp_2,5.551115123125783e-17
19,asinh,2.7755575615628914e-17
19,logistic,6.938893903907228e-18
20,exp_0_5,6.938893903907228e-18
20,exp_1,1.3877787807814457e-17
20,exp_2,3.469446951953614e-18
20,asinh,1.3877787807814457e-17
20,logistic,6.938893903907228e-18
21,exp_0_5,6.938893903907228e-18
21,exp_1,6.938893903907228e-18
21,exp_2,1.3877787807814457e-17
21,asinh,1.3877787807814457e-17
21,logistic,6.938893903907228e-18
22,exp_0_5,6.938893903907228e-18
22,exp_1,6.938893903907228e-18
22,exp_2,6.938893903907228e-18
22,asinh,6.938893903907228e-18
22,logistic,3.469446951953614e-18
23,exp_0_5,3.469446951953614e-18
23,exp_1,6.938893903907228e-18
23,exp_2,2.7755575615628914e-17
23,asinh,3.469446951953614e-18
23,logistic,3.469446951953614e-18
24,exp_0_5,6.938893903907228e-18
24,exp_1,3.469446951953614e-18
24,exp_2,1.3877787807814457e-17
24,asinh,6.938893903907228e-18
24,logistic,3.469446951953614e-18
25,exp_0_5,3.469446951953614e-18
25,exp_1,6.938893903907228e-18
25,exp_2,2.7755575615628914e-17
25,asinh,6.938893903907228e-18
25,logistic,3.469446951953614e-18
26,exp_0_5,3.469446951953614e-18
26,exp_1,3.469446951953614e-18
26,exp_2,6.938893903907228e-18
26,asinh,3.469446951953614e-18
26,logistic,3.469446951953614e-18
27,exp_0_5,3.469446951953614e-18
27,exp_1,6.938893903907228e-18
27,exp_2,1.3877787807814457e-17
27,asinh,6.938893903907228e-18
27,logistic,6.938893903907228e-18
28,exp_0_5,3.469446951953614e-18
28,exp_1,6.938893903907228e-18
28,exp_2,2.7755575615628914e-17
28,asinh,6.938893903907228e-18
28,logistic,3.469446951953614e-18
29,exp_0_5,3.469446951953614e-18
29,exp_1,3.469446951953614e-18
29,exp_2,2.7755575615628914e-17
29,asinh,3.469446951953614e-18
29,logistic,3.469446951953614e-18
30,exp_0_5,3.469446951953614e-18
30,exp_1,6.938893903907228e-18
30,exp_2,6.938893903907228e-18
30,asinh,3.469446951953614e-18
30,logistic,3.469446951953614e-18
31,exp_0_5,6.938893903907228e-18
31,exp_1,3.469446951953614e-18
31,exp_2,1.734723475976807e-18
31,asinh,6.938893903907228e-18
31,logistic,6.938893903907228e-18
32,exp_0_5,3.469446951953614e-18
32,exp_1,6.938893903907228e-18
32,exp_2,1.3877787807814457e-17
32,asinh,3.469446951953614e-18
32,logistic,3.469446951953614e-18
33,exp_0_5,3.469446951953614e-18
33,exp_1,6.938893903907228e-18
33,exp_2,1.3877787807814457e-17
33,asinh,6.938893903907228e-18
33,logistic,3.469446951953614e-18
34,exp_0_5,1.3877787807814457e-17
34,exp_1,1.3877787807814457e-17
34,exp_2,6.938893903907228e-18
34,asinh,1.3877787807814457e-17
34,logistic,1.3877787807814457e-17
35,exp_0_5,6.938893903907228e-18
35,exp_1,6.938893903907228e-18
35,exp_2,6.938893903907228e-18
35,asinh,6.938893903907228e-18
35,logistic,3.469446951953614e-18
36,exp_0_5,1.3877787807814457e-17
36,exp_1,1.3877787807814457e-17
36,exp_2,2.7755575615628914e-17
36,asinh,6.938893903907228e-18
36,logistic,6.938893903907228e-18
37,exp_0_5,6.938893903907228e-18
37,exp_1,6.938893903907228e-18
37,exp_2,2.7755575615628914e-17
37,asinh,1.3877787807814457e-17
37,logistic,6.938893903907228e-18
38,exp_0_5,3.469446951953614e-18
38,exp_1,3.469446951953614e-18
38,exp_2,2.7755575615628914e-17
38,asinh,3.469446951953614e-18
38,logistic,3.469446951953614e-18
39,exp_0_5,6.938893903907228e-18
39,exp_1,6.938893903907228e-18
39,exp_2,1.3877787807814457e-17
39,asinh,6.938893903907228e-18
39,logistic,3.469446951953614e-18
40,exp_0_5,3.469446951953614e-18
40,exp_1,6.938893903907228e-18
40,exp_2,1.3877787807814457e-17
40,asinh,6.938893903907228e-18
40,logistic,3.469446951953614e-18
41,exp_0_5,1.3877787807814457e-17
41,exp_1,6.938893903907228e-18
41,exp_2,2.7755575615628914e-17
41,asinh,2.7755575615628914e-17
41,logistic,1.3877787807814457e-17
42,exp_0_5,1.3877787807814457e-17
42,exp_1,2.7755575615628914e-17
42,exp_2,5.551115123125783e-17
42,asinh,1.3877787807814457e-17
42,logistic,3.469446951953614e-18
43,exp_0_5,3.469446951953614e-18
43,exp_1,6.938893903907228e-18
43,exp_2,1.3877787807814457e-17
43,asinh,3.469446951953614e-18
43,logistic,3.469446951953614e-18
44,exp_0_5,6.938893903907228e-18
44,exp_1,1.3877787807814457e-17
44,exp_2,3.469446951953614e-18
44,asinh,1.3877787807814457e-17
44,logistic,6.938893903907228e-18
45,exp_0_5,3.469446951953614e-18
45,exp_1,6.938893903907228e-18
45,exp_2,2.7755575615628914e-17
45,asinh,3.469446951953614e-18
45,logistic,3.469446951953614e-18
46,exp_0_5,6.938893903907228e-18
46,exp_1,6.938893903907228e-18
46,exp_2,1.3877787807814457e-17
46,asinh,6.938893903907228e-18
46,logistic,6.938893903907228e-18
47,exp_0_5,3.469446951953614e-18
47,exp_1,6.938893903907228e-18
47,exp_2,1.3877787807814457e-17
47,asinh,3.469446951953614e-18
47,logistic,1.734723475976807e-18
48,exp_0_5,3.469446951953614e-18
48,exp_1,3.469446951953614e-18
48,exp_2,6.938893903907228e-18
48,asinh,3.469446951953614e-18
48,logistic,3.469446951953614e-18
49,exp_0_5,3.469446951953614e-18
49,exp_1,6.938893903907228e-18
49,exp_2,1.3877787807814457e-17
49,asinh,6.938893903907228e-18
49,logistic,1.734723475976807e-18
50,exp_0_5,6.938893903907228e-18
50,exp_1,6.938893903907228e-18
50,exp_2,2.7755575615628914e-17
50,asinh,6.938893903907228e-18
50,logistic,3.469446951953614e-18
51,exp_0_5,6.938893903907228e-18
51,exp_1,1.3877787807814457e-17
51,exp_2,6.938893903907228e-18
51,asinh,6.938893903907228e-18
51,logistic,6.938893903907228e-18
52,exp_0_5,3.469446951953614e-18
52,exp_1,6.938893903907228e-18
52,exp_2,2.7755575615628914e-17
52,asinh,3.469446951953614e-18
52,logistic,3.469446951953614e-18
53,exp_0_5,6.938893903907228e-18
53,exp_1,6.938893903907228e-18
53,exp_2,1.3877787807814457e-17
53,asinh,6.938893903907228e-18
53,logistic,3.469446951953614e-18
54,exp_0_5,6.938893903907228e-18
54,exp_1,3.469446951953614e-18
54,exp_2,2.7755575615628914e-17
54,asinh,6.938893903907228e-18
54,logistic,6.938893903907228e-18
55,exp_0_5,3.469446951953614e-18
55,exp_1,6.938893903907228e-18
55,exp_2,2.7755575615628914e-17
55,asinh,3.469446951953614e-18
55,logistic,3.469446951953614e-18
56,exp_0_5,3.469446951953614e-18
56,exp_1,3.469446951953614e-18
56,exp_2,6.938893903907228e-18
56,asinh,6.938893903907228e-18
56,logistic,6.938893903907228e-18
57,exp_0_5,3.469446951953614e-18
57,exp_1,1.3877787807814457e-17
57,exp_2,1.3877787807814457e-17
57,asinh,6.938893903907228e-18
57,logistic,3.469446951953614e-18
58,exp_0_5,3.469446951953614e-18
58,exp_1,6.938893903907228e-18
58,exp_2,6.938893903907228e-18
58,asinh,6.938893903907228e-18
58,logistic,3.469446951953614e-18
59,exp_0_5,1.3877787807814457e-17
59,exp_1,1.3877787807814457e-17
59,exp_2,2.7755575615628914e-17
59,asinh,1.3877787807814457e-17
59,logistic,6.938893903907228e-18
60,exp_0_5,3.469446951953614e-18
60,exp_1,1.3877787807814457e-17
60,exp_2,2.7755575615628914e-17
60,asinh,6.938893903907228e-18
60,logistic,6.938893903907228e-18
61,exp_0_5,3.469446951953614e-18
61,exp_1,3.469446951953614e-18
61,exp_2,3.469446951953614e-18
61,asinh,6.938893903907228e-18
61,logistic,3.469446951953614e-18
62,exp_0_5,6.938893903907228e-18
62,exp_1,2.7755575615628914e-17
62,exp_2,5.551115123125783e-17
62,asinh,6.938893903907228e-18
62,logistic,1.3877787807814457e-17
63,exp_0_5,6.938893903907228e-18
63,exp_1,6.938893903907228e-18
63,exp_2,1.3877787807814457e-17
63,asinh,6.938893903907228e-18
63,logistic,6.938893903907228e-18
64,exp_0_5,6.938893903907228e-18
64,exp_1,1.3877787807814457e-17
64,exp_2,2.7755575615628914e-17
64,asinh,1.3877787807814457e-17
64,logistic,6.938893903907228e-18
65,exp_0_5,3.469446951953614e-18
65,exp_1,3.469446951953614e-18
65,exp_2,6.938893903907228e-18
65,asinh,3.469446951953614e-18
65,logistic,3.469446951953614e-18
66,exp_0_5,3.469446951953614e-18
66,exp_1,6.938893903907228e-18
66,exp_2,2.7755575615628914e-17
66,asinh,6.938893903907228e-18
66,logistic,3.469446951953614e-18
67,exp_0_5,1.3877787807814457e-17
67,exp_1,6.938893903907228e-18
67,exp_2,5.551115123125783e-17
67,asinh,1.3877787807814457e-17
67,logistic,1.3877787807814457e-17
68,exp_0_5,6.938893903907228e-18
68,exp_1,1.3877787807814457e-17
68,exp_2,1.3877787807814457e-17
68,asinh,6.938893903907228e-18
68,logistic,6.938893903907228e-18
69,exp_0_5,3.469446951953614e-18
69,exp_1,6.938893903907228e-18
69,exp_2,2.7755575615628914e-17
69,asinh,1.3877787807814457e-17
69,logistic,6.938893903907228e-18
70,exp_0_5,3.469446951953614e-18
70,exp_1,6.938893903907228e-18
70,exp_2,1.3877787807814457e-17
70,asinh,6.938893903907228e-18
70,logistic,6.938893903907228e-18
71,exp_0_5,3.469446951953614e-18
71,exp_1,6.938893903907228e-18
71,exp_2,1.3877787807814457e-17
71,asinh,3.469446951953614e-18
71,logistic,3.469446951953614e-18
72,exp_0_5,6.938893903907228e-18
72,exp_1,6.938893903907228e-18
72,exp_2,1.3877787807814457e-17
72,asinh,6.938893903907228e-18
72,logistic,6.938893903907228e-18
73,exp_0_5,3.469446951953614e-18
73,exp_1,6.938893903907228e-18
73,exp_2,1.3877787807814457e-17
73,asinh,3.469446951953614e-18
73,logistic,3.469446951953614e-18
74,exp_0_5,1.3877787807814457e-17
74,exp_1,3.469446951953614e-18
74,exp_2,8.673617379884035e-19
74,asinh,6.938893903907228e-18
74,logistic,6.938893903907228e-18
75,exp_0_5,3.469446951953614e-18
75,exp_1,6.938893903907228e-18
75,exp_2,3.469446951953614e-18
75,asinh,1.3877787807814457e-17
75,logistic,6.938893903907228e-18
76,exp_0_5,6.938893903907228e-18
76,exp_1,6.938893903907228e-18
76,exp_2,6.938893903907228e-18
76,asinh,6.938893903907228e-18
76,logistic,6.938893903907228e-18
77,exp_0_5,3.469446951953614e-18
77,exp_1,3.469446951953614e-18
77,exp_2,1.3877787807814457e-17
77,asinh,3.469446951953614e-18
77,logistic,1.734723475976807e-18
78,exp_0_5,3.469446951953614e-18
78,exp_1,1.3877787807814457e-17
78,exp_2,6.938893903907228e-18
78,asinh,6.938893903907228e-18
78,logistic,6.938893903907228e-18
79,exp_0_5,6.938893903907228e-18
79,exp_1,1.3877787807814457e-17
79,exp_2,1.3877787807814457e-17
79,asinh,1.3877787807814457e-17
79,logistic,1.3877787807814457e-17
80,exp_0_5,3.469446951953614e-18
80,exp_1,6.938893903907228e-18
80,exp_2,1.3877787807814457e-17
80,asinh,6.938893903907228e-18
80,logistic,1.734723475976807e-18
81,exp_0_5,6.938893903907228e-18
81,exp_1,6.938893903907228e-18
81,exp_2,1.3877787807814457e-17
81,asinh,6.938893903907228e-18
81,logistic,3.469446951953614e-18
82,exp_0_5,1.734723475976807e-18
82,exp_1,3.469446951953614e-18
82,exp_2,6.938893903907228e-18
82,asinh,3.469446951953614e-18
82,logistic,1.734723475976807e-18
83,exp_0_5,3.469446951953614e-18
83,exp_1,6.938893903907228e-18
83,exp_2,1.3877787807814457e-17
83,asinh,6.938893903907228e-18
83,logistic,3.469446951953614e-18
84,exp_0_5,1.3877787807814457e-17
84,exp_1,1.3877787807814457e-17
84,exp_2,2.7755575615628914e-17
84,asinh,2.7755575615628914e-17
84,logistic,1.3877787807814457e-17
85,exp_0_5,3.469446951953614e-18
85,exp_1,3.469446951953614e-18
85,exp_2,3.469446951953614e-18
85,asinh,3.469446951953614e-18
85,logistic,3.469446951953614e-18
86,exp_0_5,3.469446951953614e-18
86,exp_1,3.469446951953614e-18
86,exp_2,3.469446951953614e-18
86,asinh,6.938893903907228e-18
86,logistic,3.469446951953614e-18
87,exp_0_5,6.938893903907228e-18
87,exp_1,2.7755575615628914e-17
87,exp_2,2.7755575615628914e-17
87,asinh,2.7755575615628914e-17
87,logistic,1.3877787807814457e-17
88,exp_0_5,1.3877787807814457e-17
88,exp_1,1.3877787807814457e-17
88,exp_2,0.0
88,asinh,2.7755575615628914e-17
88,logistic,3.469446951953614e-18
89,exp_0_5,3.469446951953614e-18
89,exp_1,6.938893903907228e-18
89,exp_2,6.938893903907228e-18
89,asinh,3.469446951953614e-18
89,logistic,3.469446951953614e-18
90,exp_0_5,3.469446951953614e-18
90,exp_1,6.938893903907228e-18
90,exp_2,6.938893903907228e-18
90,asinh,3.469446951953614e-18
90,logistic,3.469446951953614e-18
91,exp_0_5,1.3877787807814457e-17
91,exp_1,1.3877787807814457e-17
91,exp_2,1.734723475976807e-18
91,asinh,6.938893903907228e-18
91,logistic,6.938893903907228e-18
92,exp_0_5,3.469446951953614e-18
92,exp_1,6.938893903907228e-18
92,exp_2,2.7755575615628914e-17
92,asinh,3.469446951953614e-18
92,logistic,3.469446951953614e-18
93,exp_0_5,3.469446951953614e-18
93,exp_1,6.938893903907228e-18
93,exp_2,1.3877787807814457e-17
93,asinh,3.469446951953614e-18
93,logistic,3.469446951953614e-18
94,exp_0_5,6.938893903907228e-18
94,exp_1,1.3877787807814457e-17
94,exp_2,6.938893903907228e-18
94,asinh,6.938893903907228e-18
94,logistic,6.938893903907228e-18
95,exp_0_5,3.469446951953614e-18
95,exp_1,6.938893903907228e-18
95,exp_2,6.938893903907228e-18
95,asinh,3.469446951953614e-18
95,logistic,3.469446951953614e-18
96,exp_0_5,3.469446951953614e-18
96,exp_1,6.938893903907228e-18
96,exp_2,6.938893903907228e-18
96,asinh,6.938893903907228e-18
96,logistic,1.734723475976807e-18
97,exp_0_5,1.3877787807814457e-17
97,exp_1,1.3877787807814457e-17
97,exp_2,2.7755575615628914e-17
97,asinh,6.938893903907228e-18
97,logistic,1.3877787807814457e-17
98,exp_0_5,1.3877787807814457e-17
98,exp_1,1.3877787807814457e-17
98,exp_2,2.7755575615628914e-17
98,asinh,1.3877787807814457e-17
98,logistic,6.938893903907228e-18
99,exp_0_5,3.469446951953614e-18
99,exp_1,6.938893903907228e-18
99,exp_2,6.938893903907228e-18
99,asinh,3.469446951953614e-18
99,logistic,6.938893903907228e-18
100,exp_0_5,6.938893903907228e-18
100,exp_1,1.3877787807814457e-17
100,exp_2,6.938893903907228e-18
100,asinh,3.469446951953614e-18
100,logistic,6.938893903907228e-18
101,exp_0_5,3.469446951953614e-18
101,exp_1,6.938893903907228e-18
101,exp_2,3.469446951953614e-18
101,asinh,3.469446951953614e-18
101,logistic,3.469446951953614e-18
102,exp_0_5,1.3877787807814457e-17
102,exp_1,1.3877787807814457e-17
102,exp_2,2.7755575615628914e-17
102,asinh,1.3877787807814457e-17
102,logistic,6.938893903907228e-18
103,exp_0_5,6.938893903907228e-18
103,exp_1,1.3877787807814457e-17
103,exp_2,1.3877787807814457e-17
103,asinh,6.938893903907228e-18
103,logistic,6.938893903907228e-18
104,exp_0_5,3.469446951953614e-18
104,exp_1,6.938893903907228e-18
104,exp_2,6.938893903907228e-18
104,asinh,6.938893903907228e-18
104,logistic,3.469446951953614e-18
105,exp_0_5,6.938893903907228e-18
105,exp_1,6.938893903907228e-18
105,exp_2,6.938893903907228e-18
105,asinh,3.469446951953614e-18
105,logistic,3.469446951953614e-18
106,exp_0_5,1.734723475976807e-18
106,exp_1,3.469446951953614e-18
106,exp_2,1.3877787807814457e-17
106,asinh,6.938893903907228e-18
106,logistic,1.734723475976807e-18
107,exp_0_5,3.469446951953614e-18
107,exp_1,3.469446951953614e-18
107,exp_2,1.3877787807814457e-17
107,asinh,3.469446951953614e-18
107,logistic,3.469446951953614e-18
108,exp_0_5,6.938893903907228e-18
108,exp_1,1.3877787807814457e-17
108,exp_2,1.3877787807814457e-17
108,asinh,1.3877787807814457e-17
108,logistic,1.3877787807814457e-17
109,exp_0_5,6.938893903907228e-18
109,exp_1,6.938893903907228e-18
109,exp_2,1.3877787807814457e-17
109,asinh,1.3877787807814457e-17
109,logistic,6.938893903907228e-18
110,exp_0_5,3.469446951953614e-18
110,exp_1,1.3877787807814457e-17
110,exp_2,1.3877787807814457e-17
110,asinh,6.938893903907228e-18
110,logistic,3.469446951953614e-18
111,exp_0_5,6.938893903907228e-18
111,exp_1,1.3877787807814457e-17
111,exp_2,6.938893903907228e-18
111,asinh,1.3877787807814457e-17
111,logistic,6.938893903907228e-18
112,exp_0_5,6.938893903907228e-18
112,exp_1,1.3877787807814457e-17
112,exp_2,1.3877787807814457e-17
112,asinh,1.3877787807814457e-17
112,logistic,6.938893903907228e-18
113,exp_0_5,6.938893903907228e-18
113,exp_1,1.3877787807814457e-17
113,exp_2,1.3877787807814457e-17
113,asinh,6.938893903907228e-18
113,logistic,6.938893903907228e-18
114,exp_0_5,3.469446951953614e-18
114,exp_1,3.469446951953614e-18
114,exp_2,6.938893903907228e-18
114,asinh,6.938893903907228e-18
114,logistic,6.938893903907228e-18
115,exp_0_5,3.469446951953614e-18
115,exp_1,6.938893903907228e-18
115,exp_2,6.938893903907228e-18
115,asinh,3.469446951953614e-18
115,logistic,3.469446951953614e-18
116,exp_0_5,3.469446951953614e-18
116,exp_1,6.938893903907228e-18
116,exp_2,6.938893903907228e-18
116,asinh,3.469446951953614e-18
116,logistic,3.469446951953614e-18
117,exp_0_5,6.938893903907228e-18
117,exp_1,6.938893903907228e-18
117,exp_2,5.551115123125783e-17
117,asinh,3.469446951953614e-18
117,logistic,3.469446951953614e-18
118,exp_0_5,3.469446951953614e-18
118,exp_1,3.469446951953614e-18
118,exp_2,6.938893903907228e-18
118,asinh,3.469446951953614e-18
118,logistic,1.734723475976807e-18
119,exp_0_5,6.938893903907228e-18
119,exp_1,6.938893903907228e-18
119,exp_2,1.3877787807814457e-17
119,asinh,6.938893903907228e-18
119,logistic,6.938893903907228e-18
120,exp_0_5,3.469446951953614e-18
120,exp_1,1.3877787807814457e-17
120,exp_2,1.3877787807814457e-17
120,asinh,6.938893903907228e-18
120,logistic,6.938893903907228e-18
121,exp_0_5,1.3877787807814457e-17
121,exp_1,1.3877787807814457e-17
121,exp_2,1.3877787807814457e-17
121,asinh,1.3877787807814457e-17
121,logistic,1.3877787807814457e-17
122,exp_0_5,6.938893903907228e-18
122,exp_1,6.938893903907228e-18
122,exp_2,5.551115123125783e-17
122,asinh,6.938893903907228e-18
122,logistic,6.938893903907228e-18
123,exp_0_5,3.469446951953614e-18
123,exp_1,1.3877787807814457e-17
123,exp_2,3.469446951953614e-18
123,asinh,6.938893903907228e-18
123,logistic,6.938893903907228e-18
124,exp_0_5,6.938893903907228e-18
124,exp_1,1.3877787807814457e-17
124,exp_2,1.3877787807814457e-17
124,asinh,6.938893903907228e-18
124,logistic,6.938893903907228e-18
125,exp_0_5,3.469446951953614e-18
125,exp_1,6.938893903907228e-18
125,exp_2,6.938893903907228e-18
125,asinh,3.469446951953614e-18
125,logistic,3.469446951953614e-18
126,exp_0_5,6.938893903907228e-18
126,exp_1,6.938893903907228e-18
126,exp_2,1.3877787807814457e-17
126,asinh,6.938893903907228e-18
126,logistic,6.938893903907228e-18
127,exp_0_5,6.938893903907228e-18
127,exp_1,3.469446951953614e-18
127,exp_2,3.469446951953614e-18
127,asinh,6.938893903907228e-18
127,logistic,3.469446951953614e-18
128,exp_0_5,3.469446951953614e-18
128,exp_1,3.469446951953614e-18
128,exp_2,6.938893903907228e-18
128,asinh,3.469446951953614e-18
128,logistic,5.204170427930421e-18
129,exp_0_5,6.938893903907228e-18
129,exp_1,5.551115123125783e-17
129,exp_2,5.551115123125783e-17
129,asinh,2.7755575615628914e-17
129,logistic,2.7755575615628914e-17
130,exp_0_5,6.938893903907228e-18
130,exp_1,6.938893903907228e-18
130,exp_2,1.3877787807814457e-17
130,asinh,6.938893903907228e-18
130,logistic,6.938893903907228e-18
131,exp_0_5,3.469446951953614e-18
131,exp_1,3.469446951953614e-18
131,exp_2,6.938893903907228e-18
131,asinh,3.469446951953614e-18
131,logistic,3.469446951953614e-18
132,exp_0_5,6.938893903907228e-18
132,exp_1,1.3877787807814457e-17
132,exp_2,6.938893903907228e-18
132,asinh,6.938893903907228e-18
132,logistic,1.3877787807814457e-17
133,exp_0_5,6.938893903907228e-18
133,exp_1,1.3877787807814457e-17
133,exp_2,2.7755575615628914e-17
133,asinh,6.938893903907228e-18
133,logistic,6.938893903907228e-18
134,exp_0_5,3.469446951953614e-18
134,exp_1,6.938893903907228e-18
134,exp_2,1.3877787807814457e-17
134,asinh,6.938893903907228e-18
134,logistic,3.469446951953614e-18
135,exp_0_5,6.938893903907228e-18
135,exp_1,6.938893903907228e-18
135,exp_2,1.3877787807814457e-17
135,asinh,6.938893903907228e-18
135,logistic,6.938893903907228e-18
136,exp_0_5,3.469446951953614e-18
136,exp_1,3.469446951953614e-18
136,exp_2,6.938893903907228e-18
136,asinh,3.469446951953614e-18
136,logistic,3.469446951953614e-18
137,exp_0_5,6.938893903907228e-18
137,exp_1,6.938893903907228e-18
137,exp_2,1.3877787807814457e-17
137,asinh,1.3877787807814457e-17
137,logistic,6.938893903907228e-18
138,exp_0_5,3.469446951953614e-18
138,exp_1,6.938893903907228e-18
138,exp_2,1.3877787807814457e-17
138,asinh,6.938893903907228e-18
138,logistic,3.469446951953614e-18
139,exp_0_5,1.3877787807814457e-17
139,exp_1,1.3877787807814457e-17
139,exp_2,1.3877787807814457e-17
139,asinh,1.3877787807814457e-17
139,logistic,1.3877787807814457e-17
140,exp_0_5,6.938893903907228e-18
140,exp_1,6.938893903907228e-18
140,exp_2,1.3877787807814457e-17
140,asinh,6.938893903907228e-18
140,logistic,3.469446951953614e-18
141,exp_0_5,3.469446951953614e-18
141,exp_1,1.3877787807814457e-17
141,exp_2,1.3877787807814457e-17
141,asinh,6.938893903907228e-18
141,logistic,6.938893903907228e-18
142,exp_0_5,3.469446951953614e-18
142,exp_1,3.469446951953614e-18
142,exp_2,6.938893903907228e-18
142,asinh,3.469446951953614e-18
142,logistic,3.469446951953614e-18
143,exp_0_5,6.938893903907228e-18
143,exp_1,3.469446951953614e-18
143,exp_2,1.3877787807814457e-17
143,asinh,6.938893903907228e-18
143,logistic,6.938893903907228e-18
144,exp_0_5,6.938893903907228e-18
144,exp_1,6.938893903907228e-18
144,exp_2,6.938893903907228e-18
144,asinh,6.938893903907228e-18
144,logistic,6.938893903907228e-18
145,exp_0_5,1.734723475976807e-18
145,exp_1,6.938893903907228e-18
145,exp_2,2.7755575615628914e-17
145,asinh,3.469446951953614e-18
145,logistic,3.469446951953614e-18
146,exp_0_5,3.469446951953614e-18
146,exp_1,6.938893903907228e-18
146,exp_2,6.938893903907228e-18
146,asinh,6.938893903907228e-18
146,logistic,3.469446951953614e-18
147,exp_0_5,3.469446951953614e-18
147,exp_1,6.938893903907228e-18
147,exp_2,6.938893903907228e-18
147,asinh,6.938893903907228e-18
147,logistic,3.469446951953614e-18
148,exp_0_5,3.469446951953614e-18
148,exp_1,6.938893903907228e-18
148,exp_2,1.3877787807814457e-17
148,asinh,6.938893903907228e-18
148,logistic,3.469446951953614e-18
149,exp_0_5,1.3877787807814457e-17
149,exp_1,1.3877787807814457e-17
149,exp_2,6.938893903907228e-18
149,asinh,2.7755575615628914e-17
149,logistic,1.3877787807814457e-17
150,exp_0_5,3.469446951953614e-18
150,exp_1,1.3877787807814457e-17
150,exp_2,3.469446951953614e-18
150,asinh,3.469446951953614e-18
150,logistic,3.469446951953614e-18
151,exp_0_5,3.469446951953614e-18
151,exp_1,6.938893903907228e-18
151,exp_2,3.469446951953614e-18
151,asinh,6.938893903907228e-18
151,logistic,6.938893903907228e-18
152,exp_0_5,3.469446951953614e-18
152,exp_1,6.938893903907228e-18
152,exp_2,1.3877787807814457e-17
152,asinh,3.469446951953614e-18
152,logistic,3.469446951953614e-18
153,exp_0_5,6.938893903907228e-18
153,exp_1,1.3877787807814457e-17
153,exp_2,1.3877787807814457e-17
153,asinh,1.3877787807814457e-17
153,logistic,1.3877787807814457e-17
154,exp_0_5,6.938893903907228e-18
154,exp_1,6.938893903907228e-18
154,exp_2,1.3877787807814457e-17
154,asinh,6.938893903907228e-18
154,logistic,6.938893903907228e-18
155,exp_0_5,3.469446951953614e-18
155,exp_1,3.469446951953614e-18
155,exp_2,3.469446951953614e-18
155,asinh,6.938893903907228e-18
155,logistic,3.469446951953614e-18
156,exp_0_5,6.938893903907228e-18
156,exp_1,6.938893903907228e-18
156,exp_2,1.3877787807814457e-17
156,asinh,3.469446951953614e-18
156,logistic,6.938893903907228e-18
157,exp_0_5,6.938893903907228e-18
157,exp_1,6.938893903907228e-18
157,exp_2,2.7755575615628914e-17
157,asinh,1.3877787807814457e-17
157,logistic,6.938893903907228e-18
158,exp_0_5,3.469446951953614e-18
158,exp_1,3.469446951953614e-18
158,exp_2,6.938893903907228e-18
158,asinh,3.469446951953614e-18
158,logistic,1.734723475976807e-18
159,exp_0_5,3.469446951953614e-18
159,exp_1,1.3877787807814457e-17
159,exp_2,3.469446951953614e-18
159,asinh,6.938893903907228e-18
159,logistic,6.938893903907228e-18
160,exp_0_5,6.938893903907228e-18
160,exp_1,1.3877787807814457e-17
160,exp_2,2.7755575615628914e-17
160,asinh,3.469446951953614e-18
160,logistic,3.469446951953614e-18
161,exp_0_5,3.469446951953614e-18
161,exp_1,3.469446951953614e-18
161,exp_2,1.3877787807814457e-17
161,asinh,6.938893903907228e-18
161,logistic,3.469446951953614e-18
162,exp_0_5,6.938893903907228e-18
162,exp_1,6.938893903907228e-18
162,exp_2,2.7755575615628914e-17
162,asinh,6.938893903907228e-18
162,logistic,3.469446951953614e-18
163,exp_0_5,3.469446951953614e-18
163,exp_1,3.469446951953614e-18
163,exp_2,6.938893903907228e-18
163,asinh,6.938893903907228e-18
163,logistic,3.469446951953614e-18
164,exp_0_5,3.469446951953614e-18
164,exp_1,3.469446951953614e-18
164,exp_2,1.3877787807814457e-17
164,asinh,3.469446951953614e-18
164,logistic,3.469446951953614e-18
165,exp_0_5,3.469446951953614e-18
165,exp_1,6.938893903907228e-18
165,exp_2,6.938893903907228e-18
165,asinh,3.469446951953614e-18
165,logistic,3.469446951953614e-18
166,exp_0_5,1.3877787807814457e-17
166,exp_1,6.938893903907228e-18
166,exp_2,3.469446951953614e-18
166,asinh,6.938893903907228e-18
166,logistic,1.3877787807814457e-17
167,exp_0_5,3.469446951953614e-18
167,exp_1,1.3877787807814457e-17
167,exp_2,1.3877787807814457e-17
167,asinh,6.938893903907228e-18
167,logistic,3.469446951953614e-18
168,exp_0_5,6.938893903907228e-18
168,exp_1,1.3877787807814457e-17
168,exp_2,2.7755575615628914e-17
168,asinh,1.3877787807814457e-17
168,logistic,6.938893903907228e-18
169,exp_0_5,3.469446951953614e-18
169,exp_1,6.938893903907228e-18
169,exp_2,1.3877787807814457e-17
169,asinh,6.938893903907228e-18
169,logistic,3.469446951953614e-18
170,exp_0_5,3.469446951953614e-18
170,exp_1,3.469446951953614e-18
170,exp_2,3.469446951953614e-18
170,asinh,3.469446951953614e-18
170,logistic,3.469446951953614e-18
171,exp_0_5,3.469446951953614e-18
171,exp_1,6.938893903907228e-18
171,exp_2,1.3877787807814457e-17
171,asinh,6.938893903907228e-18
171,logistic,3.469446951953614e-18
172,exp_0_5,6.938893903907228e-18
172,exp_1,6.938893903907228e-18
172,exp_2,6.938893903907228e-18
172,asinh,6.938893903907228e-18
172,logistic,6.938893903907228e-18
173,exp_0_5,1.3877787807814457e-17
173,exp_1,1.3877787807814457e-17
173,exp_2,2.7755575615628914e-17
173,asinh,3.469446951953614e-18
173,logistic,6.938893903907228e-18
174,exp_0_5,1.3877787807814457e-17
174,exp_1,5.551115123125783e-17
174,exp_2,3.469446951953614e-18
174,asinh,2.7755575615628914e-17
174,logistic,6.938893903907228e-18
175,exp_0_5,1.3877787807814457e-17
175,exp_1,2.7755575615628914e-17
175,exp_2,0.0
175,asinh,1.3877787807814457e-17
175,logistic,1.3877787807814457e-17
176,exp_0_5,6.938893903907228e-18
176,exp_1,1.3877787807814457e-17
176,exp_2,2.7755575615628914e-17
176,asinh,6.938893903907228e-18
176,logistic,1.3877787807814457e-17
177,exp_0_5,6.938893903907228e-18
177,exp_1,6.938893903907228e-18
177,exp_2,1.3877787807814457e-17
177,asinh,6.938893903907228e-18
177,logistic,3.469446951953614e-18
178,exp_0_5,6.938893903907228e-18
178,exp_1,1.3877787807814457e-17
178,exp_2,2.7755575615628914e-17
178,asinh,6.938893903907228e-18
178,logistic,6.938893903907228e-18
179,exp_0_5,1.3877787807814457e-17
179,exp_1,2.7755575615628914e-17
179,exp_2,1.3877787807814457e-17
179,asinh,6.938893903907228e-18
179,logistic,6.938893903907228e-18
180,exp_0_5,1.3877787807814457e-17
180,exp_1,1.3877787807814457e-17
180,exp_2,1.3877787807814457e-17
180,asinh,2.7755575615628914e-17
180,logistic,2.7755575615628914e-17
181,exp_0_5,3.469446951953614e-18
181,exp_1,1.3877787807814457e-17
181,exp_2,3.469446951953614e-18
181,asinh,6.938893903907228e-18
181,logistic,3.469446951953614e-18
182,exp_0_5,6.938893903907228e-18
182,exp_1,1.3877787807814457e-17
182,exp_2,2.7755575615628914e-17
182,asinh,1.3877787807814457e-17
182,logistic,6.938893903907228e-18
183,exp_0_5,3.469446951953614e-18
183,exp_1,6.938893903907228e-18
183,exp_2,1.3877787807814457e-17
183,asinh,6.938893903907228e-18
183,logistic,3.469446951953614e-18
184,exp_0_5,6.938893903907228e-18
184,exp_1,6.938893903907228e-18
184,exp_2,1.3877787807814457e-17
184,asinh,6.938893903907228e-18
184,logistic,6.938893903907228e-18
185,exp_0_5,1.3877787807814457e-17
185,exp_1,1.3877787807814457e-17
185,exp_2,2.7755575615628914e-17
185,asinh,1.3877787807814457e-17
185,logistic,1.3877787807814457e-17
186,exp_0_5,1.3877787807814457e-17
186,exp_1,1.3877787807814457e-17
186,exp_2,2.7755575615628914e-17
186,asinh,1.3877787807814457e-17
186,logistic,1.3877787807814457e-17
187,exp_0_5,1.3877787807814457e-17
187,exp_1,1.3877787807814457e-17
187,exp_2,1.3877787807814457e-17
187,asinh,1.3877787807814457e-17
187,logistic,1.3877787807814457e-17
188,exp_0_5,6.938893903907228e-18
188,exp_1,1.3877787807814457e-17
188,exp_2,3.469446951953614e-18
188,asinh,3.469446951953614e-18
188,logistic,3.469446951953614e-18
189,exp_0_5,3.469446951953614e-18
189,exp_1,1.3877787807814457e-17
189,exp_2,2.7755575615628914e-17
189,asinh,6.938893903907228e-18
189,logistic,6.938893903907228e-18
190,exp_0_5,2.7755575615628914e-17
190,exp_1,3.469446951953614e-18
190,exp_2,5.551115123125783e-17
190,asinh,2.7755575615628914e-17
190,logistic,1.3877787807814457e-17
191,exp_0_5,6.938893903907228e-18
191,exp_1,6.938893903907228e-18
191,exp_2,2.7755575615628914e-17
191,asinh,1.3877787807814457e-17
191,logistic,6.938893903907228e-18
192,exp_0_5,6.938893903907228e-18
192,exp_1,1.3877787807814457e-17
192,exp_2,1.3877787807814457e-17
192,asinh,6.938893903907228e-18
192,logistic,6.938893903907228e-18
193,exp_0_5,3.469446951953614e-18
193,exp_1,6.938893903907228e-18
193,exp_2,1.3877787807814457e-17
193,asinh,6.938893903907228e-18
193,logistic,6.938893903907228e-18
194,exp_0_5,3.469446951953614e-18
194,exp_1,6.938893903907228e-18
194,exp_2,6.938893903907228e-18
194,asinh,6.938893903907228e-18
194,logistic,6.938893903907228e-18
195,exp_0_5,1.3877787807814457e-17
195,exp_1,1.3877787807814457e-17
195,exp_2,2.7755575615628914e-17
195,asinh,1.3877787807814457e-17
195,logistic,1.3877787807814457e-17
196,exp_0_5,3.469446951953614e-18
196,exp_1,3.469446951953614e-18
196,exp_2,2.7755575615628914e-17
196,asinh,6.938893903907228e-18
196,logistic,3.469446951953614e-18
197,exp_0_5,6.938893903907228e-18
197,exp_1,6.938893903907228e-18
197,exp_2,1.3877787807814457e-17
197,asinh,6.938893903907228e-18
197,logistic,6.938893903907228e-18
198,exp_0_5,6.938893903907228e-18
198,exp_1,6.938893903907228e-18
198,exp_2,1.3877787807814457e-17
198,asinh,1.3877787807814457e-17
198,logistic,6.938893903907228e-18
199,exp_0_5,3.469446951953614e-18
199,exp_1,3.469446951953614e-18
199,exp_2,6.938893903907228e-18
199,asinh,6.938893903907228e-18
199,logistic,3.469446951953614e-18
200,exp_0_5,3.469446951953614e-18
200,exp_1,3.469446951953614e-18
200,exp_2,6.938893903907228e-18
200,asinh,3.469446951953614e-18
200,logistic,3.469446951953614e-18
201,exp_0_5,6.938893903907228e-18
201,exp_1,1.3877787807814457e-17
201,exp_2,2.7755575615628914e-17
201,asinh,1.3877787807814457e-17
201,logistic,6.938893903907228e-18
202,exp_0_5,6.938893903907228e-18
202,exp_1,6.938893903907228e-18
202,exp_2,1.3877787807814457e-17
202,asinh,6.938893903907228e-18
202,logistic,6.938893903907228e-18
203,exp_0_5,1.3877787807814457e-17
203,exp_1,6.938893903907228e-18
203,exp_2,1.3877787807814457e-17
203,asinh,1.3877787807814457e-17
203,logistic,1.3877787807814457e-17
204,exp_0_5,6.938893903907228e-18
204,exp_1,6.938893903907228e-18
204,exp_2,2.7755575615628914e-17
204,asinh,3.469446951953614e-18
204,logistic,3.469446951953614e-18
205,exp_0_5,1.3877787807814457e-17
205,exp_1,5.551115123125783e-17
205,exp_2,8.673617379884035e-19
205,asinh,1.3877787807814457e-17
205,logistic,2.7755575615628914e-17
206,exp_0_5,1.3877787807814457e-17
206,exp_1,2.7755575615628914e-17
206,exp_2,6.938893903907228e-18
206,asinh,1.3877787807814457e-17
206,logistic,1.3877787807814457e-17
207,exp_0_5,6.938893903907228e-18
207,exp_1,3.469446951953614e-18
207,exp_2,8.673617379884035e-19
207,asinh,1.3877787807814457e-17
207,logistic,6.938893903907228e-18
208,exp_0_5,1.3877787807814457e-17
208,exp_1,2.7755575615628914e-17
208,exp_2,5.551115123125783e-17
208,asinh,2.7755575615628914e-17
208,logistic,2.7755575615628914e-17
209,exp_0_5,6.938893903907228e-18
209,exp_1,6.938893903907228e-18
209,exp_2,5.551115123125783e-17
209,asinh,1.3877787807814457e-17
209,logistic,6.938893903907228e-18
210,exp_0_5,6.938893903907228e-18
210,exp_1,1.3877787807814457e-17
210,exp_2,1.3877787807814457e-17
210,asinh,1.3877787807814457e-17
210,logistic,6.938893903907228e-18
211,exp_0_5,3.469446951953614e-18
211,exp_1,6.938893903907228e-18
211,exp_2,6.938893903907228e-18
211,asinh,3.469446951953614e-18
211,logistic,3.469446951953614e-18
212,exp_0_5,3.469446951953614e-18
212,exp_1,6.938893903907228e-18
212,exp_2,2.7755575615628914e-17
212,asinh,3.469446951953614e-18
212,logistic,3.469446951953614e-18
213,exp_0_5,6.938893903907228e-18
213,exp_1,6.938893903907228e-18
213,exp_2,6.938893903907228e-18
213,asinh,6.938893903907228e-18
213,logistic,6.938893903907228e-18
214,exp_0_5,3.469446951953614e-18
214,exp_1,6.938893903907228e-18
214,exp_2,1.3877787807814457e-17
214,asinh,6.938893903907228e-18
214,logistic,3.469446951953614e-18
215,exp_0_5,3.469446951953614e-18
215,exp_1,3.469446951953614e-18
215,exp_2,1.3877787807814457e-17
215,asinh,3.469446951953614e-18
215,logistic,3.469446951953614e-18
216,exp_0_5,3.469446951953614e-18
216,exp_1,3.469446951953614e-18
216,exp_2,3.469446951953614e-18
216,asinh,3.469446951953614e-18
216,logistic,3.469446951953614e-18
217,exp_0_5,3.469446951953614e-18
217,exp_1,6.938893903907228e-18
217,exp_2,2.7755575615628914e-17
217,asinh,6.938893903907228e-18
217,logistic,6.938893903907228e-18
218,exp_0_5,1.3877787807814457e-17
218,exp_1,1.3877787807814457e-17
218,exp_2,2.7755575615628914e-17
218,asinh,1.3877787807814457e-17
218,logistic,6.938893903907228e-18
219,exp_0_5,6.938893903907228e-18
219,exp_1,1.3877787807814457e-17
219,exp_2,6.938893903907228e-18
219,asinh,6.938893903907228e-18
219,logistic,1.3877787807814457e-17
220,exp_0_5,3.469446951953614e-18
220,exp_1,1.3877787807814457e-17
220,exp_2,2.7755575615628914e-17
220,asinh,3.469446951953614e-18
220,logistic,3.469446951953614e-18
221,exp_0_5,3.469446951953614e-18
221,exp_1,6.938893903907228e-18
221,exp_2,2.7755575615628914e-17
221,asinh,6.938893903907228e-18
221,logistic,6.938893903907228e-18
222,exp_0_5,2.7755575615628914e-17
222,exp_1,6.938893903907228e-18
222,exp_2,5.551115123125783e-17
222,asinh,2.7755575615628914e-17
222,logistic,6.938893903907228e-18
223,exp_0_5,3.469446951953614e-18
223,exp_1,6.938893903907228e-18
223,exp_2,1.3877787807814457e-17
223,asinh,3.469446951953614e-18
223,logistic,3.469446951953614e-18
224,exp_0_5,2.7755575615628914e-17
224,exp_1,1.3877787807814457e-17
224,exp_2,6.938893903907228e-18
224,asinh,1.3877787807814457e-17
224,logistic,1.3877787807814457e-17
225,exp_0_5,1.3877787807814457e-17
225,exp_1,1.3877787807814457e-17
225,exp_2,2.7755575615628914e-17
225,asinh,6.938893903907228e-18
225,logistic,6.938893903907228e-18
226,exp_0_5,3.469446951953614e-18
226,exp_1,6.938893903907228e-18
226,exp_2,3.469446951953614e-18
226,asinh,6.938893903907228e-18
226,logistic,3.469446951953614e-18
227,exp_0_5,6.938893903907228e-18
227,exp_1,3.469446951953614e-18
227,exp_2,6.938893903907228e-18
227,asinh,3.469446951953614e-18
227,logistic,3.469446951953614e-18
228,exp_0_5,1.3877787807814457e-17
228,exp_1,1.3877787807814457e-17
228,exp_2,2.7755575615628914e-17
228,asinh,1.3877787807814457e-17
228,logistic,1.3877787807814457e-17
229,exp_0_5,3.469446951953614e-18
229,exp_1,3.469446951953614e-18
229,exp_2,3.469446951953614e-18
229,asinh,3.469446951953614e-18
229,logistic,3.469446951953614e-18
230,exp_0_5,3.469446951953614e-18
230,exp_1,3.469446951953614e-18
230,exp_2,3.469446951953614e-18
230,asinh,6.938893903907228e-18
230,logistic,3.469446951953614e-18
231,exp_0_5,6.938893903907228e-18
231,exp_1,6.938893903907228e-18
231,exp_2,1.3877787807814457e-17
231,asinh,6.938893903907228e-18
231,logistic,6.938893903907228e-18
232,exp_0_5,1.3877787807814457e-17
232,exp_1,6.938893903907228e-18
232,exp_2,1.3877787807814457e-17
232,asinh,6.938893903907228e-18
232,logistic,6.938893903907228e-18
233,exp_0_5,3.469446951953614e-18
233,exp_1,6.938893903907228e-18
233,exp_2,6.938893903907228e-18
233,asinh,6.938893903907228e-18
233,logistic,3.469446951953614e-18
234,exp_0_5,3.469446951953614e-18
234,exp_1,6.938893903907228e-18
234,exp_2,3.469446951953614e-18
234,asinh,3.469446951953614e-18
234,logistic,3.469446951953614e-18
235,exp_0_5,6.938893903907228e-18
235,exp_1,1.3877787807814457e-17
235,exp_2,2.7755575615628914e-17
235,asinh,6.938893903907228e-18
235,logistic,6.938893903907228e-18
236,exp_0_5,1.3877787807814457e-17
236,exp_1,1.3877787807814457e-17
236,exp_2,2.7755575615628914e-17
236,asinh,1.3877787807814457e-17
236,logistic,1.3877787807814457e-17
237,exp_0_5,1.3877787807814457e-17
237,exp_1,1.3877787807814457e-17
237,exp_2,5.551115123125783e-17
237,asinh,2.7755575615628914e-17
237,logistic,1.3877787807814457e-17
238,exp_0_5,1.734723475976807e-18
238,exp_1,3.469446951953614e-18
238,exp_2,1.3877787807814457e-17
238,asinh,3.469446951953614e-18
238,logistic,3.469446951953614e-18
239,exp_0_5,3.469446951953614e-18
239,exp_1,6.938893903907228e-18
239,exp_2,1.3877787807814457e-17
239,asinh,3.469446951953614e-18
239,logistic,3.469446951953614e-18
240,exp_0_5,3.469446951953614e-18
240,exp_1,6.938893903907228e-18
240,exp_2,2.7755575615628914e-17
240,asinh,6.938893903907228e-18
240,logistic,3.469446951953614e-18
241,exp_0_5,6.938893903907228e-18
241,exp_1,1.3877787807814457e-17
241,exp_2,5.551115123125783e-17
241,asinh,6.938893903907228e-18
241,logistic,6.938893903907228e-18
242,exp_0_5,3.469446951953614e-18
242,exp_1,6.938893903907228e-18
242,exp_2,1.3877787807814457e-17
242,asinh,3.469446951953614e-18
242,logistic,1.734723475976807e-18
243,exp_0_5,3.469446951953614e-18
243,exp_1,6.938893903907228e-18
243,exp_2,1.3877787807814457e-17
243,asinh,3.469446951953614e-18
243,logistic,3.469446951953614e-18
244,exp_0_5,3.469446951953614e-18
244,exp_1,6.938893903907228e-18
244,exp_2,6.938893903907228e-18
244,asinh,3.469446951953614e-18
244,logistic,3.469446951953614e-18
245,exp_0_5,6.938893903907228e-18
245,exp_1,1.3877787807814457e-17
245,exp_2,2.7755575615628914e-17
245,asinh,6.938893903907228e-18
245,logistic,3.469446951953614e-18
246,exp_0_5,1.3877787807814457e-17
246,exp_1,6.938893903907228e-18
246,exp_2,2.7755575615628914e-17
246,asinh,6.938893903907228e-18
246,logistic,1.3877787807814457e-17
247,exp_0_5,6.938893903907228e-18
247,exp_1,6.938893903907228e-18
247,exp_2,6.938893903907228e-18
247,asinh,3.469446951953614e-18
247,logistic,3.469446951953614e-18
248,exp_0_5,3.469446951953614e-18
248,exp_1,3.469446951953614e-18
248,exp_2,2.7755575615628914e-17
248,asinh,6.938893903907228e-18
248,logistic,3.469446951953614e-18
249,exp_0_5,3.469446951953614e-18
249,exp_1,3.469446951953614e-18
249,exp_2,1.3877787807814457e-17
249,asinh,6.938893903907228e-18
249,logistic,1.734723475976807e-18
250,exp_0_5,6.938893903907228e-18
250,exp_1,1.3877787807814457e-17
250,exp_2,6.938893903907228e-18
250,asinh,1.3877787807814457e-17
250,logistic,6.938893903907228e-18
251,exp_0_5,1.3877787807814457e-17
251,exp_1,1.3877787807814457e-17
251,exp_2,2.7755575615628914e-17
251,asinh,1.3877787807814457e-17
251,logistic,6.938893903907228e-18
252,exp_0_5,6.938893903907228e-18
252,exp_1,6.938893903907228e-18
252,exp_2,1.3877787807814457e-17
252,asinh,6.938893903907228e-18
252,logistic,3.469446951953614e-18
253,exp_0_5,1.3877787807814457e-17
253,exp_1,2.7755575615628914e-17
253,exp_2,6.938893903907228e-18
253,asinh,1.3877787807814457e-17
253,logistic,1.3877787807814457e-17
254,exp_0_5,1.3877787807814457e-17
254,exp_1,6.938893903907228e-18
254,exp_2,5.551115123125783e-17
254,asinh,6.938893903907228e-18
254,logistic,6.938893903907228e-18
255,exp_0_5,6.938893903907228e-18
255,exp_1,6.938893903907228e-18
255,exp_2,5.551115123125783e-17
255,asinh,2.7755575615628914e-17
255,logistic,1.3877787807814457e-17
256,exp_0_5,1.3877787807814457e-17
256,exp_1,1.3877787807814457e-17
256,exp_2,2.7755575615628914e-17
256,asinh,1.3877787807814457e-17
256,logistic,1.3877787807814457e-17
257,exp_0_5,1.3877787807814457e-17
257,exp_1,2.7755575615628914e-17
257,exp_2,2.7755575615628914e-17
257,asinh,1.3877787807814457e-17
257,logistic,1.3877787807814457e-17
258,exp_0_5,1.3877787807814457e-17
258,exp_1,6.938893903907228e-18
258,exp_2,1.3877787807814457e-17
258,asinh,6.938893903907228e-18
258,logistic,1.3877787807814457e-17
259,exp_0_5,3.469446951953614e-18
259,exp_1,3.469446951953614e-18
259,exp_2,1.3877787807814457e-17
259,asinh,3.469446951953614e-18
259,logistic,3.469446951953614e-18
260,exp_0_5,6.938893903907228e-18
260,exp_1,6.938893903907228e-18
260,exp_2,1.3877787807814457e-17
260,asinh,3.469446951953614e-18
260,logistic,3.469446951953614e-18
261,exp_0_5,3.469446951953614e-18
261,exp_1,6.938893903907228e-18
261,exp_2,1.3877787807814457e-17
261,asinh,6.938893903907228e-18
261,logistic,6.938893903907228e-18
262,exp_0_5,6.938893903907228e-18
262,exp_1,6.938893903907228e-18
262,exp_2,2.7755575615628914e-17
262,asinh,3.469446951953614e-18
262,logistic,3.469446951953614e-18
263,exp_0_5,6.938893903907228e-18
263,exp_1,6.938893903907228e-18
263,exp_2,5.551115123125783e-17
263,asinh,6.938893903907228e-18
263,logistic,6.938893903907228e-18
264,exp_0_5,6.938893903907228e-18
264,exp_1,6.938893903907228e-18
264,exp_2,1.3877787807814457e-17
264,asinh,6.938893903907228e-18
264,logistic,6.938893903907228e-18
265,exp_0_5,3.469446951953614e-18
265,exp_1,3.469446951953614e-18
265,exp_2,6.938893903907228e-18
265,asinh,6.938893903907228e-18
265,logistic,3.469446951953614e-18
266,exp_0_5,6.938893903907228e-18
266,exp_1,1.3877787807814457e-17
266,exp_2,6.938893903907228e-18
266,asinh,6.938893903907228e-18
266,logistic,3.469446951953614e-18
267,exp_0_5,6.938893903907228e-18
267,exp_1,1.3877787807814457e-17
267,exp_2,1.3877787807814457e-17
267,asinh,1.3877787807814457e-17
267,logistic,6.938893903907228e-18
268,exp_0_5,6.938893903907228e-18
268,exp_1,1.3877787807814457e-17
268,exp_2,6.938893903907228e-18
268,asinh,6.938893903907228e-18
268,logistic,6.938893903907228e-18
269,exp_0_5,1.3877787807814457e-17
269,exp_1,2.7755575615628914e-17
269,exp_2,1.3877787807814457e-17
269,asinh,6.938893903907228e-18
269,logistic,1.3877787807814457e-17
270,exp_0_5,1.3877787807814457e-17
270,exp_1,2.7755575615628914e-17
270,exp_2,6.938893903907228e-18
270,asinh,2.7755575615628914e-17
270,logistic,1.3877787807814457e-17
271,exp_0_5,6.938893903907228e-18
271,exp_1,6.938893903907228e-18
271,exp_2,5.551115123125783e-17
271,asinh,1.3877787807814457e-17
271,logistic,6.938893903907228e-18
272,exp_0_5,3.469446951953614e-18
272,exp_1,6.938893903907228e-18
272,exp_2,1.3877787807814457e-17
272,asinh,6.938893903907228e-18
272,logistic,3.469446951953614e-18
273,exp_0_5,1.734723475976807e-18
273,exp_1,3.469446951953614e-18
273,exp_2,1.734723475976807e-18
273,asinh,1.734723475976807e-18
273,logistic,1.734723475976807e-18
274,exp_0_5,3.469446951953614e-18
274,exp_1,6.938893903907228e-18
274,exp_2,3.469446951953614e-18
274,asinh,3.469446951953614e-18
274,logistic,3.469446951953614e-18
275,exp_0_5,6.938893903907228e-18
275,exp_1,6.938893903907228e-18
275,exp_2,1.3877787807814457e-17
275,asinh,6.938893903907228e-18
275,logistic,1.3877787807814457e-17
276,exp_0_5,3.469446951953614e-18
276,exp_1,3.469446951953614e-18
276,exp_2,6.938893903907228e-18
276,asinh,3.469446951953614e-18
276,logistic,3.469446951953614e-18
277,exp_0_5,1.3877787807814457e-17
277,exp_1,2.7755575615628914e-17
277,exp_2,2.7755575615628914e-17
277,asinh,1.3877787807814457e-17
277,logistic,1.3877787807814457e-17
278,exp_0_5,6.938893903907228e-18
278,exp_1,1.3877787807814457e-17
278,exp_2,2.7755575615628914e-17
278,asinh,6.938893903907228e-18
278,logistic,6.938893903907228e-18
279,exp_0_5,3.469446951953614e-18
279,exp_1,6.938893903907228e-18
279,exp_2,2.7755575615628914e-17
279,asinh,3.469446951953614e-18
279,logistic,3.469446951953614e-18
280,exp_0_5,3.469446951953614e-18
280,exp_1,6.938893903907228e-18
280,exp_2,1.3877787807814457e-17
280,asinh,6.938893903907228e-18
280,logistic,3.469446951953614e-18
281,exp_0_5,2.7755575615628914e-17
281,exp_1,1.3877787807814457e-17
281,exp_2,0.0
281,asinh,1.3877787807814457e-17
281,logistic,2.7755575615628914e-17
282,exp_0_5,1.3877787807814457e-17
282,exp_1,2.7755575615628914e-17
282,exp_2,2.7755575615628914e-17
282,asinh,1.3877787807814457e-17
282,logistic,1.3877787807814457e-17
283,exp_0_5,3.469446951953614e-18
283,exp_1,6.938893903907228e-18
283,exp_2,2.7755575615628914e-17
283,asinh,3.469446951953614e-18
283,logistic,3.469446951953614e-18
284,exp_0_5,6.938893903907228e-18
284,exp_1,1.3877787807814457e-17
284,exp_2,6.938893903907228e-18
284,asinh,6.938893903907228e-18
284,logistic,6.938893903907228e-18
285,exp_0_5,3.469446951953614e-18
285,exp_1,1.3877787807814457e-17
285,exp_2,3.469446951953614e-18
285,asinh,3.469446951953614e-18
285,logistic,6.938893903907228e-18
286,exp_0_5,3.469446951953614e-18
286,exp_1,6.938893903907228e-18
286,exp_2,1.3877787807814457e-17
286,asinh,6.938893903907228e-18
286,logistic,6.938893903907228e-18
287,exp_0_5,1.3877787807814457e-17
287,exp_1,1.3877787807814457e-17
287,exp_2,1.3877787807814457e-17
287,asinh,2.7755575615628914e-17
287,logistic,1.3877787807814457e-17
288,exp_0_5,3.469446951953614e-18
288,exp_1,3.469446951953614e-18
288,exp_2,6.938893903907228e-18
288,asinh,3.469446951953614e-18
288,logistic,1.734723475976807e-18
289,exp_0_5,3.469446951953614e-18
289,exp_1,6.938893903907228e-18
289,exp_2,1.3877787807814457e-17
289,asinh,6.938893903907228e-18
289,logistic,3.469446951953614e-18
290,exp_0_5,1.3877787807814457e-17
290,exp_1,1.3877787807814457e-17
290,exp_2,1.3877787807814457e-17
290,asinh,3.469446951953614e-18
290,logistic,1.3877787807814457e-17
291,exp_0_5,6.938893903907228e-18
291,exp_1,1.3877787807814457e-17
291,exp_2,2.7755575615628914e-17
291,asinh,6.938893903907228e-18
291,logistic,3.469446951953614e-18
292,exp_0_5,2.7755575615628914e-17
292,exp_1,1.3877787807814457e-17
292,exp_2,2.7755575615628914e-17
292,asinh,2.7755575615628914e-17
292,logistic,1.3877787807814457e-17
293,exp_0_5,1.734723475976807e-18
293,exp_1,3.469446951953614e-18
293,exp_2,6.938893903907228e-18
293,asinh,3.469446951953614e-18
293,logistic,1.734723475976807e-18
294,exp_0_5,1.734723475976807e-18
294,exp_1,3.469446951953614e-18
294,exp_2,1.3877787807814457e-17
294,asinh,3.469446951953614e-18
294,logistic,3.469446951953614e-18
295,exp_0_5,1.3877787807814457e-17
295,exp_1,1.3877787807814457e-17
295,exp_2,1.3877787807814457e-17
295,asinh,2.7755575615628914e-17
295,logistic,6.938893903907228e-18
296,exp_0_5,6.938893903907228e-18
296,exp_1,1.3877787807814457e-17
296,exp_2,1.3877787807814457e-17
296,asinh,1.3877787807814457e-17
296,logistic,6.938893903907228e-18
297,exp_0_5,1.3877787807814457e-17
297,exp_1,1.3877787807814457e-17
297,exp_2,2.7755575615628914e-17
297,asinh,6.938893903907228e-18
297,logistic,6.938893903907228e-18
298,exp_0_5,3.469446951953614e-18
298,exp_1,6.938893903907228e-18
298,exp_2,1.3877787807814457e-17
298,asinh,6.938893903907228e-18
298,logistic,3.469446951953614e-18
299,exp_0_5,6.938893903907228e-18
299,exp_1,6.938893903907228e-18
299,exp_2,6.938893903907228e-18
299,asinh,6.938893903907228e-18
299,logistic,6.938893903907228e-18
300,exp_0_5,6.938893903907228e-18
300,exp_1,1.3877787807814457e-17
300,exp_2,1.3877787807814457e-17
300,asinh,1.3877787807814457e-17
300,logistic,6.938893903907228e-18
301,exp_0_5,6.938893903907228e-18
301,exp_1,1.3877787807814457e-17
301,exp_2,1.3877787807814457e-17
301,asinh,6.938893903907228e-18
301,logistic,6.938893903907228e-18
302,exp_0_5,6.938893903907228e-18
302,exp_1,6.938893903907228e-18
302,exp_2,5.551115123125783e-17
302,asinh,1.3877787807814457e-17
302,logistic,6.938893903907228e-18
303,exp_0_5,1.3877787807814457e-17
303,exp_1,1.3877787807814457e-17
303,exp_2,2.7755575615628914e-17
303,asinh,1.3877787807814457e-17
303,logistic,6.938893903907228e-18
304,exp_0_5,3.469446951953614e-18
304,exp_1,6.938893903907228e-18
304,exp_2,1.3877787807814457e-17
304,asinh,6.938893903907228e-18
304,logistic,3.469446951953614e-18
305,exp_0_5,1.3877787807814457e-17
305,exp_1,6.938893903907228e-18
305,exp_2,1.3877787807814457e-17
305,asinh,1.3877787807814457e-17
305,logistic,1.3877787807814457e-17
306,exp_0_5,3.469446951953614e-18
306,exp_1,6.938893903907228e-18
306,exp_2,1.3877787807814457e-17
306,asinh,3.469446951953614e-18
306,logistic,3.469446951953614e-18
307,exp_0_5,6.938893903907228e-18
307,exp_1,6.938893903907228e-18
307,exp_2,6.938893903907228e-18
307,asinh,6.938893903907228e-18
307,logistic,3.469446951953614e-18
308,exp_0_5,3.469446951953614e-18
308,exp_1,6.938893903907228e-18
308,exp_2,6.938893903907228e-18
308,asinh,3.469446951953614e-18
308,logistic,3.469446951953614e-18
309,exp_0_5,6.938893903907228e-18
309,exp_1,6.938893903907228e-18
309,exp_2,1.3877787807814457e-17
309,asinh,6.938893903907228e-18
309,logistic,6.938893903907228e-18
310,exp_0_5,3.469446951953614e-18
310,exp_1,6.938893903907228e-18
310,exp_2,1.3877787807814457e-17
310,asinh,3.469446951953614e-18
310,logistic,3.469446951953614e-18
311,exp_0_5,3.469446951953614e-18
311,exp_1,6.938893903907228e-18
311,exp_2,6.938893903907228e-18
311,asinh,6.938893903907228e-18
311,logistic,3.469446951953614e-18
312,exp_0_5,1.3877787807814457e-17
312,exp_1,6.938893903907228e-18
312,exp_2,5.551115123125783e-17
312,asinh,1.3877787807814457e-17
312,logistic,6.938893903907228e-18
313,exp_0_5,6.938893903907228e-18
313,exp_1,6.938893903907228e-18
313,exp_2,2.7755575615628914e-17
313,asinh,6.938893903907228e-18
313,logistic,6.938893903907228e-18
314,exp_0_5,6.938893903907228e-18
314,exp_1,1.3877787807814457e-17
314,exp_2,2.7755575615628914e-17
314,asinh,1.3877787807814457e-17
314,logistic,1.3877787807814457e-17
315,exp_0_5,6.938893903907228e-18
315,exp_1,1.3877787807814457e-17
315,exp_2,3.469446951953614e-18
315,asinh,6.938893903907228e-18
315,logistic,3.469446951953614e-18
316,exp_0_5,6.938893903907228e-18
316,exp_1,1.3877787807814457e-17
316,exp_2,5.551115123125783e-17
316,asinh,1.3877787807814457e-17
316,logistic,6.938893903907228e-18
317,exp_0_5,6.938893903907228e-18
317,exp_1,1.3877787807814457e-17
317,exp_2,1.3877787807814457e-17
317,asinh,2.7755575615628914e-17
317,logistic,1.3877787807814457e-17
318,exp_0_5,3.469446951953614e-18
318,exp_1,6.938893903907228e-18
318,exp_2,1.3877787807814457e-17
318,asinh,3.469446951953614e-18
318,logistic,3.469446951953614e-18
319,exp_0_5,6.938893903907228e-18
319,exp_1,1.3877787807814457e-17
319,exp_2,1.3877787807814457e-17
319,asinh,6.938893903907228e-18
319,logistic,6.938893903907228e-18
320,exp_0_5,6.938893903907228e-18
320,exp_1,3.469446951953614e-18
320,exp_2,6.938893903907228e-18
320,asinh,6.938893903907228e-18
320,logistic,3.469446951953614e-18
321,exp_0_5,1.3877787807814457e-17
321,exp_1,1.3877787807814457e-17
321,exp_2,2.7755575615628914e-17
321,asinh,2.7755575615628914e-17
321,logistic,1.3877787807814457e-17
322,exp_0_5,3.469446951953614e-18
322,exp_1,3.469446951953614e-18
322,exp_2,1.3877787807814457e-17
322,asinh,3.469446951953614e-18
322,logistic,1.734723475976807e-18
323,exp_0_5,1.3877787807814457e-17
323,exp_1,1.3877787807814457e-17
323,exp_2,1.3877787807814457e-17
323,asinh,1.3877787807814457e-17
323,logistic,1.3877787807814457e-17
324,exp_0_5,1.3877787807814457e-17
324,exp_1,1.3877787807814457e-17
324,exp_2,0.0
324,asinh,1.3877787807814457e-17
324,logistic,1.3877787807814457e-17
325,exp_0_5,6.938893903907228e-18
325,exp_1,6.938893903907228e-18
325,exp_2,3.469446951953614e-18
325,asinh,6.938893903907228e-18
325,logistic,6.938893903907228e-18
326,exp_0_5,3.469446951953614e-18
326,exp_1,6.938893903907228e-18
326,exp_2,6.938893903907228e-18
326,asinh,6.938893903907228e-18
326,logistic,3.469446951953614e-18
327,exp_0_5,3.469446951953614e-18
327,exp_1,6.938893903907228e-18
327,exp_2,6.938893903907228e-18
327,asinh,3.469446951953614e-18
327,logistic,3.469446951953614e-18
328,exp_0_5,3.469446951953614e-18
328,exp_1,3.469446951953614e-18
328,exp_2,6.938893903907228e-18
328,asinh,3.469446951953614e-18
328,logistic,3.469446951953614e-18
329,exp_0_5,6.938893903907228e-18
329,exp_1,1.3877787807814457e-17
329,exp_2,1.3877787807814457e-17
329,asinh,6.938893903907228e-18
329,logistic,6.938893903907228e-18
330,exp_0_5,6.938893903907228e-18
330,exp_1,6.938893903907228e-18
330,exp_2,1.3877787807814457e-17
330,asinh,6.938893903907228e-18
330,logistic,3.469446951953614e-18
331,exp_0_5,3.469446951953614e-18
331,exp_1,3.469446951953614e-18
331,exp_2,6.938893903907228e-18
331,asinh,6.938893903907228e-18
331,logistic,1.734723475976807e-18
332,exp_0_5,3.469446951953614e-18
332,exp_1,6.938893903907228e-18
332,exp_2,3.469446951953614e-18
332,asinh,3.469446951953614e-18
332,logistic,3.469446951953614e-18
333,exp_0_5,3.469446951953614e-18
333,exp_1,6.938893903907228e-18
333,exp_2,1.3877787807814457e-17
333,asinh,6.938893903907228e-18
333,logistic,3.469446951953614e-18
334,exp_0_5,6.938893903907228e-18
334,exp_1,1.3877787807814457e-17
334,exp_2,1.3877787807814457e-17
334,asinh,6.938893903907228e-18
334,logistic,6.938893903907228e-18
335,exp_0_5,1.3877787807814457e-17
335,exp_1,2.7755575615628914e-17
335,exp_2,1.3877787807814457e-17
335,asinh,1.3877787807814457e-17
335,logistic,1.3877787807814457e-17
336,exp_0_5,6.938893903907228e-18
336,exp_1,6.938893903907228e-18
336,exp_2,1.3877787807814457e-17
336,asinh,6.938893903907228e-18
336,logistic,3.469446951953614e-18
337,exp_0_5,2.7755575615628914e-17
337,exp_1,2.7755575615628914e-17
337,exp_2,5.551115123125783e-17
337,asinh,2.7755575615628914e-17
337,logistic,1.3877787807814457e-17
338,exp_0_5,3.469446951953614e-18
338,exp_1,3.469446951953614e-18
338,exp_2,6.938893903907228e-18
338,asinh,6.938893903907228e-18
338,logistic,3.469446951953614e-18
339,exp_0_5,6.938893903907228e-18
339,exp_1,1.3877787807814457e-17
339,exp_2,1.3877787807814457e-17
339,asinh,1.3877787807814457e-17
339,logistic,1.3877787807814457e-17
340,exp_0_5,3.469446951953614e-18
340,exp_1,6.938893903907228e-18
340,exp_2,2.7755575615628914e-17
340,asinh,3.469446951953614e-18
340,logistic,1.734723475976807e-18
341,exp_0_5,6.938893903907228e-18
341,exp_1,3.469446951953614e-18
341,exp_2,1.3877787807814457e-17
341,asinh,6.938893903907228e-18
341,logistic,6.938893903907228e-18
342,exp_0_5,1.3877787807814457e-17
342,exp_1,1.3877787807814457e-17
342,exp_2,2.7755575615628914e-17
342,asinh,1.3877787807814457e-17
342,logistic,6.938893903907228e-18
343,exp_0_5,3.469446951953614e-18
343,exp_1,6.938893903907228e-18
343,exp_2,3.469446951953614e-18
343,asinh,3.469446951953614e-18
343,logistic,3.469446951953614e-18
344,exp_0_5,3.469446951953614e-18
344,exp_1,6.938893903907228e-18
344,exp_2,1.3877787807814457e-17
344,asinh,3.469446951953614e-18
344,logistic,3.469446951953614e-18
345,exp_0_5,6.938893903907228e-18
345,exp_1,1.3877787807814457e-17
345,exp_2,1.3877787807814457e-17
345,asinh,1.3877787807814457e-17
345,logistic,6.938893903907228e-18
346,exp_0_5,3.469446951953614e-18
346,exp_1,3.469446951953614e-18
346,exp_2,1.3877787807814457e-17
346,asinh,3.469446951953614e-18
346,logistic,3.469446951953614e-18
347,exp_0_5,6.938893903907228e-18
347,exp_1,6.938893903907228e-18
347,exp_2,1.3877787807814457e-17
347,asinh,6.938893903907228e-18
347,logistic,3.469446951953614e-18
348,exp_0_5,6.938893903907228e-18
348,exp_1,6.938893903907228e-18
348,exp_2,2.7755575615628914e-17
348,asinh,6.938893903907228e-18
348,logistic,6.938893903907228e-18
349,exp_0_5,6.938893903907228e-18
349,exp_1,6.938893903907228e-18
349,exp_2,1.3877787807814457e-17
349,asinh,6.938893903907228e-18
349,logistic,6.938893903907228e-18
350,exp_0_5,6.938893903907228e-18
350,exp_1,6.938893903907228e-18
350,exp_2,1.3877787807814457e-17
350,asinh,1.3877787807814457e-17
350,logistic,6.938893903907228e-18
351,exp_0_5,3.469446951953614e-18
351,exp_1,3.469446951953614e-18
351,exp_2,3.469446951953614e-18
351,asinh,6.938893903907228e-18
351,logistic,3.469446951953614e-18
352,exp_0_5,6.938893903907228e-18
352,exp_1,1.3877787807814457e-17
352,exp_2,2.7755575615628914e-17
352,asinh,6.938893903907228e-18
352,logistic,6.938893903907228e-18
353,exp_0_5,3.469446951953614e-18
353,exp_1,3.469446951953614e-18
353,exp_2,6.938893903907228e-18
353,asinh,3.469446951953614e-18
353,logistic,3.469446951953614e-18
354,exp_0_5,2.7755575615628914e-17
354,exp_1,3.469446951953614e-18
354,exp_2,4.336808689942018e-19
354,asinh,2.7755575615628914e-17
354,logistic,1.3877787807814457e-17
355,exp_0_5,6.938893903907228e-18
355,exp_1,3.469446951953614e-18
355,exp_2,6.938893903907228e-18
355,asinh,6.938893903907228e-18
355,logistic,3.469446951953614e-18
356,exp_0_5,1.3877787807814457e-17
356,exp_1,3.469446951953614e-18
356,exp_2,5.551115123125783e-17
356,asinh,2.7755575615628914e-17
356,logistic,1.3877787807814457e-17
357,exp_0_5,6.938893903907228e-18
357,exp_1,1.3877787807814457e-17
357,exp_2,2.7755575615628914e-17
357,asinh,1.3877787807814457e-17
357,logistic,6.938893903907228e-18
358,exp_0_5,6.938893903907228e-18
358,exp_1,3.469446951953614e-18
358,exp_2,1.3877787807814457e-17
358,asinh,3.469446951953614e-18
358,logistic,3.469446951953614e-18
359,exp_0_5,3.469446951953614e-18
359,exp_1,6.938893903907228e-18
359,exp_2,1.3877787807814457e-17
359,asinh,6.938893903907228e-18
359,logistic,3.469446951953614e-18
360,exp_0_5,3.469446951953614e-18
360,exp_1,6.938893903907228e-18
360,exp_2,6.938893903907228e-18
360,asinh,6.938893903907228e-18
360,logistic,6.938893903907228e-18
361,exp_0_5,6.938893903907228e-18
361,exp_1,6.938893903907228e-18
361,exp_2,3.469446951953614e-18
361,asinh,1.3877787807814457e-17
361,logistic,1.3877787807814457e-17
362,exp_0_5,1.3877787807814457e-17
362,exp_1,2.7755575615628914e-17
362,exp_2,2.7755575615628914e-17
362,asinh,1.3877787807814457e-17
362,logistic,6.938893903907228e-18
363,exp_0_5,3.469446951953614e-18
363,exp_1,6.938893903907228e-18
363,exp_2,3.469446951953614e-18
363,asinh,1.734723475976807e-18
363,logistic,1.734723475976807e-18
364,exp_0_5,3.469446951953614e-18
364,exp_1,6.938893903907228e-18
364,exp_2,2.7755575615628914e-17
364,asinh,3.469446951953614e-18
364,logistic,6.938893903907228e-18
365,exp_0_5,3.469446951953614e-18
365,exp_1,6.938893903907228e-18
365,exp_2,6.938893903907228e-18
365,asinh,3.469446951953614e-18
365,logistic,3.469446951953614e-18
366,exp_0_5,3.469446951953614e-18
366,exp_1,6.938893903907228e-18
366,exp_2,1.3877787807814457e-17
366,asinh,6.938893903907228e-18
366,logistic,3.469446951953614e-18
367,exp_0_5,1.3877787807814457e-17
367,exp_1,1.3877787807814457e-17
367,exp_2,1.3877787807814457e-17
367,asinh,6.938893903907228e-18
367,logistic,6.938893903907228e-18
368,exp_0_5,3.469446951953614e-18
368,exp_1,6.938893903907228e-18
368,exp_2,1.3877787807814457e-17
368,asinh,3.469446951953614e-18
368,logistic,1.734723475976807e-18
369,exp_0_5,3.469446951953614e-18
369,exp_1,6.938893903907228e-18
369,exp_2,1.3877787807814457e-17
369,asinh,3.469446951953614e-18
369,logistic,3.469446951953614e-18
370,exp_0_5,6.938893903907228e-18
370,exp_1,3.469446951953614e-18
370,exp_2,6.938893903907228e-18
370,asinh,6.938893903907228e-18
370,logistic,3.469446951953614e-18
371,exp_0_5,6.938893903907228e-18
371,exp_1,1.3877787807814457e-17
371,exp_2,6.938893903907228e-18
371,asinh,3.469446951953614e-18
371,logistic,6.938893903907228e-18
372,exp_0_5,6.938893903907228e-18
372,exp_1,1.3877787807814457e-17
372,exp_2,2.7755575615628914e-17
372,asinh,3.469446951953614e-18
372,logistic,6.938893903907228e-18
373,exp_0_5,3.469446951953614e-18
373,exp_1,3.469446951953614e-18
373,exp_2,6.938893903907228e-18
373,asinh,3.469446951953614e-18
373,logistic,3.469446951953614e-18
374,exp_0_5,1.3877787807814457e-17
374,exp_1,1.3877787807814457e-17
374,exp_2,2.7755575615628914e-17
374,asinh,1.3877787807814457e-17
374,logistic,2.7755575615628914e-17
375,exp_0_5,6.938893903907228e-18
375,exp_1,1.3877787807814457e-17
375,exp_2,5.551115123125783e-17
375,asinh,6.938893903907228e-18
375,logistic,6.938893903907228e-18
376,exp_0_5,6.938893903907228e-18
376,exp_1,6.938893903907228e-18
376,exp_2,2.7755575615628914e-17
376,asinh,6.938893903907228e-18
376,logistic,6.938893903907228e-18
377,exp_0_5,6.938893903907228e-18
377,exp_1,6.938893903907228e-18
377,exp_2,1.3877787807814457e-17
377,asinh,3.469446951953614e-18
377,logistic,3.469446951953614e-18
378,exp_0_5,1.3877787807814457e-17
378,exp_1,1.3877787807814457e-17
378,exp_2,2.7755575615628914e-17
378,asinh,1.3877787807814457e-17
378,logistic,6.938893903907228e-18
379,exp_0_5,3.469446951953614e-18
379,exp_1,6.938893903907228e-18
379,exp_2,6.938893903907228e-18
379,asinh,3.469446951953614e-18
379,logistic,3.469446951953614e-18
380,exp_0_5,3.469446951953614e-18
380,exp_1,6.938893903907228e-18
380,exp_2,1.3877787807814457e-17
380,asinh,6.938893903907228e-18
380,logistic,6.938893903907228e-18
381,exp_0_5,6.938893903907228e-18
381,exp_1,1.3877787807814457e-17
381,exp_2,2.7755575615628914e-17
381,asinh,6.938893903907228e-18
381,logistic,3.469446951953614e-18
382,exp_0_5,3.469446951953614e-18
382,exp_1,3.469446951953614e-18
382,exp_2,6.938893903907228e-18
382,asinh,6.938893903907228e-18
382,logistic,1.734723475976807e-18
383,exp_0_5,6.938893903907228e-18
383,exp_1,6.938893903907228e-18
383,exp_2,2.7755575615628914e-17
383,asinh,6.938893903907228e-18
383,logistic,6.938893903907228e-18
384,exp_0_5,6.938893903907228e-18
384,exp_1,6.938893903907228e-18
384,exp_2,6.938893903907228e-18
384,asinh,6.938893903907228e-18
384,logistic,6.938893903907228e-18
385,exp_0_5,1.3877787807814457e-17
385,exp_1,0.0
385,exp_2,1.3877787807814457e-17
385,asinh,2.7755575615628914e-17
385,logistic,1.3877787807814457e-17
386,exp_0_5,6.938893903907228e-18
386,exp_1,6.938893903907228e-18
386,exp_2,2.7755575615628914e-17
386,asinh,6.938893903907228e-18
386,logistic,3.469446951953614e-18
387,exp_0_5,3.469446951953614e-18
387,exp_1,3.469446951953614e-18
387,exp_2,1.3877787807814457e-17
387,asinh,6.938893903907228e-18
387,logistic,3.469446951953614e-18
388,exp_0_5,6.938893903907228e-18
388,exp_1,1.3877787807814457e-17
388,exp_2,6.938893903907228e-18
388,asinh,6.938893903907228e-18
388,logistic,6.938893903907228e-18
389,exp_0_5,3.469446951953614e-18
389,exp_1,3.469446951953614e-18
389,exp_2,1.3877787807814457e-17
389,asinh,3.469446951953614e-18
389,logistic,1.734723475976807e-18
390,exp_0_5,6.938893903907228e-18
390,exp_1,6.938893903907228e-18
390,exp_2,1.3877787807814457e-17
390,asinh,6.938893903907228e-18
390,logistic,6.938893903907228e-18
391,exp_0_5,3.469446951953614e-18
391,exp_1,6.938893903907228e-18
391,exp_2,6.938893903907228e-18
391,asinh,3.469446951953614e-18
391,logistic,3.469446951953614e-18
392,exp_0_5,1.3877787807814457e-17
392,exp_1,2.7755575615628914e-17
392,exp_2,0.0
392,asinh,1.3877787807814457e-17
392,logistic,1.3877787807814457e-17
393,exp_0_5,3.469446951953614e-18
393,exp_1,6.938893903907228e-18
393,exp_2,1.3877787807814457e-17
393,asinh,6.938893903907228e-18
393,logistic,6.938893903907228e-18
394,exp_0_5,6.938893903907228e-18
394,exp_1,1.3877787807814457e-17
394,exp_2,1.3877787807814457e-17
394,asinh,1.3877787807814457e-17
394,logistic,6.938893903907228e-18
395,exp_0_5,1.3877787807814457e-17
395,exp_1,6.938893903907228e-18
395,exp_2,2.7755575615628914e-17
395,asinh,1.3877787807814457e-17
395,logistic,1.3877787807814457e-17
396,exp_0_5,2.7755575615628914e-17
396,exp_1,2.7755575615628914e-17
396,exp_2,1.0842021724855044e-19
396,asinh,1.3877787807814457e-17
396,logistic,2.7755575615628914e-17
397,exp_0_5,3.469446951953614e-18
397,exp_1,6.938893903907228e-18
397,exp_2,6.938893903907228e-18
397,asinh,6.938893903907228e-18
397,logistic,3.469446951953614e-18
398,exp_0_5,3.469446951953614e-18
398,exp_1,6.938893903907228e-18
398,exp_2,6.938893903907228e-18
398,asinh,3.469446951953614e-18
398,logistic,3.469446951953614e-18
399,exp_0_5,6.938893903907228e-18
399,exp_1,1.3877787807814457e-17
399,exp_2,6.938893903907228e-18
399,asinh,6.938893903907228e-18
399,logistic,6.938893903907228e-18
400,exp_0_5,1.3877787807814457e-17
400,exp_1,1.3877787807814457e-17
400,exp_2,2.7755575615628914e-17
400,asinh,6.938893903907228e-18
400,logistic,6.938893903907228e-18
401,exp_0_5,6.938893903907228e-18
401,exp_1,6.938893903907228e-18
401,exp_2,6.938893903907228e-18
401,asinh,6.938893903907228e-18
401,logistic,3.469446951953614e-18
402,exp_0_5,1.3877787807814457e-17
402,exp_1,2.7755575615628914e-17
402,exp_2,3.469446951953614e-18
402,asinh,1.3877787807814457e-17
402,logistic,1.3877787807814457e-17
403,exp_0_5,6.938893903907228e-18
403,exp_1,6.938893903907228e-18
403,exp_2,3.469446951953614e-18
403,asinh,6.938893903907228e-18
403,logistic,6.938893903907228e-18
404,exp_0_5,1.3877787807814457e-17
404,exp_1,1.3877787807814457e-17
404,exp_2,1.734723475976807e-18
404,asinh,0.0
404,logistic,1.3877787807814457e-17
405,exp_0_5,1.3877787807814457e-17
405,exp_1,1.3877787807814457e-17
405,exp_2,2.7755575615628914e-17
405,asinh,1.3877787807814457e-17
405,logistic,1.3877787807814457e-17
406,exp_0_5,6.938893903907228e-18
406,exp_1,6.938893903907228e-18
406,exp_2,1.3877787807814457e-17
406,asinh,6.938893903907228e-18
406,logistic,6.938893903907228e-18
407,exp_0_5,3.469446951953614e-18
407,exp_1,1.3877787807814457e-17
407,exp_2,6.938893903907228e-18
407,asinh,1.0408340855860843e-17
407,logistic,3.469446951953614e-18
408,exp_0_5,3.469446951953614e-18
408,exp_1,3.469446951953614e-18
408,exp_2,2.7755575615628914e-17
408,asinh,3.469446951953614e-18
408,logistic,3.469446951953614e-18
409,exp_0_5,6.938893903907228e-18
409,exp_1,6.938893903907228e-18
409,exp_2,1.3877787807814457e-17
409,asinh,6.938893903907228e-18
409,logistic,6.938893903907228e-18
410,exp_0_5,6.938893903907228e-18
410,exp_1,6.938893903907228e-18
410,exp_2,1.3877787807814457e-17
410,asinh,3.469446951953614e-18
410,logistic,6.938893903907228e-18
411,exp_0_5,3.469446951953614e-18
411,exp_1,6.938893903907228e-18
411,exp_2,1.3877787807814457e-17
411,asinh,3.469446951953614e-18
411,logistic,3.469446951953614e-18
412,exp_0_5,6.938893903907228e-18
412,exp_1,1.3877787807814457e-17
412,exp_2,2.7755575615628914e-17
412,asinh,6.938893903907228e-18
412,logistic,6.938893903907228e-18
413,exp_0_5,1.3877787807814457e-17
413,exp_1,3.469446951953614e-18
413,exp_2,1.3877787807814457e-17
413,asinh,3.469446951953614e-18
413,logistic,1.3877787807814457e-17
414,exp_0_5,6.938893903907228e-18
414,exp_1,1.3877787807814457e-17
414,exp_2,3.469446951953614e-18
414,asinh,6.938893903907228e-18
414,logistic,3.469446951953614e-18
415,exp_0_5,3.469446951953614e-18
415,exp_1,6.938893903907228e-18
415,exp_2,3.469446951953614e-18
415,asinh,6.938893903907228e-18
415,logistic,6.938893903907228e-18
416,exp_0_5,6.938893903907228e-18
416,exp_1,1.3877787807814457e-17
416,exp_2,1.3877787807814457e-17
416,asinh,6.938893903907228e-18
416,logistic,3.469446951953614e-18
417,exp_0_5,6.938893903907228e-18
417,exp_1,6.938893903907228e-18
417,exp_2,1.3877787807814457e-17
417,asinh,6.938893903907228e-18
417,logistic,3.469446951953614e-18
418,exp_0_5,3.469446951953614e-18
418,exp_1,3.469446951953614e-18
418,exp_2,5.551115123125783e-17
418,asinh,6.938893903907228e-18
418,logistic,3.469446951953614e-18
419,exp_0_5,1.3877787807814457e-17
419,exp_1,6.938893903907228e-18
419,exp_2,1.3877787807814457e-17
419,asinh,2.7755575615628914e-17
419,logistic,6.938893903907228e-18
420,exp_0_5,3.469446951953614e-18
420,exp_1,6.938893903907228e-18
420,exp_2,6.938893903907228e-18
420,asinh,6.938893903907228e-18
420,logistic,3.469446951953614e-18
421,exp_0_5,3.469446951953614e-18
421,exp_1,6.938893903907228e-18
421,exp_2,1.3877787807814457e-17
421,asinh,3.469446951953614e-18
421,logistic,3.469446951953614e-18
422,exp_0_5,6.938893903907228e-18
422,exp_1,3.469446951953614e-18
422,exp_2,6.938893903907228e-18
422,asinh,6.938893903907228e-18
422,logistic,3.469446951953614e-18
423,exp_0_5,3.469446951953614e-18
423,exp_1,6.938893903907228e-18
423,exp_2,1.3877787807814457e-17
423,asinh,1.3877787807814457e-17
423,logistic,3.469446951953614e-18
424,exp_0_5,3.469446951953614e-18
424,exp_1,3.469446951953614e-18
424,exp_2,2.7755575615628914e-17
424,asinh,3.469446951953614e-18
424,logistic,3.469446951953614e-18
425,exp_0_5,1.3877787807814457e-17
425,exp_1,1.3877787807814457e-17
425,exp_2,2.7755575615628914e-17
425,asinh,1.3877787807814457e-17
425,logistic,1.3877787807814457e-17
426,exp_0_5,3.469446951953614e-18
426,exp_1,6.938893903907228e-18
426,exp_2,3.469446951953614e-18
426,asinh,6.938893903907228e-18
426,logistic,3.469446951953614e-18
427,exp_0_5,6.938893903907228e-18
427,exp_1,6.938893903907228e-18
427,exp_2,1.3877787807814457e-17
427,asinh,6.938893903907228e-18
427,logistic,3.469446951953614e-18
428,exp_0_5,3.469446951953614e-18
428,exp_1,6.938893903907228e-18
428,exp_2,6.938893903907228e-18
428,asinh,6.938893903907228e-18
428,logistic,1.734723475976807e-18
429,exp_0_5,3.469446951953614e-18
429,exp_1,6.938893903907228e-18
429,exp_2,1.3877787807814457e-17
429,asinh,6.938893903907228e-18
429,logistic,3.469446951953614e-18
430,exp_0_5,3.469446951953614e-18
430,exp_1,6.938893903907228e-18
430,exp_2,1.3877787807814457e-17
430,asinh,6.938893903907228e-18
430,logistic,3.469446951953614e-18
431,exp_0_5,6.938893903907228e-18
431,exp_1,1.3877787807814457e-17
431,exp_2,2.7755575615628914e-17
431,asinh,1.3877787807814457e-17
431,logistic,6.938893903907228e-18
432,exp_0_5,3.469446951953614e-18
432,exp_1,6.938893903907228e-18
432,exp_2,1.3877787807814457e-17
432,asinh,6.938893903907228e-18
432,logistic,3.469446951953614e-18
433,exp_0_5,6.938893903907228e-18
433,exp_1,6.938893903907228e-18
433,exp_2,6.938893903907228e-18
433,asinh,3.469446951953614e-18
433,logistic,3.469446951953614e-18
434,exp_0_5,1.3877787807814457e-17
434,exp_1,3.469446951953614e-18
434,exp_2,1.3877787807814457e-17
434,asinh,1.3877787807814457e-17
434,logistic,2.7755575615628914e-17
435,exp_0_5,1.3877787807814457e-17
435,exp_1,1.3877787807814457e-17
435,exp_2,2.7755575615628914e-17
435,asinh,1.3877787807814457e-17
435,logistic,1.3877787807814457e-17
436,exp_0_5,6.938893903907228e-18
436,exp_1,1.3877787807814457e-17
436,exp_2,2.7755575615628914e-17
436,asinh,6.938893903907228e-18
436,logistic,6.938893903907228e-18
437,exp_0_5,1.3877787807814457e-17
437,exp_1,1.3877787807814457e-17
437,exp_2,5.551115123125783e-17
437,asinh,1.3877787807814457e-17
437,logistic,1.3877787807814457e-17
438,exp_0_5,3.469446951953614e-18
438,exp_1,6.938893903907228e-18
438,exp_2,1.3877787807814457e-17
438,asinh,6.938893903907228e-18
438,logistic,3.469446951953614e-18
439,exp_0_5,3.469446951953614e-18
439,exp_1,6.938893903907228e-18
439,exp_2,2.7755575615628914e-17
439,asinh,6.938893903907228e-18
439,logistic,3.469446951953614e-18
440,exp_0_5,3.469446951953614e-18
440,exp_1,6.938893903907228e-18
440,exp_2,1.3877787807814457e-17
440,asinh,6.938893903907228e-18
440,logistic,3.469446951953614e-18
441,exp_0_5,3.469446951953614e-18
441,exp_1,1.3877787807814457e-17
441,exp_2,1.3877787807814457e-17
441,asinh,3.469446951953614e-18
441,logistic,1.734723475976807e-18
442,exp_0_5,6.938893903907228e-18
442,exp_1,6.938893903907228e-18
442,exp_2,1.3877787807814457e-17
442,asinh,6.938893903907228e-18
442,logistic,1.3877787807814457e-17
443,exp_0_5,1.3877787807814457e-17
443,exp_1,6.938893903907228e-18
443,exp_2,1.3877787807814457e-17
443,asinh,1.3877787807814457e-17
443,logistic,1.3877787807814457e-17
444,exp_0_5,6.938893903907228e-18
444,exp_1,6.938893903907228e-18
444,exp_2,1.734723475976807e-18
444,asinh,1.3877787807814457e-17
444,logistic,3.469446951953614e-18
445,exp_0_5,1.3877787807814457e-17
445,exp_1,5.551115123125783e-17
445,exp_2,5.551115123125783e-17
445,asinh,6.938893903907228e-18
445,logistic,1.3877787807814457e-17
446,exp_0_5,3.469446951953614e-18
446,exp_1,6.938893903907228e-18
446,exp_2,1.734723475976807e-18
446,asinh,6.938893903907228e-18
446,logistic,3.469446951953614e-18
447,exp_0_5,1.734723475976807e-18
447,exp_1,6.938893903907228e-18
447,exp_2,1.3877787807814457e-17
447,asinh,3.469446951953614e-18
447,logistic,3.469446951953614e-18
448,exp_0_5,3.469446951953614e-18
448,exp_1,3.469446951953614e-18
448,exp_2,6.938893903907228e-18
448,asinh,3.469446951953614e-18
448,logistic,3.469446951953614e-18
449,exp_0_5,1.734723475976807e-18
449,exp_1,1.3877787807814457e-17
449,exp_2,6.938893903907228e-18
449,asinh,6.938893903907228e-18
449,logistic,3.469446951953614e-18
450,exp_0_5,6.938893903907228e-18
450,exp_1,1.3877787807814457e-17
450,exp_2,6.938893903907228e-18
450,asinh,1.3877787807814457e-17
450,logistic,6.938893903907228e-18
451,exp_0_5,6.938893903907228e-18
451,exp_1,1.3877787807814457e-17
451,exp_2,6.938893903907228e-18
451,asinh,1.3877787807814457e-17
451,logistic,6.938893903907228e-18
452,exp_0_5,3.469446951953614e-18
452,exp_1,3.469446951953614e-18
452,exp_2,1.3877787807814457e-17
452,asinh,3.469446951953614e-18
452,logistic,3.469446951953614e-18
453,exp_0_5,1.3877787807814457e-17
453,exp_1,2.7755575615628914e-17
453,exp_2,2.7755575615628914e-17
453,asinh,1.3877787807814457e-17
453,logistic,1.3877787807814457e-17
454,exp_0_5,6.938893903907228e-18
454,exp_1,1.3877787807814457e-17
454,exp_2,2.7755575615628914e-17
454,asinh,6.938893903907228e-18
454,logistic,6.938893903907228e-18
455,exp_0_5,6.938893903907228e-18
455,exp_1,1.3877787807814457e-17
455,exp_2,2.7755575615628914e-17
455,asinh,6.938893903907228e-18
455,logistic,3.469446951953614e-18
456,exp_0_5,6.938893903907228e-18
456,exp_1,3.469446951953614e-18
456,exp_2,2.7755575615628914e-17
456,asinh,1.3877787807814457e-17
456,logistic,1.3877787807814457e-17
457,exp_0_5,3.469446951953614e-18
457,exp_1,6.938893903907228e-18
457,exp_2,6.938893903907228e-18
457,asinh,3.469446951953614e-18
457,logistic,1.734723475976807e-18
458,exp_0_5,1.734723475976807e-18
458,exp_1,3.469446951953614e-18
458,exp_2,3.469446951953614e-18
458,asinh,6.938893903907228e-18
458,logistic,3.469446951953614e-18
459,exp_0_5,6.938893903907228e-18
459,exp_1,6.938893903907228e-18
459,exp_2,6.938893903907228e-18
459,asinh,6.938893903907228e-18
459,logistic,3.469446951953614e-18
460,exp_0_5,6.938893903907228e-18
460,exp_1,1.3877787807814457e-17
460,exp_2,2.7755575615628914e-17
460,asinh,6.938893903907228e-18
460,logistic,6.938893903907228e-18
461,exp_0_5,3.469446951953614e-18
461,exp_1,6.938893903907228e-18
461,exp_2,1.3877787807814457e-17
461,asinh,3.469446951953614e-18
461,logistic,6.938893903907228e-18
462,exp_0_5,1.3877787807814457e-17
462,exp_1,2.7755575615628914e-17
462,exp_2,2.7755575615628914e-17
462,asinh,2.7755575615628914e-17
462,logistic,1.3877787807814457e-17
463,exp_0_5,6.938893903907228e-18
463,exp_1,6.938893903907228e-18
463,exp_2,6.938893903907228e-18
463,asinh,6.938893903907228e-18
463,logistic,3.469446951953614e-18
464,exp_0_5,1.3877787807814457e-17
464,exp_1,1.3877787807814457e-17
464,exp_2,2.7755575615628914e-17
464,asinh,1.3877787807814457e-17
464,logistic,1.3877787807814457e-17
465,exp_0_5,3.469446951953614e-18
465,exp_1,6.938893903907228e-18
465,exp_2,1.3877787807814457e-17
465,asinh,6.938893903907228e-18
465,logistic,6.938893903907228e-18
466,exp_0_5,6.938893903907228e-18
466,exp_1,6.938893903907228e-18
466,exp_2,1.3877787807814457e-17
466,asinh,6.938893903907228e-18
466,logistic,6.938893903907228e-18
467,exp_0_5,6.938893903907228e-18
467,exp_1,1.3877787807814457e-17
467,exp_2,6.938893903907228e-18
467,asinh,6.938893903907228e-18
467,logistic,1.3877787807814457e-17
468,exp_0_5,6.938893903907228e-18
468,exp_1,3.469446951953614e-18
468,exp_2,1.3877787807814457e-17
468,asinh,6.938893903907228e-18
468,logistic,6.938893903907228e-18
469,exp_0_5,3.469446951953614e-18
469,exp_1,1.734723475976807e-18
469,exp_2,1.3877787807814457e-17
469,asinh,3.469446951953614e-18
469,logistic,3.469446951953614e-18
470,exp_0_5,6.938893903907228e-18
470,exp_1,1.3877787807814457e-17
470,exp_2,2.7755575615628914e-17
470,asinh,6.938893903907228e-18
470,logistic,1.3877787807814457e-17
471,exp_0_5,1.3877787807814457e-17
471,exp_1,2.7755575615628914e-17
471,exp_2,2.7755575615628914e-17
471,asinh,6.938893903907228e-18
471,logistic,2.7755575615628914e-17
472,exp_0_5,1.3877787807814457e-17
472,exp_1,6.938893903907228e-18
472,exp_2,2.7755575615628914e-17
472,asinh,1.3877787807814457e-17
472,logistic,1.3877787807814457e-17
473,exp_0_5,6.938893903907228e-18
473,exp_1,6.938893903907228e-18
473,exp_2,2.7755575615628914e-17
473,asinh,6.938893903907228e-18
473,logistic,6.938893903907228e-18
474,exp_0_5,6.938893903907228e-18
474,exp_1,1.3877787807814457e-17
474,exp_2,2.7755575615628914e-17
474,asinh,6.938893903907228e-18
474,logistic,6.938893903907228e-18
475,exp_0_5,2.7755575615628914e-17
475,exp_1,6.938893903907228e-18
475,exp_2,3.469446951953614e-18
475,asinh,1.3877787807814457e-17
475,logistic,1.3877787807814457e-17
476,exp_0_5,3.469446951953614e-18
476,exp_1,3.469446951953614e-18
476,exp_2,2.7755575615628914e-17
476,asinh,3.469446951953614e-18
476,logistic,3.469446951953614e-18
477,exp_0_5,6.938893903907228e-18
477,exp_1,6.938893903907228e-18
477,exp_2,1.3877787807814457e-17
477,asinh,6.938893903907228e-18
477,logistic,6.938893903907228e-18
478,exp_0_5,6.938893903907228e-18
478,exp_1,2.7755575615628914e-17
478,exp_2,3.469446951953614e-18
478,asinh,2.7755575615628914e-17
478,logistic,1.3877787807814457e-17
479,exp_0_5,3.469446951953614e-18
479,exp_1,3.469446951953614e-18
479,exp_2,1.3877787807814457e-17
479,asinh,6.938893903907228e-18
479,logistic,3.469446951953614e-18
480,exp_0_5,1.3877787807814457e-17
480,exp_1,2.7755575615628914e-17
480,exp_2,5.551115123125783e-17
480,asinh,6.938893903907228e-18
480,logistic,2.7755575615628914e-17
481,exp_0_5,6.938893903907228e-18
481,exp_1,6.938893903907228e-18
481,exp_2,6.938893903907228e-18
481,asinh,6.938893903907228e-18
481,logistic,6.938893903907228e-18
482,exp_0_5,1.3877787807814457e-17
482,exp_1,6.938893903907228e-18
482,exp_2,6.938893903907228e-18
482,asinh,1.3877787807814457e-17
482,logistic,6.938893903907228e-18
483,exp_0_5,1.3877787807814457e-17
483,exp_1,1.3877787807814457e-17
483,exp_2,2.7755575615628914e-17
483,asinh,6.938893903907228e-18
483,logistic,6.938893903907228e-18
484,exp_0_5,6.938893903907228e-18
484,exp_1,1.3877787807814457e-17
484,exp_2,5.551115123125783e-17
484,asinh,6.938893903907228e-18
484,logistic,1.3877787807814457e-17
485,exp_0_5,3.469446951953614e-18
485,exp_1,6.938893903907228e-18
485,exp_2,1.3877787807814457e-17
485,asinh,6.938893903907228e-18
485,logistic,3.469446951953614e-18
486,exp_0_5,1.3877787807814457e-17
486,exp_1,6.938893903907228e-18
486,exp_2,5.551115123125783e-17
486,asinh,2.7755575615628914e-17
486,logistic,1.3877787807814457e-17
487,exp_0_5,6.938893903907228e-18
487,exp_1,3.469446951953614e-18
487,exp_2,1.734723475976807e-18
487,asinh,6.938893903907228e-18
487,logistic,6.938893903907228e-18
488,exp_0_5,1.3877787807814457e-17
488,exp_1,2.7755575615628914e-17
488,exp_2,3.469446951953614e-18
488,asinh,6.938893903907228e-18
488,logistic,1.3877787807814457e-17
489,exp_0_5,3.469446951953614e-18
489,exp_1,3.469446951953614e-18
489,exp_2,6.938893903907228e-18
489,asinh,6.938893903907228e-18
489,logistic,3.469446951953614e-18
490,exp_0_5,6.938893903907228e-18
490,exp_1,1.3877787807814457e-17
490,exp_2,1.3877787807814457e-17
490,asinh,6.938893903907228e-18
490,logistic,1.3877787807814457e-17
491,exp_0_5,6.938893903907228e-18
491,exp_1,6.938893903907228e-18
491,exp_2,2.7755575615628914e-17
491,asinh,1.3877787807814457e-17
491,logistic,6.938893903907228e-18
492,exp_0_5,6.938893903907228e-18
492,exp_1,6.938893903907228e-18
492,exp_2,1.3877787807814457e-17
492,asinh,6.938893903907228e-18
492,logistic,6.938893903907228e-18
493,exp_0_5,3.469446951953614e-18
493,exp_1,6.938893903907228e-18
493,exp_2,1.3877787807814457e-17
493,asinh,6.938893903907228e-18
493,logistic,3.469446951953614e-18
494,exp_0_5,6.938893903907228e-18
494,exp_1,6.938893903907228e-18
494,exp_2,1.3877787807814457e-17
494,asinh,6.938893903907228e-18
494,logistic,3.469446951953614e-18
495,exp_0_5,1.3877787807814457e-17
495,exp_1,1.3877787807814457e-17
495,exp_2,5.551115123125783e-17
495,asinh,1.3877787807814457e-17
495,logistic,1.3877787807814457e-17
496,exp_0_5,6.938893903907228e-18
496,exp_1,1.3877787807814457e-17
496,exp_2,2.7755575615628914e-17
496,asinh,6.938893903907228e-18
496,logistic,6.938893903907228e-18
497,exp_0_5,6.938893903907228e-18
497,exp_1,1.3877787807814457e-17
497,exp_2,2.7755575615628914e-17
497,asinh,1.3877787807814457e-17
497,logistic,6.938893903907228e-18
498,exp_0_5,6.938893903907228e-18
498,exp_1,6.938893903907228e-18
498,exp_2,1.3877787807814457e-17
498,asinh,6.938893903907228e-18
498,logistic,3.469446951953614e-18
499,exp_0_5,6.938893903907228e-18
499,exp_1,6.938893903907228e-18
499,exp_2,1.3877787807814457e-17
499,asinh,6.938893903907228e-18
499,logistic,6.938893903907228e-18
500,exp_0_5,1.3877787807814457e-17
500,exp_1,6.938893903907228e-18
500,exp_2,1.734723475976807e-18
500,asinh,2.7755575615628914e-17
500,logistic,1.3877787807814457e-17
501,exp_0_5,6.938893903907228e-18
501,exp_1,6.938893903907228e-18
501,exp_2,1.3877787807814457e-17
501,asinh,6.938893903907228e-18
501,logistic,6.938893903907228e-18
502,exp_0_5,6.938893903907228e-18
502,exp_1,1.3877787807814457e-17
502,exp_2,1.3877787807814457e-17
502,asinh,1.3877787807814457e-17
502,logistic,6.938893903907228e-18
503,exp_0_5,3.469446951953614e-18
503,exp_1,6.938893903907228e-18
503,exp_2,1.3877787807814457e-17
503,asinh,6.938893903907228e-18
503,logistic,3.469446951953614e-18
504,exp_0_5,6.938893903907228e-18
504,exp_1,1.3877787807814457e-17
504,exp_2,1.3877787807814457e-17
504,asinh,1.3877787807814457e-17
504,logistic,6.938893903907228e-18
505,exp_0_5,6.938893903907228e-18
505,exp_1,1.3877787807814457e-17
505,exp_2,1.3877787807814457e-17
505,asinh,6.938893903907228e-18
505,logistic,6.938893903907228e-18
506,exp_0_5,3.469446951953614e-18
506,exp_1,6.938893903907228e-18
506,exp_2,6.938893903907228e-18
506,asinh,3.469446951953614e-18
506,logistic,3.469446951953614e-18
507,exp_0_5,3.469446951953614e-18
507,exp_1,6.938893903907228e-18
507,exp_2,6.938893903907228e-18
507,asinh,6.938893903907228e-18
507,logistic,3.469446951953614e-18
508,exp_0_5,6.938893903907228e-18
508,exp_1,1.3877787807814457e-17
508,exp_2,2.7755575615628914e-17
508,asinh,1.3877787807814457e-17
508,logistic,6.938893903907228e-18
509,exp_0_5,3.469446951953614e-18
509,exp_1,6.938893903907228e-18
509,exp_2,6.938893903907228e-18
509,asinh,6.938893903907228e-18
509,logistic,3.469446951953614e-18
510,exp_0_5,6.938893903907228e-18
510,exp_1,1.3877787807814457e-17
510,exp_2,2.7755575615628914e-17
510,asinh,3.469446951953614e-18
510,logistic,3.469446951953614e-18
511,exp_0_5,6.938893903907228e-18
511,exp_1,6.938893903907228e-18
511,exp_2,1.3877787807814457e-17
511,asinh,6.938893903907228e-18
511,logistic,6.938893903907228e-18
512,exp_0_5,3.469446951953614e-18
512,exp_1,1.3877787807814457e-17
512,exp_2,6.938893903907228e-18
512,asinh,6.938893903907228e-18
512,logistic,3.469446951953614e-18
513,exp_0_5,3.469446951953614e-18
513,exp_1,1.3877787807814457e-17
513,exp_2,6.938893903907228e-18
513,asinh,6.938893903907228e-18
513,logistic,6.938893903907228e-18
514,exp_0_5,3.469446951953614e-18
514,exp_1,1.3877787807814457e-17
514,exp_2,2.7755575615628914e-17
514,asinh,6.938893903907228e-18
514,logistic,3.469446951953614e-18
515,exp_0_5,6.938893903907228e-18
515,exp_1,6.938893903907228e-18
515,exp_2,2.7755575615628914e-17
515,asinh,3.469446951953614e-18
515,logistic,6.938893903907228e-18
516,exp_0_5,1.3877787807814457e-17
516,exp_1,1.3877787807814457e-17
516,exp_2,2.7755575615628914e-17
516,asinh,1.3877787807814457e-17
516,logistic,1.3877787807814457e-17
517,exp_0_5,6.938893903907228e-18
517,exp_1,2.7755575615628914e-17
517,exp_2,1.3877787807814457e-17
517,asinh,1.3877787807814457e-17
517,logistic,6.938893903907228e-18
518,exp_0_5,6.938893903907228e-18
518,exp_1,6.938893903907228e-18
518,exp_2,1.3877787807814457e-17
518,asinh,6.938893903907228e-18
518,logistic,3.469446951953614e-18
519,exp_0_5,6.938893903907228e-18
519,exp_1,6.938893903907228e-18
519,exp_2,2.7755575615628914e-17
519,asinh,6.938893903907228e-18
519,logistic,3.469446951953614e-18
520,exp_0_5,3.469446951953614e-18
520,exp_1,2.7755575615628914e-17
520,exp_2,5.551115123125783e-17
520,asinh,6.938893903907228e-18
520,logistic,6.938893903907228e-18
521,exp_0_5,3.469446951953614e-18
521,exp_1,3.469446951953614e-18
521,exp_2,6.938893903907228e-18
521,asinh,3.469446951953614e-18
521,logistic,1.734723475976807e-18
522,exp_0_5,6.938893903907228e-18
522,exp_1,6.938893903907228e-18
522,exp_2,6.938893903907228e-18
522,asinh,6.938893903907228e-18
522,logistic,6.938893903907228e-18
523,exp_0_5,1.3877787807814457e-17
523,exp_1,2.7755575615628914e-17
523,exp_2,6.938893903907228e-18
523,asinh,1.3877787807814457e-17
523,logistic,1.3877787807814457e-17
524,exp_0_5,6.938893903907228e-18
524,exp_1,1.3877787807814457e-17
524,exp_2,5.551115123125783e-17
524,asinh,3.469446951953614e-18
524,logistic,6.938893903907228e-18
525,exp_0_5,6.938893903907228e-18
525,exp_1,6.938893903907228e-18
525,exp_2,5.551115123125783e-17
525,asinh,1.3877787807814457e-17
525,logistic,6.938893903907228e-18
526,exp_0_5,3.469446951953614e-18
526,exp_1,3.469446951953614e-18
526,exp_2,1.3877787807814457e-17
526,asinh,3.469446951953614e-18
526,logistic,1.734723475976807e-18
527,exp_0_5,6.938893903907228e-18
527,exp_1,1.3877787807814457e-17
527,exp_2,6.938893903907228e-18
527,asinh,1.3877787807814457e-17
527,logistic,6.938893903907228e-18
528,exp_0_5,3.469446951953614e-18
528,exp_1,3.469446951953614e-18
528,exp_2,1.3877787807814457e-17
528,asinh,6.938893903907228e-18
528,logistic,3.469446951953614e-18
529,exp_0_5,3.469446951953614e-18
529,exp_1,6.938893903907228e-18
529,exp_2,3.469446951953614e-18
529,asinh,3.469446951953614e-18
529,logistic,6.938893903907228e-18
530,exp_0_5,3.469446951953614e-18
530,exp_1,3.469446951953614e-18
530,exp_2,6.938893903907228e-18
530,asinh,3.469446951953614e-18
530,logistic,3.469446951953614e-18
531,exp_0_5,3.469446951953614e-18
531,exp_1,6.938893903907228e-18
531,exp_2,6.938893903907228e-18
531,asinh,6.938893903907228e-18
531,logistic,3.469446951953614e-18
532,exp_0_5,6.938893903907228e-18
532,exp_1,3.469446951953614e-18
532,exp_2,6.938893903907228e-18
532,asinh,1.3877787807814457e-17
532,logistic,6.938893903907228e-18
533,exp_0_5,6.938893903907228e-18
533,exp_1,6.938893903907228e-18
533,exp_2,3.469446951953614e-18
533,asinh,1.3877787807814457e-17
533,logistic,6.938893903907228e-18
534,exp_0_5,6.938893903907228e-18
534,exp_1,6.938893903907228e-18
534,exp_2,1.3877787807814457e-17
534,asinh,1.3877787807814457e-17
534,logistic,1.3877787807814457e-17
535,exp_0_5,6.938893903907228e-18
535,exp_1,2.7755575615628914e-17
535,exp_2,1.3877787807814457e-17
535,asinh,6.938893903907228e-18
535,logistic,1.3877787807814457e-17
536,exp_0_5,1.3877787807814457e-17
536,exp_1,1.3877787807814457e-17
536,exp_2,2.7755575615628914e-17
536,asinh,1.3877787807814457e-17
536,logistic,1.3877787807814457e-17
537,exp_0_5,6.938893903907228e-18
537,exp_1,1.3877787807814457e-17
537,exp_2,1.3877787807814457e-17
537,asinh,1.3877787807814457e-17
537,logistic,6.938893903907228e-18
538,exp_0_5,1.3877787807814457e-17
538,exp_1,6.938893903907228e-18
538,exp_2,1.3877787807814457e-17
538,asinh,6.938893903907228e-18
538,logistic,6.938893903907228e-18
539,exp_0_5,1.3877787807814457e-17
539,exp_1,2.7755575615628914e-17
539,exp_2,2.7755575615628914e-17
539,asinh,2.7755575615628914e-17
539,logistic,2.7755575615628914e-17
540,exp_0_5,6.938893903907228e-18
540,exp_1,1.3877787807814457e-17
540,exp_2,1.3877787807814457e-17
540,asinh,6.938893903907228e-18
540,logistic,6.938893903907228e-18
541,exp_0_5,6.938893903907228e-18
541,exp_1,6.938893903907228e-18
541,exp_2,6.938893903907228e-18
541,asinh,6.938893903907228e-18
541,logistic,6.938893903907228e-18
542,exp_0_5,6.938893903907228e-18
542,exp_1,1.3877787807814457e-17
542,exp_2,1.3877787807814457e-17
542,asinh,1.3877787807814457e-17
542,logistic,6.938893903907228e-18
543,exp_0_5,6.938893903907228e-18
543,exp_1,6.938893903907228e-18
543,exp_2,1.3877787807814457e-17
543,asinh,6.938893903907228e-18
543,logistic,6.938893903907228e-18
544,exp_0_5,3.469446951953614e-18
544,exp_1,6.938893903907228e-18
544,exp_2,2.7755575615628914e-17
544,asinh,6.938893903907228e-18
544,logistic,6.938893903907228e-18
545,exp_0_5,2.7755575615628914e-17
545,exp_1,2.7755575615628914e-17
545,exp_2,2.7755575615628914e-17
545,asinh,1.3877787807814457e-17
545,logistic,1.3877787807814457e-17
546,exp_0_5,3.469446951953614e-18
546,exp_1,6.938893903907228e-18
546,exp_2,2.7755575615628914e-17
546,asinh,1.3877787807814457e-17
546,logistic,3.469446951953614e-18
547,exp_0_5,6.938893903907228e-18
547,exp_1,6.938893903907228e-18
547,exp_2,2.7755575615628914e-17
547,asinh,6.938893903907228e-18
547,logistic,6.938893903907228e-18
548,exp_0_5,6.938893903907228e-18
548,exp_1,6.938893903907228e-18
548,exp_2,1.3877787807814457e-17
548,asinh,6.938893903907228e-18
548,logistic,6.938893903907228e-18
549,exp_0_5,3.469446951953614e-18
549,exp_1,3.469446951953614e-18
549,exp_2,6.938893903907228e-18
549,asinh,3.469446951953614e-18
549,logistic,3.469446951953614e-18
550,exp_0_5,1.734723475976807e-18
550,exp_1,3.469446951953614e-18
550,exp_2,6.938893903907228e-18
550,asinh,3.469446951953614e-18
550,logistic,3.469446951953614e-18
551,exp_0_5,6.938893903907228e-18
551,exp_1,6.938893903907228e-18
551,exp_2,2.7755575615628914e-17
551,asinh,6.938893903907228e-18
551,logistic,6.938893903907228e-18
552,exp_0_5,3.469446951953614e-18
552,exp_1,6.938893903907228e-18
552,exp_2,2.7755575615628914e-17
552,asinh,6.938893903907228e-18
552,logistic,6.938893903907228e-18
553,exp_0_5,6.938893903907228e-18
553,exp_1,6.938893903907228e-18
553,exp_2,2.7755575615628914e-17
553,asinh,6.938893903907228e-18
553,logistic,6.938893903907228e-18
554,exp_0_5,1.3877787807814457e-17
554,exp_1,1.3877787807814457e-17
554,exp_2,1.3877787807814457e-17
554,asinh,1.3877787807814457e-17
554,logistic,1.3877787807814457e-17
555,exp_0_5,6.938893903907228e-18
555,exp_1,6.938893903907228e-18
555,exp_2,1.3877787807814457e-17
555,asinh,6.938893903907228e-18
555,logistic,6.938893903907228e-18
556,exp_0_5,3.469446951953614e-18
556,exp_1,6.938893903907228e-18
556,exp_2,1.3877787807814457e-17
556,asinh,6.938893903907228e-18
556,logistic,3.469446951953614e-18
557,exp_0_5,3.469446951953614e-18
557,exp_1,1.3877787807814457e-17
557,exp_2,6.938893903907228e-18
557,asinh,6.938893903907228e-18
557,logistic,6.938893903907228e-18
558,exp_0_5,3.469446951953614e-18
558,exp_1,6.938893903907228e-18
558,exp_2,6.938893903907228e-18
558,asinh,6.938893903907228e-18
558,logistic,3.469446951953614e-18
559,exp_0_5,6.938893903907228e-18
559,exp_1,1.3877787807814457e-17
559,exp_2,2.7755575615628914e-17
559,asinh,6.938893903907228e-18
559,logistic,3.469446951953614e-18
560,exp_0_5,6.938893903907228e-18
560,exp_1,6.938893903907228e-18
560,exp_2,1.3877787807814457e-17
560,asinh,6.938893903907228e-18
560,logistic,1.3877787807814457e-17
561,exp_0_5,3.469446951953614e-18
561,exp_1,6.938893903907228e-18
561,exp_2,3.469446951953614e-18
561,asinh,1.3877787807814457e-17
561,logistic,6.938893903907228e-18
562,exp_0_5,6.938893903907228e-18
562,exp_1,6.938893903907228e-18
562,exp_2,1.3877787807814457e-17
562,asinh,6.938893903907228e-18
562,logistic,6.938893903907228e-18
563,exp_0_5,1.3877787807814457e-17
563,exp_1,1.3877787807814457e-17
563,exp_2,5.551115123125783e-17
563,asinh,1.3877787807814457e-17
563,logistic,6.938893903907228e-18
564,exp_0_5,1.3877787807814457e-17
564,exp_1,1.3877787807814457e-17
564,exp_2,1.3877787807814457e-17
564,asinh,6.938893903907228e-18
564,logistic,2.7755575615628914e-17
565,exp_0_5,3.469446951953614e-18
565,exp_1,3.469446951953614e-18
565,exp_2,6.938893903907228e-18
565,asinh,3.469446951953614e-18
565,logistic,3.469446951953614e-18
566,exp_0_5,6.938893903907228e-18
566,exp_1,6.938893903907228e-18
566,exp_2,6.938893903907228e-18
566,asinh,1.3877787807814457e-17
566,logistic,6.938893903907228e-18
567,exp_0_5,3.469446951953614e-18
567,exp_1,1.3877787807814457e-17
567,exp_2,6.938893903907228e-18
567,asinh,3.469446951953614e-18
567,logistic,3.469446951953614e-18
568,exp_0_5,2.7755575615628914e-17
568,exp_1,1.3877787807814457e-17
568,exp_2,6.938893903907228e-18
568,asinh,1.3877787807814457e-17
568,logistic,1.3877787807814457e-17
569,exp_0_5,1.3877787807814457e-17
569,exp_1,1.3877787807814457e-17
569,exp_2,5.551115123125783e-17
569,asinh,1.3877787807814457e-17
569,logistic,1.3877787807814457e-17
570,exp_0_5,6.938893903907228e-18
570,exp_1,5.551115123125783e-17
570,exp_2,1.734723475976807e-18
570,asinh,6.938893903907228e-18
570,logistic,1.3877787807814457e-17
571,exp_0_5,6.938893903907228e-18
571,exp_1,6.938893903907228e-18
571,exp_2,6.938893903907228e-18
571,asinh,6.938893903907228e-18
571,logistic,3.469446951953614e-18
572,exp_0_5,1.3877787807814457e-17
572,exp_1,1.3877787807814457e-17
572,exp_2,2.7755575615628914e-17
572,asinh,1.3877787807814457e-17
572,logistic,1.3877787807814457e-17
573,exp_0_5,2.7755575615628914e-17
573,exp_1,1.3877787807814457e-17
573,exp_2,5.551115123125783e-17
573,asinh,2.7755575615628914e-17
573,logistic,1.3877787807814457e-17
574,exp_0_5,6.938893903907228e-18
574,exp_1,1.3877787807814457e-17
574,exp_2,1.3877787807814457e-17
574,asinh,6.938893903907228e-18
574,logistic,6.938893903907228e-18
575,exp_0_5,1.3877787807814457e-17
575,exp_1,1.3877787807814457e-17
575,exp_2,6.938893903907228e-18
575,asinh,3.469446951953614e-18
575,logistic,6.938893903907228e-18
576,exp_0_5,6.938893903907228e-18
576,exp_1,1.3877787807814457e-17
576,exp_2,6.938893903907228e-18
576,asinh,6.938893903907228e-18
576,logistic,3.469446951953614e-18
577,exp_0_5,1.3877787807814457e-17
577,exp_1,1.3877787807814457e-17
577,exp_2,2.7755575615628914e-17
577,asinh,1.3877787807814457e-17
577,logistic,0.0
578,exp_0_5,3.469446951953614e-18
578,exp_1,6.938893903907228e-18
578,exp_2,1.3877787807814457e-17
578,asinh,6.938893903907228e-18
578,logistic,1.734723475976807e-18
579,exp_0_5,1.734723475976807e-18
579,exp_1,6.938893903907228e-18
579,exp_2,6.938893903907228e-18
579,asinh,3.469446951953614e-18
579,logistic,3.469446951953614e-18
580,exp_0_5,1.3877787807814457e-17
580,exp_1,6.938893903907228e-18
580,exp_2,2.7755575615628914e-17
580,asinh,1.3877787807814457e-17
580,logistic,1.3877787807814457e-17
581,exp_0_5,3.469446951953614e-18
581,exp_1,6.938893903907228e-18
581,exp_2,6.938893903907228e-18
581,asinh,3.469446951953614e-18
581,logistic,1.734723475976807e-18
582,exp_0_5,6.938893903907228e-18
582,exp_1,1.3877787807814457e-17
582,exp_2,6.938893903907228e-18
582,asinh,6.938893903907228e-18
582,logistic,6.938893903907228e-18
583,exp_0_5,3.469446951953614e-18
583,exp_1,3.469446951953614e-18
583,exp_2,6.938893903907228e-18
583,asinh,6.938893903907228e-18
583,logistic,3.469446951953614e-18
584,exp_0_5,3.469446951953614e-18
584,exp_1,3.469446951953614e-18
584,exp_2,6.938893903907228e-18
584,asinh,6.938893903907228e-18
584,logistic,3.469446951953614e-18
585,exp_0_5,3.469446951953614e-18
585,exp_1,6.938893903907228e-18
585,exp_2,1.3877787807814457e-17
585,asinh,3.469446951953614e-18
585,logistic,3.469446951953614e-18
586,exp_0_5,3.469446951953614e-18
586,exp_1,1.734723475976807e-18
586,exp_2,1.3877787807814457e-17
586,asinh,3.469446951953614e-18
586,logistic,3.469446951953614e-18
587,exp_0_5,6.938893903907228e-18
587,exp_1,2.7755575615628914e-17
587,exp_2,1.3877787807814457e-17
587,asinh,1.3877787807814457e-17
587,logistic,6.938893903907228e-18
588,exp_0_5,3.469446951953614e-18
588,exp_1,3.469446951953614e-18
588,exp_2,6.938893903907228e-18
588,asinh,3.469446951953614e-18
588,logistic,3.469446951953614e-18
589,exp_0_5,3.469446951953614e-18
589,exp_1,6.938893903907228e-18
589,exp_2,1.3877787807814457e-17
589,asinh,3.469446951953614e-18
589,logistic,3.469446951953614e-18
590,exp_0_5,3.469446951953614e-18
590,exp_1,6.938893903907228e-18
590,exp_2,6.938893903907228e-18
590,asinh,6.938893903907228e-18
590,logistic,3.469446951953614e-18
591,exp_0_5,3.469446951953614e-18
591,exp_1,3.469446951953614e-18
591,exp_2,6.938893903907228e-18
591,asinh,3.469446951953614e-18
591,logistic,3.469446951953614e-18
592,exp_0_5,3.469446951953614e-18
592,exp_1,3.469446951953614e-18
592,exp_2,6.938893903907228e-18
592,asinh,3.469446951953614e-18
592,logistic,3.469446951953614e-18
593,exp_0_5,6.938893903907228e-18
593,exp_1,6.938893903907228e-18
593,exp_2,1.3877787807814457e-17
593,asinh,6.938893903907228e-18
593,logistic,3.469446951953614e-18
594,exp_0_5,2.7755575615628914e-17
594,exp_1,2.7755575615628914e-17
594,exp_2,6.938893903907228e-18
594,asinh,1.3877787807814457e-17
594,logistic,1.3877787807814457e-17
595,exp_0_5,6.938893903907228e-18
595,exp_1,6.938893903907228e-18
595,exp_2,2.7755575615628914e-17
595,asinh,6.938893903907228e-18
595,logistic,1.3877787807814457e-17
596,exp_0_5,3.469446951953614e-18
596,exp_1,6.938893903907228e-18
596,exp_2,6.938893903907228e-18
596,asinh,3.469446951953614e-18
596,logistic,3.469446951953614e-18
597,exp_0_5,6.938893903907228e-18
597,exp_1,1.3877787807814457e-17
597,exp_2,1.3877787807814457e-17
597,asinh,6.938893903907228e-18
597,logistic,6.938893903907228e-18
598,exp_0_5,3.469446951953614e-18
598,exp_1,6.938893903907228e-18
598,exp_2,1.3877787807814457e-17
598,asinh,6.938893903907228e-18
598,logistic,3.469446951953614e-18
599,exp_0_5,3.469446951953614e-18
599,exp_1,6.938893903907228e-18
599,exp_2,2.7755575615628914e-17
599,asinh,6.938893903907228e-18
599,logistic,3.469446951953614e-18
