sample_index,absolute_closure_error
0,0.0
1,0.0
2,0.0
3,0.0
4,2.220446049250313e-16
5,0.0
6,0.0
7,0.0
8,0.0
9,2.220446049250313e-16
10,0.0
11,2.220446049250313e-16
12,0.0
13,0.0
14,0.0
15,1.1102230246251565e-16
16,1.1102230246251565e-16
17,0.0
18,0.0
19,0.0
20,0.0
21,0.0
22,1.1102230246251565e-16
23,0.0
24,0.0
25,2.220446049250313e-16
26,5.551115123125783e-17
27,0.0
28,2.220446049250313e-16
29,2.220446049250313e-16
30,0.0
31,8.881784197001252e-16
32,0.0
33,5.551115123125783e-17
34,1.1102230246251565e-16
35,3.122502256758253e-17
36,0.0
37,4.440892098500626e-16
38,0.0
39,5.551115123125783e-17
40,1.3877787807814457e-17
41,2.220446049250313e-16
42,0.0
43,0.0
44,2.220446049250313e-16
45,0.0
46,0.0
47,0.0
48,1.1102230246251565e-16
49,1.1102230246251565e-16
50,1.1102230246251565e-16
51,0.0
52,2.220446049250313e-16
53,0.0
54,2.220446049250313e-16
55,1.3877787807814457e-17
56,0.0
57,1.1102230246251565e-16
58,0.0
59,8.881784197001252e-16
60,2.220446049250313e-16
61,2.220446049250313e-16
62,4.440892098500626e-16
63,0.0
64,0.0
65,1.3877787807814457e-17
66,0.0
67,2.220446049250313e-16
68,0.0
69,2.7755575615628914e-17
70,1.1102230246251565e-16
71,0.0
72,0.0
73,5.551115123125783e-17
74,4.440892098500626e-16
75,0.0
76,5.551115123125783e-17
77,1.1102230246251565e-16
78,4.440892098500626e-16
79,0.0
80,0.0
81,0.0
82,2.7755575615628914e-17
83,0.0
84,5.551115123125783e-17
85,0.0
86,2.7755575615628914e-17
87,0.0
88,0.0
89,0.0
90,0.0
91,2.220446049250313e-16
92,0.0
93,5.551115123125783e-17
94,0.0
95,2.220446049250313e-16
96,0.0
97,2.220446049250313e-16
98,0.0
99,0.0
100,0.0
101,4.440892098500626e-16
102,5.551115123125783e-17
103,1.3877787807814457e-17
104,2.7755575615628914e-17
105,2.7755575615628914e-17
106,0.0
107,0.0
108,0.0
109,1.5265566588595902e-16
110,0.0
111,0.0
112,1.734723475976807e-17
113,5.551115123125783e-17
114,2.7755575615628914e-17
115,2.220446049250313e-16
116,5.551115123125783e-17
117,0.0
118,5.551115123125783e-17
119,0.0
120,0.0
121,0.0
122,4.440892098500626e-16
123,0.0
124,0.0
125,0.0
126,0.0
127,1.3877787807814457e-17
128,0.0
129,5.551115123125783e-17
130,0.0
131,2.7755575615628914e-17
132,1.1102230246251565e-16
133,2.7755575615628914e-17
134,0.0
135,1.734723475976807e-18
136,0.0
137,2.7755575615628914e-17
138,5.551115123125783e-17
139,2.7755575615628914e-17
140,0.0
141,0.0
142,0.0
143,0.0
144,0.0
145,0.0
146,0.0
147,2.220446049250313e-16
148,5.551115123125783e-17
149,0.0
150,0.0
151,0.0
152,5.551115123125783e-17
153,2.220446049250313e-16
154,2.7755575615628914e-17
155,1.1102230246251565e-16
156,0.0
157,0.0
158,2.220446049250313e-16
159,0.0
160,0.0
161,2.220446049250313e-16
162,2.220446049250313e-16
163,1.1102230246251565e-16
164,0.0
165,0.0
166,2.220446049250313e-16
167,0.0
168,4.440892098500626e-16
169,5.551115123125783e-17
170,0.0
171,8.326672684688674e-17
172,2.7755575615628914e-17
173,0.0
174,1.1102230246251565e-16
175,0.0
176,2.7755575615628914e-17
177,0.0
178,1.1102230246251565e-16
179,0.0
180,3.3306690738754696e-16
181,6.938893903907228e-18
182,0.0
183,4.440892098500626e-16
184,0.0
185,1.1102230246251565e-16
186,0.0
187,1.1102230246251565e-16
188,0.0
189,1.1102230246251565e-16
190,0.0
191,4.440892098500626e-16
192,0.0
193,0.0
194,2.7755575615628914e-17
195,5.551115123125783e-17
196,8.881784197001252e-16
197,1.1102230246251565e-16
198,0.0
199,0.0
200,1.3877787807814457e-17
201,1.1102230246251565e-16
202,5.551115123125783e-17
203,0.0
204,0.0
205,2.220446049250313e-16
206,0.0
207,0.0
208,0.0
209,5.551115123125783e-17
210,0.0
211,0.0
212,0.0
213,2.220446049250313e-16
214,0.0
215,1.1102230246251565e-16
216,1.1102230246251565e-16
217,1.1102230246251565e-16
218,1.1102230246251565e-16
219,2.220446049250313e-16
220,0.0
221,5.551115123125783e-17
222,5.551115123125783e-17
223,1.3877787807814457e-17
224,0.0
225,1.3877787807814457e-17
226,0.0
227,0.0
228,2.7755575615628914e-17
229,5.551115123125783e-17
230,0.0
231,2.7755575615628914e-17
232,5.551115123125783e-17
233,0.0
234,1.0408340855860843e-17
235,0.0
236,2.220446049250313e-16
237,0.0
238,2.7755575615628914e-17
239,1.1102230246251565e-16
240,5.551115123125783e-17
241,2.7755575615628914e-17
242,1.214306433183765e-17
243,0.0
244,2.7755575615628914e-17
245,5.551115123125783e-17
246,0.0
247,2.220446049250313e-16
248,6.938893903907228e-18
249,0.0
250,0.0
251,0.0
252,2.220446049250313e-16
253,0.0
254,1.3877787807814457e-17
255,0.0
256,4.683753385137379e-17
257,0.0
258,1.1102230246251565e-16
259,1.1102230246251565e-16
260,5.551115123125783e-17
261,0.0
262,4.440892098500626e-16
263,0.0
264,0.0
265,0.0
266,0.0
267,2.220446049250313e-16
268,0.0
269,0.0
270,5.551115123125783e-17
271,0.0
272,5.551115123125783e-17
273,5.551115123125783e-17
274,0.0
275,0.0
276,1.5178830414797062e-17
277,2.7755575615628914e-17
278,8.881784197001252e-16
279,0.0
280,0.0
281,0.0
282,0.0
283,1.3877787807814457e-17
284,2.220446049250313e-16
285,0.0
286,0.0
287,1.1102230246251565e-16
288,2.7755575615628914e-17
289,1.1102230246251565e-16
290,8.881784197001252e-16
291,0.0
292,6.938893903907228e-18
293,1.1102230246251565e-16
294,0.0
295,0.0
296,0.0
297,0.0
298,0.0
299,0.0
300,1.1102230246251565e-16
301,2.220446049250313e-16
302,0.0
303,1.3877787807814457e-17
304,2.220446049250313e-16
305,2.220446049250313e-16
306,0.0
307,5.551115123125783e-17
308,0.0
309,1.3877787807814457e-17
310,1.1102230246251565e-16
311,0.0
312,4.440892098500626e-16
313,0.0
314,2.0816681711721685e-17
315,0.0
316,0.0
317,0.0
318,4.440892098500626e-16
319,4.440892098500626e-16
320,0.0
321,0.0
322,0.0
323,2.220446049250313e-16
324,0.0
325,2.220446049250313e-16
326,0.0
327,1.1102230246251565e-16
328,5.551115123125783e-17
329,0.0
330,2.7755575615628914e-17
331,1.249000902703301e-16
332,2.7755575615628914e-17
333,1.1102230246251565e-16
334,0.0
335,2.220446049250313e-16
336,0.0
337,1.1102230246251565e-16
338,0.0
339,0.0
340,0.0
341,3.8163916471489756e-17
342,2.220446049250313e-16
343,0.0
344,0.0
345,0.0
346,0.0
347,5.551115123125783e-17
348,0.0
349,5.551115123125783e-17
350,0.0
351,5.551115123125783e-17
352,0.0
353,2.220446049250313e-16
354,2.220446049250313e-16
355,0.0
356,4.440892098500626e-16
357,0.0
358,4.163336342344337e-17
359,0.0
360,0.0
361,0.0
362,0.0
363,8.326672684688674e-17
364,1.1102230246251565e-16
365,0.0
366,0.0
367,0.0
368,1.1102230246251565e-16
369,0.0
370,4.440892098500626e-16
371,0.0
372,0.0
373,1.1102230246251565e-16
374,0.0
375,0.0
376,0.0
377,4.440892098500626e-16
378,0.0
379,4.440892098500626e-16
380,4.440892098500626e-16
381,2.220446049250313e-16
382,0.0
383,5.551115123125783e-17
384,0.0
385,0.0
386,1.3877787807814457e-17
387,0.0
388,0.0
389,2.220446049250313e-16
390,0.0
391,0.0
392,5.551115123125783e-17
393,0.0
394,0.0
395,1.1102230246251565e-16
396,5.551115123125783e-17
397,0.0
398,0.0
399,0.0
400,0.0
401,0.0
402,2.7755575615628914e-17
403,5.551115123125783e-17
404,1.1102230246251565e-16
405,1.1102230246251565e-16
406,3.3306690738754696e-16
407,0.0
408,2.220446049250313e-16
409,0.0
410,0.0
411,4.163336342344337e-17
412,1.3877787807814457e-17
413,1.1102230246251565e-16
414,0.0
415,0.0
416,1.3877787807814457e-17
417,0.0
418,0.0
419,0.0
420,5.551115123125783e-17
421,0.0
422,0.0
423,0.0
424,5.551115123125783e-17
425,5.551115123125783e-17
426,2.220446049250313e-16
427,0.0
428,0.0
429,0.0
430,1.3877787807814457e-17
431,2.220446049250313e-16
432,6.938893903907228e-18
433,5.551115123125783e-17
434,5.551115123125783e-17
435,0.0
436,1.1102230246251565e-16
437,0.0
438,0.0
439,0.0
440,0.0
441,0.0
442,4.440892098500626e-16
443,0.0
444,0.0
445,5.551115123125783e-17
446,1.1102230246251565e-16
447,0.0
448,1.1102230246251565e-16
449,0.0
450,0.0
451,0.0
452,0.0
453,0.0
454,1.1102230246251565e-16
455,5.551115123125783e-17
456,0.0
457,5.551115123125783e-17
458,0.0
459,8.673617379884035e-18
460,0.0
461,5.551115123125783e-17
462,0.0
463,0.0
464,0.0
465,2.220446049250313e-16
466,0.0
467,0.0
468,4.440892098500626e-16
469,1.1102230246251565e-16
470,0.0
471,2.7755575615628914e-17
472,1.1102230246251565e-16
473,0.0
474,2.220446049250313e-16
475,5.551115123125783e-17
476,0.0
477,2.220446049250313e-16
478,5.551115123125783e-17
479,4.440892098500626e-16
480,0.0
481,2.220446049250313e-16
482,0.0
483,4.440892098500626e-16
484,5.551115123125783e-17
485,0.0
486,0.0
487,0.0
488,0.0
489,2.220446049250313e-16
490,5.204170427930421e-18
491,1.1102230246251565e-16
492,0.0
493,0.0
494,5.551115123125783e-17
495,0.0
496,0.0
497,2.220446049250313e-16
498,2.7755575615628914e-17
499,0.0
500,0.0
501,0.0
502,1.3877787807814457e-17
503,0.0
504,0.0
505,0.0
506,2.220446049250313e-16
507,1.3877787807814457e-17
508,0.0
509,0.0
510,2.2551405187698492e-17
511,0.0
512,0.0
513,0.0
514,0.0
515,9.71445146547012e-17
516,1.1102230246251565e-16
517,0.0
518,1.5612511283791264e-17
519,0.0
520,4.440892098500626e-16
521,0.0
522,0.0
523,0.0
524,0.0
525,0.0
526,0.0
527,0.0
528,0.0
529,2.7755575615628914e-17
530,0.0
531,0.0
532,0.0
533,0.0
534,2.220446049250313e-16
535,0.0
536,0.0
537,0.0
538,0.0
539,2.7755575615628914e-17
540,0.0
541,0.0
542,1.1102230246251565e-16
543,2.220446049250313e-16
544,1.734723475976807e-18
545,0.0
546,0.0
547,0.0
548,0.0
549,0.0
550,0.0
551,0.0
552,1.1102230246251565e-16
553,0.0
554,0.0
555,5.551115123125783e-17
556,1.1102230246251565e-16
557,5.551115123125783e-17
558,0.0
559,4.336808689942018e-19
560,0.0
561,5.551115123125783e-17
562,4.440892098500626e-16
563,5.551115123125783e-17
564,5.551115123125783e-17
565,4.440892098500626e-16
566,1.1102230246251565e-16
567,0.0
568,5.551115123125783e-17
569,1.6653345369377348e-16
570,2.220446049250313e-16
571,1.1102230246251565e-16
572,4.440892098500626e-16
573,2.7755575615628914e-17
574,0.0
575,1.6653345369377348e-16
576,1.1102230246251565e-16
577,0.0
578,5.551115123125783e-17
579,0.0
580,0.0
581,8.326672684688674e-17
582,8.326672684688674e-17
583,0.0
584,3.469446951953614e-17
585,1.1102230246251565e-16
586,0.0
587,0.0
588,2.220446049250313e-16
589,6.938893903907228e-18
590,0.0
591,0.0
592,0.0
593,0.0
594,0.0
595,0.0
596,0.0
597,4.440892098500626e-16
598,2.220446049250313e-16
599,0.0
600,8.881784197001252e-16
601,0.0
602,2.220446049250313e-16
603,0.0
604,0.0
605,0.0
606,0.0
607,0.0
608,1.1102230246251565e-16
609,0.0
610,0.0
611,0.0
612,1.1102230246251565e-16
613,0.0
614,2.7755575615628914e-17
615,0.0
616,0.0
617,0.0
618,0.0
619,0.0
620,2.7755575615628914e-17
621,0.0
622,5.551115123125783e-17
623,0.0
624,0.0
625,0.0
626,0.0
627,0.0
628,0.0
629,0.0
630,0.0
631,1.1102230246251565e-16
632,1.1102230246251565e-16
633,2.7755575615628914e-17
634,2.7755575615628914e-17
635,0.0
636,0.0
637,0.0
638,1.3877787807814457e-16
639,0.0
640,0.0
641,1.1102230246251565e-16
642,6.938893903907228e-18
643,2.220446049250313e-16
644,1.6653345369377348e-16
645,1.1102230246251565e-16
646,0.0
647,1.1102230246251565e-16
648,2.220446049250313e-16
649,2.220446049250313e-16
650,1.1102230246251565e-16
651,2.220446049250313e-16
652,1.1102230246251565e-16
653,4.440892098500626e-16
654,5.551115123125783e-17
655,0.0
656,2.220446049250313e-16
657,2.7755575615628914e-17
658,4.163336342344337e-17
659,0.0
660,2.220446049250313e-16
661,0.0
662,0.0
663,0.0
664,4.440892098500626e-16
665,0.0
666,0.0
667,5.551115123125783e-17
668,0.0
669,2.0816681711721685e-17
670,0.0
671,2.220446049250313e-16
672,1.1102230246251565e-16
673,0.0
674,1.1102230246251565e-16
675,0.0
676,0.0
677,0.0
678,0.0
679,0.0
680,5.551115123125783e-17
681,0.0
682,1.1102230246251565e-16
683,0.0
684,4.440892098500626e-16
685,5.551115123125783e-17
686,1.1102230246251565e-16
687,1.1102230246251565e-16
688,0.0
689,0.0
690,0.0
691,0.0
692,8.326672684688674e-17
693,0.0
694,0.0
695,0.0
696,5.551115123125783e-17
697,0.0
698,2.220446049250313e-16
699,0.0
700,4.440892098500626e-16
701,0.0
702,0.0
703,0.0
704,0.0
705,0.0
706,0.0
707,8.881784197001252e-16
708,1.1102230246251565e-16
709,0.0
710,1.1102230246251565e-16
711,0.0
712,0.0
713,0.0
714,4.440892098500626e-16
715,0.0
716,1.1102230246251565e-16
717,5.551115123125783e-17
718,4.440892098500626e-16
719,0.0
720,0.0
721,5.551115123125783e-17
722,0.0
723,2.7755575615628914e-17
724,1.0408340855860843e-17
725,4.163336342344337e-17
726,0.0
727,1.1102230246251565e-16
728,0.0
729,2.220446049250313e-16
730,2.7755575615628914e-17
731,0.0
732,0.0
733,0.0
734,0.0
735,2.220446049250313e-16
736,0.0
737,0.0
738,0.0
739,2.7755575615628914e-17
740,0.0
741,0.0
742,1.757762772142124e-17
743,4.440892098500626e-16
744,0.0
745,0.0
746,1.3877787807814457e-17
747,0.0
748,3.469446951953614e-17
749,1.1102230246251565e-16
750,0.0
751,1.1102230246251565e-16
752,0.0
753,0.0
754,0.0
755,5.551115123125783e-17
756,0.0
757,0.0
758,0.0
759,0.0
760,0.0
761,0.0
762,5.551115123125783e-17
763,2.7755575615628914e-17
764,8.326672684688674e-17
765,1.1102230246251565e-16
766,5.551115123125783e-17
767,0.0
768,5.551115123125783e-17
769,0.0
770,2.7755575615628914e-17
771,0.0
772,0.0
773,2.220446049250313e-16
774,0.0
775,0.0
776,0.0
777,1.1102230246251565e-16
778,1.1102230246251565e-16
779,0.0
780,1.1102230246251565e-16
781,0.0
782,0.0
783,5.551115123125783e-17
784,1.1102230246251565e-16
785,1.1102230246251565e-16
786,0.0
787,4.440892098500626e-16
788,0.0
789,0.0
790,0.0
791,0.0
792,1.3877787807814457e-17
793,5.551115123125783e-17
794,4.440892098500626e-16
795,1.1102230246251565e-16
796,2.220446049250313e-16
797,0.0
798,2.7755575615628914e-17
799,0.0
800,1.1102230246251565e-16
801,1.3877787807814457e-17
802,0.0
803,2.220446049250313e-16
804,0.0
805,5.551115123125783e-17
806,2.220446049250313e-16
807,1.1102230246251565e-16
808,5.898059818321144e-17
809,0.0
810,0.0
811,0.0
812,1.3877787807814457e-17
813,2.220446049250313e-16
814,2.220446049250313e-16
815,4.440892098500626e-16
816,0.0
817,0.0
818,0.0
819,0.0
820,1.1102230246251565e-16
821,0.0
822,0.0
823,0.0
824,1.1102230246251565e-16
825,0.0
826,0.0
827,0.0
828,1.1102230246251565e-16
829,0.0
830,6.938893903907228e-18
831,2.7755575615628914e-17
832,6.938893903907228e-18
833,0.0
834,0.0
835,1.3877787807814457e-17
836,0.0
837,1.1102230246251565e-16
838,1.1102230246251565e-16
839,1.5959455978986625e-16
840,0.0
841,0.0
842,0.0
843,0.0
844,1.3877787807814457e-17
845,0.0
846,2.220446049250313e-16
847,5.551115123125783e-17
848,0.0
849,0.0
850,2.220446049250313e-16
851,2.220446049250313e-16
852,0.0
853,0.0
854,0.0
855,0.0
856,1.1102230246251565e-16
857,0.0
858,0.0
859,0.0
860,2.220446049250313e-16
861,0.0
862,0.0
863,0.0
864,0.0
865,0.0
866,0.0
867,0.0
868,0.0
869,0.0
870,0.0
871,2.220446049250313e-16
872,5.551115123125783e-17
873,1.1102230246251565e-16
874,0.0
875,1.3877787807814457e-17
876,0.0
877,5.551115123125783e-17
878,0.0
879,2.7755575615628914e-17
880,1.1102230246251565e-16
881,1.1102230246251565e-16
882,0.0
883,0.0
884,3.0357660829594124e-17
885,5.551115123125783e-17
886,1.1102230246251565e-16
887,0.0
888,4.440892098500626e-16
889,0.0
890,0.0
891,5.551115123125783e-17
892,4.440892098500626e-16
893,5.551115123125783e-17
894,2.220446049250313e-16
895,4.440892098500626e-16
896,0.0
897,0.0
898,3.122502256758253e-17
899,0.0
900,0.0
901,2.220446049250313e-16
902,2.220446049250313e-16
903,0.0
904,2.220446049250313e-16
905,5.551115123125783e-17
906,0.0
907,0.0
908,0.0
909,5.551115123125783e-17
910,0.0
911,4.440892098500626e-16
912,2.220446049250313e-16
913,3.469446951953614e-17
914,0.0
915,5.551115123125783e-17
916,5.204170427930421e-18
917,0.0
918,0.0
919,0.0
920,4.440892098500626e-16
921,5.551115123125783e-17
922,0.0
923,1.1102230246251565e-16
924,0.0
925,0.0
926,0.0
927,0.0
928,5.551115123125783e-17
929,5.551115123125783e-17
930,1.734723475976807e-18
931,0.0
932,4.440892098500626e-16
933,0.0
934,0.0
935,0.0
936,0.0
937,0.0
938,2.220446049250313e-16
939,0.0
940,2.220446049250313e-16
941,0.0
942,5.551115123125783e-17
943,2.220446049250313e-16
944,5.551115123125783e-17
945,0.0
946,0.0
947,0.0
948,2.220446049250313e-16
949,5.551115123125783e-17
950,5.551115123125783e-17
951,4.440892098500626e-16
952,0.0
953,2.220446049250313e-16
954,0.0
955,0.0
956,0.0
957,1.1102230246251565e-16
958,0.0
959,2.220446049250313e-16
960,0.0
961,1.1102230246251565e-16
962,1.1102230246251565e-16
963,0.0
964,5.551115123125783e-17
965,4.440892098500626e-16
966,0.0
967,0.0
968,0.0
969,0.0
970,1.1102230246251565e-16
971,0.0
972,4.440892098500626e-16
973,6.938893903907228e-18
974,0.0
975,2.220446049250313e-16
976,1.1102230246251565e-16
977,0.0
978,0.0
979,0.0
980,0.0
981,0.0
982,0.0
983,0.0
984,0.0
985,0.0
986,2.7755575615628914e-17
987,0.0
988,1.1102230246251565e-16
989,0.0
990,5.551115123125783e-17
991,5.551115123125783e-17
992,0.0
993,2.7755575615628914e-17
994,0.0
995,5.551115123125783e-17
996,0.0
997,0.0
998,1.734723475976807e-18
999,1.1102230246251565e-16
1000,4.440892098500626e-16
1001,3.469446951953614e-18
1002,1.1102230246251565e-16
1003,0.0
1004,0.0
1005,5.551115123125783e-17
1006,0.0
1007,0.0
1008,0.0
1009,0.0
1010,5.551115123125783e-17
1011,0.0
1012,0.0
1013,2.7755575615628914e-17
1014,1.3877787807814457e-17
1015,0.0
1016,1.1102230246251565e-16
1017,0.0
1018,1.1102230246251565e-16
1019,4.440892098500626e-16
1020,0.0
1021,4.440892098500626e-16
1022,0.0
1023,0.0
1024,6.938893903907228e-18
1025,0.0
1026,1.3877787807814457e-17
1027,0.0
1028,2.7755575615628914e-17
1029,0.0
1030,0.0
1031,0.0
1032,0.0
1033,5.551115123125783e-17
1034,1.1102230246251565e-16
1035,2.220446049250313e-16
1036,2.0816681711721685e-17
1037,0.0
1038,0.0
1039,2.0816681711721685e-17
1040,6.938893903907228e-18
1041,0.0
1042,2.220446049250313e-16
1043,6.938893903907228e-17
1044,0.0
1045,0.0
1046,0.0
1047,1.1102230246251565e-16
1048,0.0
1049,0.0
1050,0.0
1051,0.0
1052,2.7755575615628914e-17
1053,0.0
1054,0.0
1055,0.0
1056,0.0
1057,1.1102230246251565e-16
1058,3.469446951953614e-17
1059,0.0
1060,0.0
1061,0.0
1062,0.0
1063,2.220446049250313e-16
1064,2.220446049250313e-16
1065,0.0
1066,1.1102230246251565e-16
1067,2.220446049250313e-16
1068,0.0
1069,2.7755575615628914e-17
1070,2.7755575615628914e-17
1071,5.551115123125783e-17
1072,1.1102230246251565e-16
1073,5.551115123125783e-17
1074,5.551115123125783e-17
1075,0.0
1076,0.0
1077,0.0
1078,0.0
1079,0.0
1080,5.551115123125783e-17
1081,0.0
1082,1.1102230246251565e-16
1083,0.0
1084,0.0
1085,0.0
1086,0.0
1087,0.0
1088,5.551115123125783e-17
1089,0.0
1090,0.0
1091,0.0
1092,1.1102230246251565e-16
1093,0.0
1094,0.0
1095,1.1102230246251565e-16
1096,0.0
1097,2.220446049250313e-16
1098,0.0
1099,2.7755575615628914e-17
1100,5.551115123125783e-17
1101,0.0
1102,2.220446049250313e-16
1103,2.7755575615628914e-17
1104,5.551115123125783e-17
1105,1.1102230246251565e-16
1106,6.938893903907228e-18
1107,5.551115123125783e-17
1108,1.3877787807814457e-17
1109,0.0
1110,2.220446049250313e-16
1111,0.0
1112,0.0
1113,8.326672684688674e-17
1114,1.1102230246251565e-16
1115,2.220446049250313e-16
1116,0.0
1117,0.0
1118,2.220446049250313e-16
1119,1.1102230246251565e-16
1120,0.0
1121,0.0
1122,2.7755575615628914e-17
1123,0.0
1124,1.1102230246251565e-16
1125,1.249000902703301e-16
1126,0.0
1127,1.1102230246251565e-16
1128,0.0
1129,2.220446049250313e-16
1130,2.7755575615628914e-17
1131,0.0
1132,0.0
1133,1.1102230246251565e-16
1134,0.0
1135,5.551115123125783e-17
1136,1.0408340855860843e-17
1137,0.0
1138,0.0
1139,0.0
1140,0.0
1141,5.551115123125783e-17
1142,2.220446049250313e-16
1143,0.0
1144,2.220446049250313e-16
1145,5.551115123125783e-17
1146,0.0
1147,1.1102230246251565e-16
1148,0.0
1149,0.0
1150,0.0
1151,0.0
1152,0.0
1153,1.6653345369377348e-16
1154,0.0
1155,0.0
1156,0.0
1157,3.469446951953614e-18
1158,5.551115123125783e-17
1159,0.0
1160,0.0
1161,0.0
1162,0.0
1163,0.0
1164,0.0
1165,1.3877787807814457e-17
1166,1.1102230246251565e-16
1167,0.0
1168,1.1102230246251565e-16
1169,1.1102230246251565e-16
1170,0.0
1171,0.0
1172,0.0
1173,0.0
1174,5.637851296924623e-18
1175,0.0
1176,1.1102230246251565e-16
1177,1.1102230246251565e-16
1178,0.0
1179,0.0
1180,0.0
1181,1.1102230246251565e-16
1182,0.0
1183,6.938893903907228e-18
1184,0.0
1185,0.0
1186,2.220446049250313e-16
1187,0.0
1188,4.440892098500626e-16
1189,1.1102230246251565e-16
1190,5.551115123125783e-17
1191,8.881784197001252e-16
1192,1.1102230246251565e-16
1193,5.551115123125783e-17
1194,0.0
1195,4.163336342344337e-17
1196,0.0
1197,2.220446049250313e-16
1198,1.1102230246251565e-16
1199,2.7755575615628914e-17
1200,0.0
1201,0.0
1202,0.0
1203,8.673617379884035e-18
1204,5.551115123125783e-17
1205,1.1102230246251565e-16
1206,0.0
1207,0.0
1208,2.220446049250313e-16
1209,0.0
1210,0.0
1211,0.0
1212,2.220446049250313e-16
1213,1.1102230246251565e-16
1214,0.0
1215,1.1102230246251565e-16
1216,0.0
1217,1.1102230246251565e-16
1218,0.0
1219,0.0
1220,1.3877787807814457e-17
1221,5.551115123125783e-17
1222,1.1102230246251565e-16
1223,0.0
1224,0.0
1225,1.1102230246251565e-16
1226,1.1102230246251565e-16
1227,0.0
1228,5.551115123125783e-17
1229,0.0
1230,0.0
1231,0.0
1232,0.0
1233,1.3877787807814457e-17
1234,2.220446049250313e-16
1235,0.0
1236,0.0
1237,2.7755575615628914e-17
1238,0.0
1239,2.7755575615628914e-17
1240,1.1102230246251565e-16
1241,0.0
1242,2.220446049250313e-16
1243,0.0
1244,0.0
1245,0.0
1246,2.220446049250313e-16
1247,4.440892098500626e-16
1248,0.0
1249,0.0
1250,2.7755575615628914e-17
1251,0.0
1252,5.551115123125783e-17
1253,0.0
1254,0.0
1255,1.1102230246251565e-16
1256,0.0
1257,2.7755575615628914e-17
1258,1.1102230246251565e-16
1259,0.0
1260,0.0
1261,0.0
1262,6.938893903907228e-18
1263,0.0
1264,0.0
1265,4.163336342344337e-17
1266,0.0
1267,1.1102230246251565e-16
1268,2.220446049250313e-16
1269,0.0
1270,2.7755575615628914e-17
1271,0.0
1272,1.9949319973733282e-17
1273,0.0
1274,0.0
1275,0.0
1276,0.0
1277,0.0
1278,0.0
1279,0.0
1280,0.0
1281,1.3877787807814457e-17
1282,2.220446049250313e-16
1283,0.0
1284,0.0
1285,0.0
1286,3.469446951953614e-18
1287,0.0
1288,5.551115123125783e-17
1289,0.0
1290,0.0
1291,0.0
1292,1.1102230246251565e-16
1293,1.1102230246251565e-16
1294,0.0
1295,0.0
1296,1.214306433183765e-17
1297,0.0
1298,0.0
1299,2.220446049250313e-16
1300,0.0
1301,0.0
1302,2.220446049250313e-16
1303,8.326672684688674e-17
1304,0.0
1305,0.0
1306,5.551115123125783e-17
1307,2.0816681711721685e-17
1308,1.1102230246251565e-16
1309,0.0
1310,0.0
1311,1.1102230246251565e-16
1312,0.0
1313,2.220446049250313e-16
1314,5.551115123125783e-17
1315,0.0
1316,5.551115123125783e-17
1317,2.7755575615628914e-17
1318,2.7755575615628914e-17
1319,1.1102230246251565e-16
1320,0.0
1321,2.220446049250313e-16
1322,0.0
1323,0.0
1324,5.551115123125783e-17
1325,1.1102230246251565e-16
1326,0.0
1327,0.0
1328,0.0
1329,0.0
1330,1.1102230246251565e-16
1331,1.1102230246251565e-16
1332,0.0
1333,0.0
1334,0.0
1335,0.0
1336,0.0
1337,0.0
1338,0.0
1339,2.7755575615628914e-17
1340,0.0
1341,4.440892098500626e-16
1342,5.551115123125783e-17
1343,5.551115123125783e-17
1344,0.0
1345,0.0
1346,0.0
1347,2.7755575615628914e-17
1348,1.1102230246251565e-16
1349,0.0
1350,1.1102230246251565e-16
1351,0.0
1352,0.0
1353,1.1102230246251565e-16
1354,0.0
1355,0.0
1356,0.0
1357,5.551115123125783e-17
1358,0.0
1359,0.0
1360,0.0
1361,2.220446049250313e-16
1362,1.1102230246251565e-16
1363,0.0
1364,4.163336342344337e-17
1365,0.0
1366,0.0
1367,0.0
1368,0.0
1369,2.220446049250313e-16
1370,0.0
1371,3.469446951953614e-18
1372,0.0
1373,0.0
1374,2.7755575615628914e-17
1375,0.0
1376,0.0
1377,0.0
1378,5.551115123125783e-17
1379,6.938893903907228e-18
1380,0.0
1381,0.0
1382,0.0
1383,2.220446049250313e-16
1384,2.220446049250313e-16
1385,0.0
1386,0.0
1387,1.3877787807814457e-17
1388,1.3877787807814457e-17
1389,1.1102230246251565e-16
1390,6.938893903907228e-18
1391,0.0
1392,0.0
1393,1.1102230246251565e-16
1394,0.0
1395,0.0
1396,0.0
1397,1.1102230246251565e-16
1398,0.0
1399,0.0
1400,0.0
1401,0.0
1402,1.1102230246251565e-16
1403,0.0
1404,5.551115123125783e-17
1405,0.0
1406,2.7755575615628914e-17
1407,0.0
1408,1.1102230246251565e-16
1409,1.1102230246251565e-16
1410,0.0
1411,0.0
1412,7.632783294297951e-17
1413,0.0
1414,0.0
1415,0.0
1416,0.0
1417,1.1102230246251565e-16
1418,4.440892098500626e-16
1419,0.0
1420,2.220446049250313e-16
1421,0.0
1422,0.0
1423,0.0
1424,5.551115123125783e-17
1425,0.0
1426,4.440892098500626e-16
1427,0.0
1428,0.0
1429,0.0
1430,2.7755575615628914e-17
1431,0.0
1432,0.0
1433,1.1102230246251565e-16
1434,1.1102230246251565e-16
1435,0.0
1436,0.0
1437,0.0
1438,6.938893903907228e-18
1439,0.0
1440,4.440892098500626e-16
1441,0.0
1442,2.220446049250313e-16
1443,5.551115123125783e-17
1444,0.0
1445,4.440892098500626e-16
1446,0.0
1447,2.220446049250313e-16
1448,0.0
1449,0.0
1450,0.0
1451,0.0
1452,2.7755575615628914e-17
1453,0.0
1454,0.0
1455,0.0
1456,0.0
1457,0.0
1458,0.0
1459,5.551115123125783e-17
1460,1.3877787807814457e-17
1461,2.7755575615628914e-17
1462,0.0
1463,0.0
1464,1.1102230246251565e-16
1465,5.551115123125783e-17
1466,1.3877787807814457e-17
1467,0.0
1468,1.1102230246251565e-16
1469,1.1102230246251565e-16
1470,5.551115123125783e-17
1471,0.0
1472,5.551115123125783e-17
1473,0.0
1474,5.551115123125783e-17
1475,5.551115123125783e-17
1476,2.220446049250313e-16
1477,0.0
1478,0.0
1479,1.1102230246251565e-16
1480,0.0
1481,4.163336342344337e-17
1482,1.3877787807814457e-17
1483,1.1102230246251565e-16
1484,2.220446049250313e-16
1485,1.1102230246251565e-16
1486,0.0
1487,0.0
1488,0.0
1489,0.0
1490,2.220446049250313e-16
1491,1.1102230246251565e-16
1492,0.0
1493,1.1102230246251565e-16
1494,0.0
1495,0.0
1496,0.0
1497,0.0
1498,1.1102230246251565e-16
1499,5.551115123125783e-17
1500,5.551115123125783e-17
1501,0.0
1502,4.440892098500626e-16
1503,2.7755575615628914e-17
1504,0.0
1505,0.0
1506,0.0
1507,2.220446049250313e-16
1508,5.551115123125783e-17
1509,0.0
1510,0.0
1511,1.1102230246251565e-16
1512,0.0
1513,4.163336342344337e-17
1514,0.0
1515,2.220446049250313e-16
1516,0.0
1517,0.0
1518,1.734723475976807e-17
1519,4.163336342344337e-17
1520,0.0
1521,5.551115123125783e-17
1522,0.0
1523,0.0
1524,5.551115123125783e-17
1525,4.440892098500626e-16
1526,0.0
1527,0.0
1528,5.551115123125783e-17
1529,0.0
1530,2.7755575615628914e-17
1531,0.0
1532,2.220446049250313e-16
1533,0.0
1534,0.0
1535,0.0
1536,2.220446049250313e-16
1537,2.220446049250313e-16
1538,2.220446049250313e-16
1539,4.440892098500626e-16
1540,1.1102230246251565e-16
1541,0.0
1542,0.0
1543,0.0
1544,5.551115123125783e-17
1545,0.0
1546,3.469446951953614e-18
1547,1.1102230246251565e-16
1548,0.0
1549,0.0
1550,5.551115123125783e-17
1551,5.551115123125783e-17
1552,0.0
1553,5.551115123125783e-17
1554,0.0
1555,5.551115123125783e-17
1556,2.7755575615628914e-17
1557,2.7755575615628914e-17
1558,0.0
1559,0.0
1560,0.0
1561,0.0
1562,5.551115123125783e-17
1563,2.7755575615628914e-17
1564,1.1102230246251565e-16
1565,0.0
1566,0.0
1567,1.3877787807814457e-17
1568,0.0
1569,0.0
1570,0.0
1571,1.0408340855860843e-17
1572,1.3877787807814457e-17
1573,4.440892098500626e-16
1574,0.0
1575,1.1102230246251565e-16
1576,0.0
1577,1.1102230246251565e-16
1578,2.220446049250313e-16
1579,0.0
1580,5.551115123125783e-17
1581,5.551115123125783e-17
1582,0.0
1583,0.0
1584,5.551115123125783e-17
1585,0.0
1586,0.0
1587,2.5153490401663703e-17
1588,0.0
1589,1.1102230246251565e-16
1590,1.1102230246251565e-16
1591,0.0
1592,6.938893903907228e-18
1593,0.0
1594,1.1102230246251565e-16
1595,2.220446049250313e-16
1596,2.220446049250313e-16
1597,5.551115123125783e-17
1598,0.0
1599,6.938893903907228e-18
1600,2.7755575615628914e-17
1601,5.551115123125783e-17
1602,0.0
1603,0.0
1604,0.0
1605,0.0
1606,0.0
1607,0.0
1608,0.0
1609,2.7755575615628914e-17
1610,2.220446049250313e-16
1611,1.1102230246251565e-16
1612,0.0
1613,4.440892098500626e-16
1614,0.0
1615,5.551115123125783e-17
1616,0.0
1617,5.551115123125783e-17
1618,0.0
1619,2.7755575615628914e-17
1620,0.0
1621,5.551115123125783e-17
1622,0.0
1623,0.0
1624,0.0
1625,0.0
1626,4.440892098500626e-16
1627,2.220446049250313e-16
1628,2.220446049250313e-16
1629,0.0
1630,0.0
1631,0.0
1632,0.0
1633,0.0
1634,0.0
1635,0.0
1636,2.220446049250313e-16
1637,5.551115123125783e-17
1638,0.0
1639,0.0
1640,2.7755575615628914e-17
1641,0.0
1642,0.0
1643,0.0
1644,2.220446049250313e-16
1645,0.0
1646,0.0
1647,0.0
1648,1.1102230246251565e-16
1649,4.440892098500626e-16
1650,1.1102230246251565e-16
1651,0.0
1652,0.0
1653,4.440892098500626e-16
1654,0.0
1655,0.0
1656,0.0
1657,2.220446049250313e-16
1658,5.551115123125783e-17
1659,5.551115123125783e-17
1660,0.0
1661,0.0
1662,0.0
1663,1.1102230246251565e-16
1664,0.0
1665,5.551115123125783e-17
1666,0.0
1667,1.1102230246251565e-16
1668,1.7763568394002505e-15
1669,2.220446049250313e-16
1670,0.0
1671,5.551115123125783e-17
1672,0.0
1673,0.0
1674,0.0
1675,4.440892098500626e-16
1676,0.0
1677,1.1102230246251565e-16
1678,0.0
1679,1.3877787807814457e-17
1680,0.0
1681,0.0
1682,0.0
1683,4.440892098500626e-16
1684,5.551115123125783e-17
1685,2.220446049250313e-16
1686,0.0
1687,0.0
1688,4.440892098500626e-16
1689,0.0
1690,2.220446049250313e-16
1691,4.440892098500626e-16
1692,0.0
1693,0.0
1694,0.0
1695,2.220446049250313e-16
1696,8.326672684688674e-17
1697,1.1102230246251565e-16
1698,0.0
1699,0.0
1700,0.0
1701,2.220446049250313e-16
1702,5.551115123125783e-17
1703,1.1102230246251565e-16
1704,2.220446049250313e-16
1705,2.220446049250313e-16
1706,0.0
1707,4.440892098500626e-16
1708,0.0
1709,2.7755575615628914e-17
1710,0.0
1711,0.0
1712,0.0
1713,0.0
1714,4.440892098500626e-16
1715,0.0
1716,0.0
1717,5.551115123125783e-17
1718,0.0
1719,0.0
1720,0.0
1721,5.551115123125783e-17
1722,0.0
1723,0.0
1724,5.551115123125783e-17
1725,0.0
1726,0.0
1727,0.0
1728,0.0
1729,0.0
1730,0.0
1731,0.0
1732,4.440892098500626e-16
1733,1.1102230246251565e-16
1734,0.0
1735,0.0
1736,0.0
1737,1.3877787807814457e-17
1738,0.0
1739,0.0
1740,4.440892098500626e-16
1741,2.7755575615628914e-17
1742,0.0
1743,0.0
1744,0.0
1745,2.0816681711721685e-17
1746,5.204170427930421e-18
1747,0.0
1748,0.0
1749,4.440892098500626e-16
1750,0.0
1751,0.0
1752,0.0
1753,0.0
1754,3.469446951953614e-17
1755,0.0
1756,0.0
1757,0.0
1758,0.0
1759,0.0
1760,0.0
1761,4.440892098500626e-16
1762,0.0
1763,1.1102230246251565e-16
1764,0.0
1765,0.0
1766,0.0
1767,0.0
1768,6.938893903907228e-17
1769,2.220446049250313e-16
1770,1.1102230246251565e-16
1771,0.0
1772,1.1102230246251565e-16
1773,4.163336342344337e-17
1774,0.0
1775,0.0
1776,1.3877787807814457e-17
1777,0.0
1778,1.1102230246251565e-16
1779,0.0
1780,0.0
1781,2.220446049250313e-16
1782,6.938893903907228e-18
1783,1.3877787807814457e-17
1784,5.551115123125783e-17
1785,0.0
1786,0.0
1787,2.7755575615628914e-17
1788,1.1102230246251565e-16
1789,0.0
1790,1.1102230246251565e-16
1791,8.881784197001252e-16
1792,2.220446049250313e-16
1793,0.0
1794,5.551115123125783e-17
1795,0.0
1796,0.0
1797,0.0
1798,5.551115123125783e-17
1799,2.220446049250313e-16
1800,0.0
1801,5.551115123125783e-17
1802,2.7755575615628914e-17
1803,6.938893903907228e-18
1804,0.0
1805,1.1102230246251565e-16
1806,1.1102230246251565e-16
1807,0.0
1808,0.0
1809,2.7755575615628914e-17
1810,1.1102230246251565e-16
1811,1.3877787807814457e-17
1812,1.1102230246251565e-16
1813,6.982261990806649e-17
1814,0.0
1815,1.1102230246251565e-16
1816,1.1102230246251565e-16
1817,4.163336342344337e-17
1818,5.551115123125783e-17
1819,0.0
1820,0.0
1821,0.0
1822,2.220446049250313e-16
1823,0.0
1824,1.1102230246251565e-16
1825,0.0
1826,0.0
1827,0.0
1828,0.0
1829,0.0
1830,0.0
1831,0.0
1832,5.551115123125783e-17
1833,0.0
1834,1.1102230246251565e-16
1835,0.0
1836,0.0
1837,0.0
1838,0.0
1839,1.3877787807814457e-17
1840,0.0
1841,0.0
1842,0.0
1843,5.551115123125783e-17
1844,0.0
1845,0.0
1846,4.440892098500626e-16
1847,1.1102230246251565e-16
1848,0.0
1849,0.0
1850,1.1102230246251565e-16
1851,0.0
1852,2.7755575615628914e-17
1853,1.1102230246251565e-16
1854,0.0
1855,0.0
1856,3.469446951953614e-18
1857,5.551115123125783e-17
1858,2.220446049250313e-16
1859,0.0
1860,1.1102230246251565e-16
1861,0.0
1862,1.1102230246251565e-16
1863,4.440892098500626e-16
1864,0.0
1865,0.0
1866,0.0
1867,0.0
1868,0.0
1869,0.0
1870,0.0
1871,0.0
1872,2.7755575615628914e-17
1873,1.1102230246251565e-16
1874,0.0
1875,0.0
1876,0.0
1877,6.938893903907228e-18
1878,2.220446049250313e-16
1879,0.0
1880,1.1102230246251565e-16
1881,0.0
1882,0.0
1883,0.0
1884,0.0
1885,2.220446049250313e-16
1886,2.220446049250313e-16
1887,6.938893903907228e-18
1888,1.1102230246251565e-16
1889,0.0
1890,0.0
1891,0.0
1892,0.0
1893,2.7755575615628914e-17
1894,0.0
1895,2.220446049250313e-16
1896,2.7755575615628914e-17
1897,0.0
1898,0.0
1899,4.440892098500626e-16
1900,0.0
1901,0.0
1902,2.220446049250313e-16
1903,2.220446049250313e-16
1904,0.0
1905,2.7755575615628914e-17
1906,0.0
1907,0.0
1908,2.7755575615628914e-17
1909,0.0
1910,5.551115123125783e-17
1911,0.0
1912,0.0
1913,0.0
1914,0.0
1915,0.0
1916,1.1102230246251565e-16
1917,1.1102230246251565e-16
1918,0.0
1919,8.881784197001252e-16
1920,2.7755575615628914e-17
1921,0.0
1922,0.0
1923,1.1102230246251565e-16
1924,5.551115123125783e-17
1925,0.0
1926,1.1102230246251565e-16
1927,5.551115123125783e-17
1928,4.440892098500626e-16
1929,0.0
1930,1.3877787807814457e-17
1931,0.0
1932,0.0
1933,0.0
1934,2.7755575615628914e-17
1935,1.1102230246251565e-16
1936,0.0
1937,0.0
1938,2.6020852139652106e-17
1939,2.220446049250313e-16
1940,0.0
1941,0.0
1942,0.0
1943,0.0
1944,0.0
1945,2.220446049250313e-16
1946,1.1102230246251565e-16
1947,1.3877787807814457e-17
1948,2.220446049250313e-16
1949,0.0
1950,0.0
1951,0.0
1952,0.0
1953,0.0
1954,2.220446049250313e-16
1955,0.0
1956,0.0
1957,0.0
1958,2.220446049250313e-16
1959,0.0
1960,1.1102230246251565e-16
1961,5.551115123125783e-17
1962,2.220446049250313e-16
1963,5.551115123125783e-17
1964,0.0
1965,0.0
1966,0.0
1967,1.1102230246251565e-16
1968,0.0
1969,0.0
1970,5.551115123125783e-17
1971,0.0
1972,0.0
1973,5.551115123125783e-17
1974,1.1102230246251565e-16
1975,0.0
1976,2.220446049250313e-16
1977,1.3877787807814457e-17
1978,0.0
1979,5.551115123125783e-17
1980,0.0
1981,6.245004513516506e-17
1982,1.1102230246251565e-16
1983,2.7755575615628914e-17
1984,2.220446049250313e-16
1985,0.0
1986,0.0
1987,0.0
1988,1.1102230246251565e-16
1989,1.1102230246251565e-16
1990,2.220446049250313e-16
1991,4.440892098500626e-16
1992,0.0
1993,2.7755575615628914e-17
1994,0.0
1995,0.0
1996,0.0
1997,2.220446049250313e-16
1998,5.551115123125783e-17
1999,0.0
2000,1.1102230246251565e-16
2001,0.0
2002,0.0
2003,5.551115123125783e-17
2004,0.0
2005,0.0
2006,1.1102230246251565e-16
2007,0.0
2008,1.1102230246251565e-16
2009,0.0
2010,1.1102230246251565e-16
2011,0.0
2012,2.7755575615628914e-17
2013,0.0
2014,2.220446049250313e-16
2015,0.0
2016,0.0
2017,5.551115123125783e-17
2018,1.1102230246251565e-16
2019,5.551115123125783e-17
2020,0.0
2021,0.0
2022,0.0
2023,4.440892098500626e-16
2024,0.0
2025,0.0
2026,2.220446049250313e-16
2027,2.220446049250313e-16
2028,2.220446049250313e-16
2029,5.551115123125783e-17
2030,0.0
2031,2.220446049250313e-16
2032,0.0
2033,5.551115123125783e-17
2034,0.0
2035,0.0
2036,4.440892098500626e-16
2037,1.3877787807814457e-17
2038,0.0
2039,5.551115123125783e-17
2040,1.1102230246251565e-16
2041,0.0
2042,6.938893903907228e-18
2043,4.440892098500626e-16
2044,1.1102230246251565e-16
2045,5.551115123125783e-17
2046,1.3877787807814457e-17
2047,0.0
2048,0.0
2049,2.220446049250313e-16
2050,0.0
2051,0.0
2052,4.440892098500626e-16
2053,2.7755575615628914e-17
2054,0.0
2055,5.551115123125783e-17
2056,0.0
2057,1.3877787807814457e-17
2058,2.220446049250313e-16
2059,0.0
2060,0.0
2061,1.1102230246251565e-16
2062,0.0
2063,0.0
2064,0.0
2065,0.0
2066,0.0
2067,1.3877787807814457e-17
2068,0.0
2069,1.1102230246251565e-16
2070,5.551115123125783e-17
2071,5.551115123125783e-17
2072,3.469446951953614e-18
2073,0.0
2074,2.220446049250313e-16
2075,0.0
2076,0.0
2077,5.551115123125783e-17
2078,0.0
2079,0.0
2080,0.0
2081,0.0
2082,2.220446049250313e-16
2083,5.551115123125783e-17
2084,0.0
2085,0.0
2086,3.469446951953614e-18
2087,2.220446049250313e-16
2088,0.0
2089,0.0
2090,0.0
2091,5.551115123125783e-17
2092,0.0
2093,0.0
2094,2.220446049250313e-16
2095,0.0
2096,0.0
2097,1.1102230246251565e-16
2098,0.0
2099,1.2836953722228372e-16
2100,0.0
2101,8.881784197001252e-16
2102,9.71445146547012e-17
2103,5.551115123125783e-17
2104,0.0
2105,2.220446049250313e-16
2106,2.0816681711721685e-17
2107,1.8041124150158794e-16
2108,2.7755575615628914e-17
2109,1.1102230246251565e-16
2110,2.220446049250313e-16
2111,0.0
2112,2.220446049250313e-16
2113,5.551115123125783e-17
2114,0.0
2115,2.220446049250313e-16
2116,0.0
2117,0.0
2118,1.1102230246251565e-16
2119,0.0
2120,4.163336342344337e-17
2121,2.220446049250313e-16
2122,2.220446049250313e-16
2123,0.0
2124,0.0
2125,2.220446049250313e-16
2126,0.0
2127,2.7755575615628914e-17
2128,1.1102230246251565e-16
2129,2.220446049250313e-16
2130,2.220446049250313e-16
2131,1.1102230246251565e-16
2132,1.4094628242311558e-18
2133,2.220446049250313e-16
2134,6.938893903907228e-18
2135,0.0
2136,0.0
2137,0.0
2138,2.220446049250313e-16
2139,0.0
2140,0.0
2141,0.0
2142,0.0
2143,1.1102230246251565e-16
2144,0.0
2145,0.0
2146,0.0
2147,1.1102230246251565e-16
2148,1.1102230246251565e-16
2149,2.220446049250313e-16
2150,1.3877787807814457e-17
2151,2.220446049250313e-16
2152,0.0
2153,0.0
2154,0.0
2155,0.0
2156,0.0
2157,5.551115123125783e-17
2158,0.0
2159,0.0
2160,5.551115123125783e-17
2161,1.1102230246251565e-16
2162,0.0
2163,0.0
2164,0.0
2165,0.0
2166,5.551115123125783e-17
2167,1.3877787807814457e-17
2168,0.0
2169,0.0
2170,5.551115123125783e-17
2171,2.220446049250313e-16
2172,0.0
2173,0.0
2174,0.0
2175,2.220446049250313e-16
2176,6.938893903907228e-18
2177,0.0
2178,0.0
2179,4.440892098500626e-16
2180,0.0
2181,6.938893903907228e-18
2182,1.3877787807814457e-17
2183,1.1102230246251565e-16
2184,1.1102230246251565e-16
2185,0.0
2186,0.0
2187,0.0
2188,0.0
2189,2.220446049250313e-16
2190,0.0
2191,5.551115123125783e-17
2192,2.220446049250313e-16
2193,2.7755575615628914e-17
2194,0.0
2195,0.0
2196,0.0
2197,4.163336342344337e-17
2198,0.0
2199,1.1102230246251565e-16
2200,0.0
2201,1.1102230246251565e-16
2202,1.1102230246251565e-16
2203,2.7755575615628914e-17
2204,2.220446049250313e-16
2205,0.0
2206,0.0
2207,0.0
2208,1.1102230246251565e-16
2209,5.551115123125783e-17
2210,5.551115123125783e-17
2211,0.0
2212,0.0
2213,6.765421556309548e-17
2214,0.0
2215,4.440892098500626e-16
2216,0.0
2217,1.1102230246251565e-16
2218,2.7755575615628914e-17
2219,0.0
2220,1.3877787807814457e-17
2221,1.1102230246251565e-16
2222,5.551115123125783e-17
2223,1.1102230246251565e-16
2224,0.0
2225,0.0
2226,4.440892098500626e-16
2227,0.0
2228,0.0
2229,0.0
2230,2.42861286636753e-17
2231,0.0
2232,4.440892098500626e-16
2233,0.0
2234,0.0
2235,0.0
2236,4.440892098500626e-16
2237,0.0
2238,0.0
2239,1.1102230246251565e-16
2240,2.7755575615628914e-17
2241,2.7755575615628914e-17
2242,0.0
2243,0.0
2244,1.0408340855860843e-17
2245,0.0
2246,8.673617379884035e-19
2247,0.0
2248,1.3010426069826053e-18
2249,0.0
2250,5.551115123125783e-17
2251,2.220446049250313e-16
2252,5.551115123125783e-17
2253,0.0
2254,0.0
2255,0.0
2256,0.0
2257,0.0
2258,2.220446049250313e-16
2259,0.0
2260,1.1102230246251565e-16
2261,2.220446049250313e-16
2262,0.0
2263,1.3877787807814457e-17
2264,2.220446049250313e-16
2265,2.220446049250313e-16
2266,4.440892098500626e-16
2267,2.220446049250313e-16
2268,0.0
2269,5.551115123125783e-17
2270,0.0
2271,0.0
2272,1.1102230246251565e-16
2273,1.1102230246251565e-16
2274,0.0
2275,0.0
2276,2.220446049250313e-16
2277,4.440892098500626e-16
2278,0.0
2279,0.0
2280,0.0
2281,0.0
2282,2.220446049250313e-16
2283,0.0
2284,0.0
2285,0.0
2286,3.3306690738754696e-16
2287,0.0
2288,2.220446049250313e-16
2289,0.0
2290,0.0
2291,1.1102230246251565e-16
2292,0.0
2293,0.0
2294,5.551115123125783e-17
2295,0.0
2296,0.0
2297,0.0
2298,5.551115123125783e-17
2299,0.0
2300,0.0
2301,0.0
2302,0.0
2303,1.1102230246251565e-16
2304,0.0
2305,0.0
2306,5.551115123125783e-17
2307,0.0
2308,3.469446951953614e-17
2309,8.881784197001252e-16
2310,2.220446049250313e-16
2311,2.7755575615628914e-17
2312,2.220446049250313e-16
2313,0.0
2314,0.0
2315,2.220446049250313e-16
2316,0.0
2317,1.1102230246251565e-16
2318,0.0
2319,4.440892098500626e-16
2320,0.0
2321,0.0
2322,0.0
2323,1.1102230246251565e-16
2324,5.551115123125783e-17
2325,2.7755575615628914e-17
2326,0.0
2327,0.0
2328,0.0
2329,4.440892098500626e-16
2330,0.0
2331,2.220446049250313e-16
2332,0.0
2333,1.3877787807814457e-17
2334,1.1102230246251565e-16
2335,0.0
2336,0.0
2337,1.3877787807814457e-17
2338,0.0
2339,6.661338147750939e-16
2340,0.0
2341,1.1102230246251565e-16
2342,2.7755575615628914e-17
2343,1.1102230246251565e-16
2344,0.0
2345,2.220446049250313e-16
2346,1.1102230246251565e-16
2347,0.0
2348,1.1102230246251565e-16
2349,5.551115123125783e-17
2350,2.220446049250313e-16
2351,0.0
2352,0.0
2353,0.0
2354,0.0
2355,0.0
2356,0.0
2357,0.0
2358,0.0
2359,2.220446049250313e-16
2360,0.0
2361,1.1102230246251565e-16
2362,2.220446049250313e-16
2363,0.0
2364,1.1102230246251565e-16
2365,0.0
2366,0.0
2367,0.0
2368,0.0
2369,0.0
2370,2.220446049250313e-16
2371,0.0
2372,0.0
2373,0.0
2374,5.551115123125783e-17
2375,5.551115123125783e-17
2376,0.0
2377,2.220446049250313e-16
2378,0.0
2379,2.220446049250313e-16
2380,2.220446049250313e-16
2381,8.326672684688674e-17
2382,0.0
2383,2.220446049250313e-16
2384,0.0
2385,0.0
2386,0.0
2387,1.3877787807814457e-16
2388,4.440892098500626e-16
2389,0.0
2390,2.7755575615628914e-17
2391,0.0
2392,0.0
2393,0.0
2394,6.245004513516506e-17
2395,0.0
2396,0.0
2397,1.6653345369377348e-16
2398,2.220446049250313e-16
2399,8.673617379884035e-18
2400,1.3877787807814457e-17
2401,1.1102230246251565e-16
2402,0.0
2403,0.0
2404,0.0
2405,0.0
2406,2.7755575615628914e-17
2407,1.1102230246251565e-16
2408,0.0
2409,0.0
2410,4.440892098500626e-16
2411,5.551115123125783e-17
2412,2.220446049250313e-16
2413,0.0
2414,1.1102230246251565e-16
2415,0.0
2416,0.0
2417,2.220446049250313e-16
2418,2.7755575615628914e-17
2419,1.7763568394002505e-15
2420,1.1102230246251565e-16
2421,1.1102230246251565e-16
2422,0.0
2423,0.0
2424,0.0
2425,0.0
2426,1.1102230246251565e-16
2427,0.0
2428,0.0
2429,4.440892098500626e-16
2430,0.0
2431,1.1102230246251565e-16
2432,0.0
2433,0.0
2434,1.1102230246251565e-16
2435,0.0
2436,0.0
2437,0.0
2438,0.0
2439,0.0
2440,0.0
2441,0.0
2442,0.0
2443,2.220446049250313e-16
2444,2.0816681711721685e-17
2445,3.469446951953614e-18
2446,0.0
2447,6.938893903907228e-18
2448,0.0
2449,4.440892098500626e-16
2450,2.7755575615628914e-17
2451,0.0
2452,0.0
2453,1.1102230246251565e-16
2454,0.0
2455,0.0
2456,1.1102230246251565e-16
2457,0.0
2458,1.1102230246251565e-16
2459,2.220446049250313e-16
2460,0.0
2461,5.551115123125783e-17
2462,2.220446049250313e-16
2463,2.7755575615628914e-17
2464,4.440892098500626e-16
2465,0.0
2466,0.0
2467,2.220446049250313e-16
2468,0.0
2469,0.0
2470,0.0
2471,4.440892098500626e-16
2472,0.0
2473,2.220446049250313e-16
2474,0.0
2475,0.0
2476,2.220446049250313e-16
2477,0.0
2478,1.1102230246251565e-16
2479,0.0
2480,1.1102230246251565e-16
2481,5.551115123125783e-17
2482,0.0
2483,2.220446049250313e-16
2484,0.0
2485,4.440892098500626e-16
2486,5.551115123125783e-17
2487,0.0
2488,0.0
2489,0.0
2490,0.0
2491,0.0
2492,8.326672684688674e-17
2493,0.0
2494,0.0
2495,1.1102230246251565e-16
2496,0.0
2497,0.0
2498,0.0
2499,0.0
2500,1.1102230246251565e-16
2501,0.0
2502,0.0
2503,2.7755575615628914e-17
2504,0.0
2505,0.0
2506,0.0
2507,2.7755575615628914e-17
2508,0.0
2509,0.0
2510,0.0
2511,1.1102230246251565e-16
2512,0.0
2513,0.0
2514,0.0
2515,0.0
2516,0.0
2517,4.163336342344337e-17
2518,0.0
2519,1.1102230246251565e-16
2520,4.440892098500626e-16
2521,0.0
2522,0.0
2523,8.881784197001252e-16
2524,0.0
2525,3.122502256758253e-17
2526,2.220446049250313e-16
2527,1.0408340855860843e-17
2528,2.7755575615628914e-17
2529,0.0
2530,0.0
2531,0.0
2532,0.0
2533,0.0
2534,0.0
2535,4.440892098500626e-16
2536,2.220446049250313e-16
2537,0.0
2538,5.551115123125783e-17
2539,0.0
2540,1.1102230246251565e-16
2541,2.220446049250313e-16
2542,4.440892098500626e-16
2543,1.1102230246251565e-16
2544,1.1102230246251565e-16
2545,4.440892098500626e-16
2546,0.0
2547,1.1102230246251565e-16
2548,2.7755575615628914e-17
2549,0.0
2550,1.1102230246251565e-16
2551,0.0
2552,0.0
2553,0.0
2554,0.0
2555,0.0
2556,4.440892098500626e-16
2557,0.0
2558,0.0
2559,0.0
2560,2.220446049250313e-16
2561,0.0
2562,5.551115123125783e-17
2563,5.551115123125783e-17
2564,1.1102230246251565e-16
2565,2.220446049250313e-16
2566,1.0408340855860843e-17
2567,5.551115123125783e-17
2568,0.0
2569,0.0
2570,0.0
2571,4.440892098500626e-16
2572,0.0
2573,0.0
2574,0.0
2575,0.0
2576,0.0
2577,5.551115123125783e-17
2578,0.0
2579,0.0
2580,0.0
2581,2.7755575615628914e-17
2582,5.551115123125783e-17
2583,1.1102230246251565e-16
2584,2.220446049250313e-16
2585,0.0
2586,0.0
2587,2.220446049250313e-16
2588,0.0
2589,2.7755575615628914e-17
2590,0.0
2591,1.1102230246251565e-16
2592,1.3877787807814457e-17
2593,0.0
2594,0.0
2595,4.440892098500626e-16
2596,0.0
2597,1.1102230246251565e-16
2598,2.220446049250313e-16
2599,0.0
2600,0.0
2601,1.1102230246251565e-16
2602,0.0
2603,0.0
2604,2.220446049250313e-16
2605,0.0
2606,0.0
2607,0.0
2608,5.551115123125783e-17
2609,0.0
2610,0.0
2611,0.0
2612,2.220446049250313e-16
2613,0.0
2614,4.5102810375396984e-17
2615,1.1102230246251565e-16
2616,0.0
2617,2.220446049250313e-16
2618,0.0
2619,2.220446049250313e-16
2620,5.551115123125783e-17
2621,0.0
2622,1.1102230246251565e-16
2623,6.938893903907228e-18
2624,0.0
2625,0.0
2626,0.0
2627,1.1102230246251565e-16
2628,5.204170427930421e-18
2629,0.0
2630,2.7755575615628914e-17
2631,1.1102230246251565e-16
2632,2.220446049250313e-16
2633,1.1102230246251565e-16
2634,2.7755575615628914e-17
2635,0.0
2636,2.7755575615628914e-17
2637,0.0
2638,4.163336342344337e-17
2639,0.0
2640,0.0
2641,1.1102230246251565e-16
2642,1.6653345369377348e-16
2643,2.220446049250313e-16
2644,1.3877787807814457e-16
2645,2.220446049250313e-16
2646,1.1709383462843448e-17
2647,2.220446049250313e-16
2648,0.0
2649,2.220446049250313e-16
2650,2.220446049250313e-16
2651,0.0
2652,0.0
2653,0.0
2654,0.0
2655,8.673617379884035e-18
2656,4.163336342344337e-17
2657,1.1102230246251565e-16
2658,5.551115123125783e-17
2659,1.1102230246251565e-16
2660,0.0
2661,4.2327252813834093e-16
2662,0.0
2663,0.0
2664,5.551115123125783e-17
2665,1.3064636178450328e-17
2666,0.0
2667,0.0
2668,0.0
2669,0.0
2670,0.0
2671,5.551115123125783e-17
2672,2.220446049250313e-16
2673,0.0
2674,0.0
2675,0.0
2676,0.0
2677,5.551115123125783e-17
2678,0.0
2679,2.220446049250313e-16
2680,1.6653345369377348e-16
2681,4.163336342344337e-17
2682,0.0
2683,0.0
2684,2.220446049250313e-16
2685,0.0
2686,2.7755575615628914e-17
2687,1.1102230246251565e-16
2688,2.220446049250313e-16
2689,0.0
2690,5.551115123125783e-17
2691,0.0
2692,1.0408340855860843e-16
2693,0.0
2694,0.0
2695,0.0
2696,0.0
2697,0.0
2698,5.551115123125783e-17
2699,2.7755575615628914e-17
2700,4.440892098500626e-16
2701,0.0
2702,1.1102230246251565e-16
2703,0.0
2704,2.220446049250313e-16
2705,5.551115123125783e-17
2706,2.220446049250313e-16
2707,0.0
2708,5.551115123125783e-17
2709,1.1102230246251565e-16
2710,0.0
2711,0.0
2712,0.0
2713,0.0
2714,5.551115123125783e-17
2715,5.551115123125783e-17
2716,0.0
2717,0.0
2718,1.1102230246251565e-16
2719,0.0
2720,0.0
2721,1.1102230246251565e-16
2722,0.0
2723,2.220446049250313e-16
2724,2.220446049250313e-16
2725,0.0
2726,1.3877787807814457e-17
2727,1.3877787807814457e-17
2728,2.220446049250313e-16
2729,0.0
2730,0.0
2731,0.0
2732,0.0
2733,0.0
2734,0.0
2735,0.0
2736,5.551115123125783e-17
2737,5.551115123125783e-17
2738,4.440892098500626e-16
2739,2.220446049250313e-16
2740,0.0
2741,2.220446049250313e-16
2742,1.1102230246251565e-16
2743,0.0
2744,0.0
2745,1.1102230246251565e-16
2746,0.0
2747,0.0
2748,0.0
2749,0.0
2750,1.1102230246251565e-16
2751,4.440892098500626e-16
2752,0.0
2753,0.0
2754,6.938893903907228e-18
2755,1.1102230246251565e-16
2756,0.0
2757,0.0
2758,1.1102230246251565e-16
2759,0.0
2760,0.0
2761,0.0
2762,0.0
2763,4.85722573273506e-17
2764,4.440892098500626e-16
2765,2.220446049250313e-16
2766,1.1102230246251565e-16
2767,0.0
2768,1.1102230246251565e-16
2769,0.0
2770,2.7755575615628914e-17
2771,0.0
2772,0.0
2773,0.0
2774,0.0
2775,2.7755575615628914e-17
2776,5.204170427930421e-18
2777,2.7755575615628914e-17
2778,0.0
2779,1.3877787807814457e-17
2780,2.7755575615628914e-17
2781,1.1102230246251565e-16
2782,2.220446049250313e-16
2783,2.7755575615628914e-17
2784,1.1102230246251565e-16
2785,1.1102230246251565e-16
2786,1.1102230246251565e-16
2787,0.0
2788,0.0
2789,0.0
2790,5.551115123125783e-17
2791,0.0
2792,1.1102230246251565e-16
2793,0.0
2794,0.0
2795,0.0
2796,0.0
2797,0.0
2798,0.0
2799,0.0
2800,4.163336342344337e-17
2801,0.0
2802,5.551115123125783e-17
2803,0.0
2804,0.0
2805,0.0
2806,5.551115123125783e-17
2807,1.1102230246251565e-16
2808,2.220446049250313e-16
2809,2.220446049250313e-16
2810,0.0
2811,0.0
2812,1.1102230246251565e-16
2813,2.220446049250313e-16
2814,4.440892098500626e-16
2815,0.0
2816,4.440892098500626e-16
2817,1.1102230246251565e-16
2818,2.7755575615628914e-17
2819,4.440892098500626e-16
2820,4.440892098500626e-16
2821,0.0
2822,0.0
2823,1.1102230246251565e-16
2824,4.440892098500626e-16
2825,2.220446049250313e-16
2826,1.1102230246251565e-16
2827,0.0
2828,5.551115123125783e-17
2829,0.0
2830,1.1102230246251565e-16
2831,0.0
2832,0.0
2833,2.220446049250313e-16
2834,0.0
2835,0.0
2836,1.3877787807814457e-17
2837,1.1102230246251565e-16
2838,0.0
2839,0.0
2840,0.0
2841,0.0
2842,0.0
2843,1.1102230246251565e-16
2844,1.1102230246251565e-16
2845,0.0
2846,0.0
2847,0.0
2848,0.0
2849,2.7755575615628914e-17
2850,2.7755575615628914e-17
2851,1.6653345369377348e-16
2852,0.0
2853,0.0
2854,2.220446049250313e-16
2855,0.0
2856,0.0
2857,0.0
2858,0.0
2859,1.1102230246251565e-16
2860,0.0
2861,0.0
2862,0.0
2863,0.0
2864,0.0
2865,5.551115123125783e-17
2866,0.0
2867,5.551115123125783e-17
2868,0.0
2869,0.0
2870,0.0
2871,5.551115123125783e-17
2872,0.0
2873,6.938893903907228e-18
2874,2.220446049250313e-16
2875,0.0
2876,1.1102230246251565e-16
2877,1.1102230246251565e-16
2878,1.1102230246251565e-16
2879,0.0
2880,0.0
2881,2.220446049250313e-16
2882,0.0
2883,0.0
2884,0.0
2885,0.0
2886,2.220446049250313e-16
2887,5.551115123125783e-17
2888,0.0
2889,0.0
2890,1.1102230246251565e-16
2891,0.0
2892,0.0
2893,0.0
2894,0.0
2895,5.551115123125783e-17
2896,0.0
2897,4.440892098500626e-16
2898,1.1102230246251565e-16
2899,2.7755575615628914e-17
2900,0.0
2901,1.1102230246251565e-16
2902,0.0
2903,1.1102230246251565e-16
2904,0.0
2905,0.0
2906,4.440892098500626e-16
2907,0.0
2908,2.0816681711721685e-17
2909,2.7755575615628914e-17
2910,1.3877787807814457e-17
2911,0.0
2912,0.0
2913,0.0
2914,0.0
2915,4.440892098500626e-16
2916,0.0
2917,5.551115123125783e-17
2918,0.0
2919,0.0
2920,0.0
2921,0.0
2922,5.551115123125783e-17
2923,0.0
2924,0.0
2925,1.3877787807814457e-17
2926,0.0
2927,2.220446049250313e-16
2928,1.1102230246251565e-16
2929,0.0
2930,0.0
2931,0.0
2932,8.881784197001252e-16
2933,0.0
2934,2.220446049250313e-16
2935,0.0
2936,0.0
2937,0.0
2938,2.220446049250313e-16
2939,2.7755575615628914e-17
2940,1.1102230246251565e-16
2941,0.0
2942,2.220446049250313e-16
2943,5.551115123125783e-17
2944,2.220446049250313e-16
2945,0.0
2946,8.881784197001252e-16
2947,2.220446049250313e-16
2948,0.0
2949,1.1102230246251565e-16
2950,1.1102230246251565e-16
2951,0.0
2952,0.0
2953,2.7755575615628914e-17
2954,0.0
2955,0.0
2956,0.0
2957,0.0
2958,2.7755575615628914e-17
2959,8.881784197001252e-16
2960,0.0
2961,0.0
2962,0.0
2963,5.551115123125783e-17
2964,0.0
2965,0.0
2966,0.0
2967,0.0
2968,8.881784197001252e-16
2969,0.0
2970,0.0
2971,5.551115123125783e-17
2972,0.0
2973,5.551115123125783e-17
2974,0.0
2975,0.0
2976,4.440892098500626e-16
2977,0.0
2978,0.0
2979,1.1102230246251565e-16
2980,0.0
2981,0.0
2982,0.0
2983,0.0
2984,2.220446049250313e-16
2985,1.1102230246251565e-16
2986,0.0
2987,1.3877787807814457e-16
2988,2.220446049250313e-16
2989,0.0
2990,0.0
2991,0.0
2992,0.0
2993,0.0
2994,2.220446049250313e-16
2995,2.220446049250313e-16
2996,0.0
2997,0.0
2998,2.220446049250313e-16
2999,0.0
3000,2.220446049250313e-16
3001,2.220446049250313e-16
3002,0.0
3003,0.0
3004,0.0
3005,1.1102230246251565e-16
3006,0.0
3007,0.0
3008,1.1102230246251565e-16
3009,0.0
3010,0.0
3011,0.0
3012,0.0
3013,0.0
3014,0.0
3015,1.734723475976807e-18
3016,0.0
3017,1.1102230246251565e-16
3018,0.0
3019,3.469446951953614e-18
3020,0.0
3021,0.0
3022,0.0
3023,0.0
3024,0.0
3025,5.551115123125783e-17
3026,5.551115123125783e-17
3027,0.0
3028,2.220446049250313e-16
3029,0.0
3030,0.0
3031,0.0
3032,2.220446049250313e-16
3033,0.0
3034,0.0
3035,0.0
3036,0.0
3037,1.3877787807814457e-17
3038,4.440892098500626e-16
3039,1.1102230246251565e-16
3040,0.0
3041,2.7755575615628914e-17
3042,0.0
3043,0.0
3044,0.0
3045,5.551115123125783e-17
3046,0.0
3047,0.0
3048,0.0
3049,1.1102230246251565e-16
3050,0.0
3051,2.220446049250313e-16
3052,2.7755575615628914e-17
3053,5.551115123125783e-17
3054,2.220446049250313e-16
3055,1.1102230246251565e-16
3056,4.440892098500626e-16
3057,0.0
3058,4.440892098500626e-16
3059,4.440892098500626e-16
3060,0.0
3061,8.881784197001252e-16
3062,1.1102230246251565e-16
3063,5.551115123125783e-17
3064,2.7755575615628914e-17
3065,0.0
3066,2.220446049250313e-16
3067,6.938893903907228e-18
3068,4.440892098500626e-16
3069,2.7755575615628914e-17
3070,1.1102230246251565e-16
3071,2.7755575615628914e-17
3072,2.220446049250313e-16
3073,1.1102230246251565e-16
3074,1.1102230246251565e-16
3075,0.0
3076,1.1102230246251565e-16
3077,5.551115123125783e-17
3078,6.938893903907228e-17
3079,1.1102230246251565e-16
3080,0.0
3081,0.0
3082,0.0
3083,0.0
3084,0.0
3085,2.7755575615628914e-17
3086,5.551115123125783e-17
3087,0.0
3088,1.1102230246251565e-16
3089,0.0
3090,0.0
3091,0.0
3092,0.0
3093,2.7755575615628914e-17
3094,2.220446049250313e-16
3095,2.220446049250313e-16
3096,0.0
3097,0.0
3098,5.551115123125783e-17
3099,1.1102230246251565e-16
3100,5.551115123125783e-17
3101,0.0
3102,1.1102230246251565e-16
3103,0.0
3104,2.7755575615628914e-17
3105,2.7755575615628914e-17
3106,0.0
3107,0.0
3108,0.0
3109,1.3877787807814457e-17
3110,2.7755575615628914e-17
3111,0.0
3112,0.0
3113,0.0
3114,0.0
3115,0.0
3116,1.1102230246251565e-16
3117,0.0
3118,8.326672684688674e-17
3119,8.326672684688674e-17
3120,0.0
3121,5.551115123125783e-17
3122,2.220446049250313e-16
3123,4.440892098500626e-16
3124,0.0
3125,0.0
3126,4.440892098500626e-16
3127,1.6653345369377348e-16
3128,5.551115123125783e-17
3129,0.0
3130,0.0
3131,0.0
3132,0.0
3133,2.220446049250313e-16
3134,1.1102230246251565e-16
3135,0.0
3136,8.673617379884035e-19
3137,1.1102230246251565e-16
3138,1.1102230246251565e-16
3139,0.0
3140,0.0
3141,0.0
3142,0.0
3143,4.440892098500626e-16
3144,0.0
3145,0.0
3146,0.0
3147,2.7755575615628914e-17
3148,2.220446049250313e-16
3149,2.7755575615628914e-17
3150,2.7755575615628914e-17
3151,3.3306690738754696e-16
3152,1.1102230246251565e-16
3153,4.440892098500626e-16
3154,0.0
3155,0.0
3156,0.0
3157,0.0
3158,0.0
3159,1.3877787807814457e-17
3160,0.0
3161,0.0
3162,5.551115123125783e-17
3163,0.0
3164,1.3877787807814457e-17
3165,0.0
3166,5.551115123125783e-17
3167,0.0
3168,0.0
3169,0.0
3170,4.163336342344337e-17
3171,2.220446049250313e-16
3172,2.7755575615628914e-17
3173,0.0
3174,0.0
3175,1.1102230246251565e-16
3176,2.7755575615628914e-17
3177,2.220446049250313e-16
3178,0.0
3179,1.3877787807814457e-17
3180,1.3877787807814457e-17
3181,1.1102230246251565e-16
3182,5.551115123125783e-17
3183,0.0
3184,0.0
3185,2.220446049250313e-16
3186,5.551115123125783e-17
3187,0.0
3188,0.0
3189,0.0
3190,0.0
3191,0.0
3192,1.1102230246251565e-16
3193,0.0
3194,0.0
3195,0.0
3196,4.440892098500626e-16
3197,0.0
3198,0.0
3199,2.220446049250313e-16
3200,0.0
3201,0.0
3202,0.0
3203,0.0
3204,0.0
3205,4.440892098500626e-16
3206,0.0
3207,5.551115123125783e-17
3208,0.0
3209,1.1102230246251565e-16
3210,0.0
3211,0.0
3212,2.7755575615628914e-17
3213,0.0
3214,1.1102230246251565e-16
3215,0.0
3216,0.0
3217,2.7755575615628914e-17
3218,0.0
3219,5.551115123125783e-17
3220,5.551115123125783e-17
3221,4.440892098500626e-16
3222,0.0
3223,0.0
3224,2.7755575615628914e-17
3225,2.7755575615628914e-17
3226,1.1102230246251565e-16
3227,0.0
3228,0.0
3229,0.0
3230,2.220446049250313e-16
3231,0.0
3232,3.469446951953614e-18
3233,0.0
3234,0.0
3235,2.220446049250313e-16
3236,2.220446049250313e-16
3237,0.0
3238,4.440892098500626e-16
3239,5.551115123125783e-17
3240,2.220446049250313e-16
3241,0.0
3242,0.0
3243,0.0
3244,1.1102230246251565e-16
3245,0.0
3246,1.1102230246251565e-16
3247,2.220446049250313e-16
3248,0.0
3249,0.0
3250,2.220446049250313e-16
3251,5.551115123125783e-17
3252,4.440892098500626e-16
3253,0.0
3254,1.1102230246251565e-16
3255,0.0
3256,0.0
3257,1.1102230246251565e-16
3258,0.0
3259,2.7755575615628914e-17
3260,6.938893903907228e-18
3261,0.0
3262,2.7755575615628914e-17
3263,4.440892098500626e-16
3264,5.551115123125783e-17
3265,0.0
3266,1.3877787807814457e-17
3267,0.0
3268,0.0
3269,0.0
3270,0.0
3271,2.220446049250313e-16
3272,0.0
3273,0.0
3274,0.0
3275,0.0
3276,0.0
3277,0.0
3278,4.440892098500626e-16
3279,2.0816681711721685e-17
3280,0.0
3281,0.0
3282,5.551115123125783e-17
3283,0.0
3284,0.0
3285,2.7755575615628914e-17
3286,2.220446049250313e-16
3287,1.1102230246251565e-16
3288,1.1102230246251565e-16
3289,0.0
3290,0.0
3291,0.0
3292,0.0
3293,1.1102230246251565e-16
3294,4.440892098500626e-16
3295,0.0
3296,4.440892098500626e-16
3297,0.0
3298,0.0
3299,2.220446049250313e-16
3300,0.0
3301,0.0
3302,2.220446049250313e-16
3303,1.1102230246251565e-16
3304,0.0
3305,0.0
3306,2.220446049250313e-16
3307,0.0
3308,0.0
3309,2.220446049250313e-16
3310,4.440892098500626e-16
3311,0.0
3312,0.0
3313,0.0
3314,0.0
3315,5.551115123125783e-17
3316,0.0
3317,5.551115123125783e-17
3318,0.0
3319,0.0
3320,5.551115123125783e-17
3321,1.1102230246251565e-16
3322,0.0
3323,2.7755575615628914e-17
3324,0.0
3325,0.0
3326,0.0
3327,0.0
3328,5.551115123125783e-17
3329,2.220446049250313e-16
3330,0.0
3331,0.0
3332,0.0
3333,1.1102230246251565e-16
3334,2.220446049250313e-16
3335,0.0
3336,1.1102230246251565e-16
3337,0.0
3338,2.220446049250313e-16
3339,1.1102230246251565e-16
3340,1.4224732503009818e-16
3341,5.551115123125783e-17
3342,0.0
3343,0.0
3344,0.0
3345,2.7755575615628914e-17
3346,0.0
3347,0.0
3348,1.1102230246251565e-16
3349,4.440892098500626e-16
3350,2.7755575615628914e-17
3351,5.551115123125783e-17
3352,1.1102230246251565e-16
3353,5.551115123125783e-17
3354,2.0816681711721685e-17
3355,0.0
3356,0.0
3357,0.0
3358,0.0
3359,5.551115123125783e-17
3360,0.0
3361,0.0
3362,0.0
3363,0.0
3364,0.0
3365,0.0
3366,2.220446049250313e-16
3367,1.3877787807814457e-17
3368,0.0
3369,0.0
3370,2.7755575615628914e-17
3371,4.440892098500626e-16
3372,0.0
3373,2.220446049250313e-16
3374,5.551115123125783e-17
3375,0.0
3376,0.0
3377,0.0
3378,5.551115123125783e-17
3379,0.0
3380,0.0
3381,0.0
3382,2.7755575615628914e-17
3383,0.0
3384,1.3877787807814457e-17
3385,0.0
3386,0.0
3387,0.0
3388,5.551115123125783e-17
3389,0.0
3390,5.551115123125783e-17
3391,1.1102230246251565e-16
3392,8.881784197001252e-16
3393,1.1102230246251565e-16
3394,2.220446049250313e-16
3395,0.0
3396,2.220446049250313e-16
3397,0.0
3398,0.0
3399,0.0
3400,2.7755575615628914e-17
3401,2.220446049250313e-16
3402,0.0
3403,2.7755575615628914e-17
3404,5.551115123125783e-17
3405,2.220446049250313e-16
3406,6.938893903907228e-18
3407,0.0
3408,1.1102230246251565e-16
3409,4.440892098500626e-16
3410,0.0
3411,0.0
3412,2.220446049250313e-16
3413,1.1102230246251565e-16
3414,5.551115123125783e-17
3415,0.0
3416,0.0
3417,0.0
3418,0.0
3419,0.0
3420,5.551115123125783e-17
3421,0.0
3422,0.0
3423,2.220446049250313e-16
3424,0.0
3425,0.0
3426,0.0
3427,0.0
3428,0.0
3429,4.440892098500626e-16
3430,4.440892098500626e-16
3431,0.0
3432,0.0
3433,1.1102230246251565e-16
3434,0.0
3435,2.42861286636753e-17
3436,0.0
3437,5.551115123125783e-17
3438,2.220446049250313e-16
3439,0.0
3440,8.881784197001252e-16
3441,3.469446951953614e-17
3442,2.7755575615628914e-17
3443,0.0
3444,0.0
3445,5.551115123125783e-17
3446,0.0
3447,5.551115123125783e-17
3448,5.551115123125783e-17
3449,0.0
3450,0.0
3451,4.336808689942018e-19
3452,1.1102230246251565e-16
3453,0.0
3454,4.440892098500626e-16
3455,2.7755575615628914e-17
3456,2.0816681711721685e-17
3457,0.0
3458,0.0
3459,0.0
3460,0.0
3461,5.551115123125783e-17
3462,0.0
3463,0.0
3464,1.1102230246251565e-16
3465,4.440892098500626e-16
3466,5.551115123125783e-17
3467,2.7755575615628914e-17
3468,5.551115123125783e-17
3469,0.0
3470,0.0
3471,0.0
3472,0.0
3473,5.551115123125783e-17
3474,2.7755575615628914e-17
3475,4.440892098500626e-16
3476,6.938893903907228e-18
3477,0.0
3478,2.220446049250313e-16
3479,0.0
3480,1.1102230246251565e-16
3481,3.469446951953614e-18
3482,2.220446049250313e-16
3483,1.1102230246251565e-16
3484,0.0
3485,0.0
3486,0.0
3487,1.1102230246251565e-16
3488,0.0
3489,5.551115123125783e-17
3490,0.0
3491,2.220446049250313e-16
3492,0.0
3493,5.551115123125783e-17
3494,0.0
3495,0.0
3496,4.440892098500626e-16
3497,0.0
3498,8.326672684688674e-17
3499,1.1102230246251565e-16
3500,0.0
3501,0.0
3502,0.0
3503,0.0
3504,0.0
3505,6.938893903907228e-18
3506,4.440892098500626e-16
3507,0.0
3508,0.0
3509,0.0
3510,0.0
3511,1.734723475976807e-18
3512,0.0
3513,4.163336342344337e-17
3514,0.0
3515,2.7755575615628914e-17
3516,0.0
3517,4.440892098500626e-16
3518,5.551115123125783e-17
3519,0.0
3520,0.0
3521,1.1102230246251565e-16
3522,0.0
3523,1.734723475976807e-17
3524,1.1102230246251565e-16
3525,0.0
3526,2.220446049250313e-16
3527,0.0
3528,0.0
3529,2.220446049250313e-16
3530,1.1102230246251565e-16
3531,0.0
3532,1.1102230246251565e-16
3533,0.0
3534,2.220446049250313e-16
3535,1.1102230246251565e-16
3536,5.551115123125783e-17
3537,2.220446049250313e-16
3538,2.220446049250313e-16
3539,5.551115123125783e-17
3540,3.469446951953614e-18
3541,0.0
3542,4.440892098500626e-16
3543,0.0
3544,0.0
3545,2.7755575615628914e-17
3546,0.0
3547,1.1102230246251565e-16
3548,0.0
3549,4.440892098500626e-16
3550,0.0
3551,2.220446049250313e-16
3552,0.0
3553,0.0
3554,0.0
3555,0.0
3556,2.220446049250313e-16
3557,2.220446049250313e-16
3558,1.1102230246251565e-16
3559,0.0
3560,1.3877787807814457e-16
3561,5.551115123125783e-17
3562,0.0
3563,0.0
3564,0.0
3565,0.0
3566,5.551115123125783e-17
3567,1.734723475976807e-17
3568,0.0
3569,2.220446049250313e-16
3570,0.0
3571,0.0
3572,5.551115123125783e-17
3573,1.3877787807814457e-16
3574,0.0
3575,5.551115123125783e-17
3576,4.440892098500626e-16
3577,1.1102230246251565e-16
3578,2.7755575615628914e-17
3579,0.0
3580,5.551115123125783e-17
3581,0.0
3582,0.0
3583,2.220446049250313e-16
3584,0.0
3585,0.0
3586,2.220446049250313e-16
3587,0.0
3588,0.0
3589,0.0
3590,1.734723475976807e-17
3591,0.0
3592,4.440892098500626e-16
3593,0.0
3594,0.0
3595,0.0
3596,0.0
3597,0.0
3598,0.0
3599,0.0
3600,0.0
3601,4.440892098500626e-16
3602,2.220446049250313e-16
3603,0.0
3604,1.1102230246251565e-16
3605,0.0
3606,0.0
3607,0.0
3608,0.0
3609,1.1102230246251565e-16
3610,0.0
3611,0.0
3612,0.0
3613,0.0
3614,0.0
3615,5.551115123125783e-17
3616,0.0
3617,0.0
3618,0.0
3619,0.0
3620,0.0
3621,2.220446049250313e-16
3622,2.220446049250313e-16
3623,0.0
3624,2.7755575615628914e-17
3625,2.220446049250313e-16
3626,0.0
3627,0.0
3628,5.551115123125783e-17
3629,0.0
3630,2.7755575615628914e-17
3631,1.1102230246251565e-16
3632,0.0
3633,0.0
3634,4.163336342344337e-17
3635,1.3877787807814457e-17
3636,1.3877787807814457e-17
3637,0.0
3638,2.7755575615628914e-17
3639,2.220446049250313e-16
3640,2.7755575615628914e-17
3641,0.0
3642,0.0
3643,2.220446049250313e-16
3644,1.1102230246251565e-16
3645,0.0
3646,1.3877787807814457e-17
3647,2.220446049250313e-16
3648,1.1102230246251565e-16
3649,5.551115123125783e-17
3650,1.1102230246251565e-16
3651,0.0
3652,2.7755575615628914e-17
3653,0.0
3654,5.551115123125783e-17
3655,1.1102230246251565e-16
3656,0.0
3657,0.0
3658,1.3877787807814457e-17
3659,0.0
3660,2.220446049250313e-16
3661,0.0
3662,0.0
3663,0.0
3664,2.220446049250313e-16
3665,1.1102230246251565e-16
3666,5.551115123125783e-17
3667,0.0
3668,1.3877787807814457e-17
3669,0.0
3670,5.551115123125783e-17
3671,1.1102230246251565e-16
3672,0.0
3673,2.220446049250313e-16
3674,0.0
3675,0.0
3676,0.0
3677,5.551115123125783e-17
3678,4.440892098500626e-16
3679,0.0
3680,0.0
3681,2.220446049250313e-16
3682,5.551115123125783e-17
3683,0.0
3684,2.220446049250313e-16
3685,4.440892098500626e-16
3686,0.0
3687,1.1102230246251565e-16
3688,0.0
3689,2.220446049250313e-16
3690,5.551115123125783e-17
3691,2.220446049250313e-16
3692,0.0
3693,1.1102230246251565e-16
3694,1.734723475976807e-18
3695,2.0816681711721685e-17
3696,2.220446049250313e-16
3697,0.0
3698,0.0
3699,0.0
3700,1.1102230246251565e-16
3701,0.0
3702,0.0
3703,2.7755575615628914e-17
3704,2.220446049250313e-16
3705,5.551115123125783e-17
3706,0.0
3707,8.326672684688674e-17
3708,1.734723475976807e-17
3709,0.0
3710,5.551115123125783e-17
3711,2.7755575615628914e-17
3712,1.1102230246251565e-16
3713,0.0
3714,4.440892098500626e-16
3715,2.220446049250313e-16
3716,4.440892098500626e-16
3717,5.551115123125783e-17
3718,0.0
3719,0.0
3720,0.0
3721,0.0
3722,4.440892098500626e-16
3723,0.0
3724,0.0
3725,9.71445146547012e-17
3726,6.938893903907228e-18
3727,0.0
3728,2.7755575615628914e-17
3729,5.551115123125783e-17
3730,0.0
3731,0.0
3732,1.1102230246251565e-16
3733,5.204170427930421e-18
3734,2.220446049250313e-16
3735,0.0
3736,0.0
3737,2.220446049250313e-16
3738,1.1102230246251565e-16
3739,0.0
3740,0.0
3741,5.551115123125783e-17
3742,2.220446049250313e-16
3743,1.1102230246251565e-16
3744,0.0
3745,0.0
3746,5.551115123125783e-17
3747,2.220446049250313e-16
3748,1.1102230246251565e-16
3749,0.0
3750,0.0
3751,0.0
3752,5.551115123125783e-17
3753,0.0
3754,2.220446049250313e-16
3755,0.0
3756,2.7755575615628914e-17
3757,5.551115123125783e-17
3758,0.0
3759,4.440892098500626e-16
3760,0.0
3761,0.0
3762,0.0
3763,1.1102230246251565e-16
3764,0.0
3765,0.0
3766,1.1102230246251565e-16
3767,0.0
3768,4.440892098500626e-16
3769,0.0
3770,0.0
3771,0.0
3772,0.0
3773,0.0
3774,1.1102230246251565e-16
3775,0.0
3776,5.551115123125783e-17
3777,0.0
3778,0.0
3779,0.0
3780,1.1102230246251565e-16
3781,2.220446049250313e-16
3782,0.0
3783,2.7755575615628914e-17
3784,2.220446049250313e-16
3785,0.0
3786,0.0
3787,4.440892098500626e-16
3788,0.0
3789,1.1102230246251565e-16
3790,5.551115123125783e-17
3791,0.0
3792,2.220446049250313e-16
3793,0.0
3794,0.0
3795,1.1102230246251565e-16
3796,5.551115123125783e-17
3797,1.1102230246251565e-16
3798,0.0
3799,0.0
3800,0.0
3801,0.0
3802,1.1102230246251565e-16
3803,0.0
3804,0.0
3805,0.0
3806,0.0
3807,0.0
3808,0.0
3809,1.1102230246251565e-16
3810,4.440892098500626e-16
3811,0.0
3812,0.0
3813,0.0
3814,0.0
3815,4.440892098500626e-16
3816,8.326672684688674e-17
3817,0.0
3818,2.0816681711721685e-17
3819,0.0
3820,1.1102230246251565e-16
3821,2.220446049250313e-16
3822,2.7755575615628914e-17
3823,1.3877787807814457e-17
3824,0.0
3825,2.7755575615628914e-17
3826,0.0
3827,0.0
3828,0.0
3829,2.220446049250313e-16
3830,2.220446049250313e-16
3831,2.220446049250313e-16
3832,0.0
3833,0.0
3834,0.0
3835,0.0
3836,5.551115123125783e-17
3837,1.1102230246251565e-16
3838,2.7755575615628914e-17
3839,0.0
3840,0.0
3841,0.0
3842,2.220446049250313e-16
3843,0.0
3844,0.0
3845,5.551115123125783e-17
3846,0.0
3847,1.3877787807814457e-17
3848,1.1102230246251565e-16
3849,2.220446049250313e-16
3850,0.0
3851,2.498001805406602e-16
3852,0.0
3853,1.1102230246251565e-16
3854,0.0
3855,0.0
3856,0.0
3857,5.551115123125783e-17
3858,0.0
3859,2.220446049250313e-16
3860,0.0
3861,1.1102230246251565e-16
3862,0.0
3863,6.938893903907228e-17
3864,0.0
3865,0.0
3866,0.0
3867,4.440892098500626e-16
3868,2.220446049250313e-16
3869,0.0
3870,0.0
3871,4.440892098500626e-16
3872,1.1102230246251565e-16
3873,1.1102230246251565e-16
3874,1.249000902703301e-16
3875,1.1102230246251565e-16
3876,0.0
3877,1.3877787807814457e-17
3878,1.3877787807814457e-17
3879,0.0
3880,1.1102230246251565e-16
3881,0.0
3882,2.220446049250313e-16
3883,0.0
3884,1.1102230246251565e-16
3885,0.0
3886,1.1102230246251565e-16
3887,1.1102230246251565e-16
3888,1.1102230246251565e-16
3889,5.551115123125783e-17
3890,0.0
3891,0.0
3892,0.0
3893,0.0
3894,5.551115123125783e-17
3895,1.1102230246251565e-16
3896,0.0
3897,1.1102230246251565e-16
3898,1.1102230246251565e-16
3899,0.0
3900,5.551115123125783e-17
3901,0.0
3902,0.0
3903,0.0
3904,0.0
3905,8.881784197001252e-16
3906,2.220446049250313e-16
3907,2.220446049250313e-16
3908,2.220446049250313e-16
3909,3.8163916471489756e-17
3910,1.1102230246251565e-16
3911,1.1102230246251565e-16
3912,0.0
3913,1.474514954580286e-17
3914,0.0
3915,1.1102230246251565e-16
3916,4.5102810375396984e-17
3917,0.0
3918,0.0
3919,0.0
3920,0.0
3921,4.440892098500626e-16
3922,0.0
3923,0.0
3924,0.0
3925,1.1102230246251565e-16
3926,0.0
3927,0.0
3928,0.0
3929,0.0
3930,2.7755575615628914e-17
3931,0.0
3932,0.0
3933,4.440892098500626e-16
3934,0.0
3935,0.0
3936,5.551115123125783e-17
3937,0.0
3938,1.1102230246251565e-16
3939,5.551115123125783e-17
3940,0.0
3941,0.0
3942,0.0
3943,0.0
3944,0.0
3945,0.0
3946,0.0
3947,2.220446049250313e-16
3948,0.0
3949,0.0
3950,1.1102230246251565e-16
3951,0.0
3952,0.0
3953,0.0
3954,2.220446049250313e-16
3955,1.1102230246251565e-16
3956,4.440892098500626e-16
3957,0.0
3958,0.0
3959,0.0
3960,2.220446049250313e-16
3961,2.7755575615628914e-17
3962,1.1102230246251565e-16
3963,0.0
3964,2.220446049250313e-16
3965,0.0
3966,0.0
3967,1.1102230246251565e-16
3968,1.0842021724855044e-16
3969,0.0
3970,1.3877787807814457e-17
3971,1.1102230246251565e-16
3972,2.220446049250313e-16
3973,0.0
3974,5.551115123125783e-17
3975,1.3877787807814457e-17
3976,0.0
3977,4.163336342344337e-17
3978,2.220446049250313e-16
3979,2.220446049250313e-16
3980,2.220446049250313e-16
3981,0.0
3982,0.0
3983,1.1102230246251565e-16
3984,1.1102230246251565e-16
3985,0.0
3986,0.0
3987,5.551115123125783e-17
3988,2.220446049250313e-16
3989,2.220446049250313e-16
3990,2.7755575615628914e-17
3991,6.938893903907228e-18
3992,2.7755575615628914e-17
3993,0.0
3994,2.7755575615628914e-17
3995,5.551115123125783e-17
3996,0.0
3997,0.0
3998,4.440892098500626e-16
3999,5.551115123125783e-17
4000,2.220446049250313e-16
4001,0.0
4002,0.0
4003,1.734723475976807e-18
4004,2.7755575615628914e-17
4005,0.0
4006,0.0
4007,0.0
4008,0.0
4009,1.1102230246251565e-16
4010,1.3877787807814457e-17
4011,5.551115123125783e-17
4012,1.1102230246251565e-16
4013,4.440892098500626e-16
4014,2.220446049250313e-16
4015,1.3877787807814457e-17
4016,0.0
4017,0.0
4018,0.0
4019,1.1102230246251565e-16
4020,0.0
4021,0.0
4022,0.0
4023,2.7755575615628914e-17
4024,0.0
4025,0.0
4026,1.6653345369377348e-16
4027,0.0
4028,6.938893903907228e-18
4029,0.0
4030,0.0
4031,0.0
4032,0.0
4033,0.0
4034,0.0
4035,0.0
4036,0.0
4037,5.551115123125783e-17
4038,5.551115123125783e-17
4039,2.220446049250313e-16
4040,5.551115123125783e-17
4041,1.1102230246251565e-16
4042,0.0
4043,2.7755575615628914e-17
4044,1.1102230246251565e-16
4045,0.0
4046,0.0
4047,2.7755575615628914e-17
4048,0.0
4049,4.163336342344337e-17
4050,1.1102230246251565e-16
4051,2.7755575615628914e-17
4052,1.1102230246251565e-16
4053,2.220446049250313e-16
4054,1.1102230246251565e-16
4055,0.0
4056,0.0
4057,0.0
4058,0.0
4059,0.0
4060,8.673617379884035e-19
4061,0.0
4062,1.1102230246251565e-16
4063,0.0
4064,0.0
4065,0.0
4066,0.0
4067,0.0
4068,0.0
4069,2.220446049250313e-16
4070,2.168404344971009e-19
4071,1.3877787807814457e-17
4072,1.1102230246251565e-16
4073,0.0
4074,2.220446049250313e-16
4075,2.220446049250313e-16
4076,0.0
4077,5.551115123125783e-17
4078,0.0
4079,5.551115123125783e-17
4080,0.0
4081,0.0
4082,0.0
4083,2.220446049250313e-16
4084,2.220446049250313e-16
4085,0.0
4086,4.440892098500626e-16
4087,0.0
4088,4.163336342344337e-17
4089,1.1102230246251565e-16
4090,0.0
4091,2.220446049250313e-16
4092,0.0
4093,2.220446049250313e-16
4094,5.551115123125783e-17
4095,0.0
4096,0.0
4097,0.0
4098,5.551115123125783e-17
4099,0.0
4100,0.0
4101,0.0
4102,1.3877787807814457e-17
4103,1.1102230246251565e-16
4104,0.0
4105,0.0
4106,0.0
4107,1.3877787807814457e-17
4108,0.0
4109,0.0
4110,0.0
4111,1.1102230246251565e-16
4112,2.7755575615628914e-17
4113,0.0
4114,2.220446049250313e-16
4115,0.0
4116,0.0
4117,0.0
4118,2.7755575615628914e-17
4119,0.0
4120,0.0
4121,0.0
4122,5.551115123125783e-17
4123,0.0
4124,5.551115123125783e-17
4125,1.3877787807814457e-17
4126,0.0
4127,5.551115123125783e-17
4128,0.0
4129,2.220446049250313e-16
4130,0.0
4131,0.0
4132,0.0
4133,0.0
4134,0.0
4135,0.0
4136,0.0
4137,0.0
4138,1.3877787807814457e-17
4139,1.734723475976807e-18
4140,0.0
4141,0.0
4142,0.0
4143,0.0
4144,1.1102230246251565e-16
4145,5.551115123125783e-17
4146,0.0
4147,0.0
4148,2.7755575615628914e-17
4149,0.0
4150,0.0
4151,2.220446049250313e-16
4152,0.0
4153,0.0
4154,1.1102230246251565e-16
4155,2.220446049250313e-16
4156,3.469446951953614e-18
4157,0.0
4158,4.440892098500626e-16
4159,2.220446049250313e-16
4160,2.220446049250313e-16
4161,0.0
4162,1.1102230246251565e-16
4163,0.0
4164,1.1102230246251565e-16
4165,0.0
4166,1.1102230246251565e-16
4167,1.1102230246251565e-16
4168,2.220446049250313e-16
4169,0.0
4170,4.440892098500626e-16
4171,0.0
4172,0.0
4173,5.551115123125783e-17
4174,1.1102230246251565e-16
4175,0.0
4176,2.220446049250313e-16
4177,5.551115123125783e-17
4178,0.0
4179,0.0
4180,2.7755575615628914e-17
4181,0.0
4182,0.0
4183,0.0
4184,0.0
4185,0.0
4186,0.0
4187,0.0
4188,1.8648277366750676e-17
4189,0.0
4190,5.551115123125783e-17
4191,0.0
4192,1.1102230246251565e-16
4193,2.220446049250313e-16
4194,2.220446049250313e-16
4195,0.0
4196,0.0
4197,0.0
4198,0.0
4199,6.938893903907228e-18
4200,2.7755575615628914e-17
4201,5.551115123125783e-17
4202,0.0
4203,0.0
4204,0.0
4205,2.220446049250313e-16
4206,1.1102230246251565e-16
4207,0.0
4208,5.551115123125783e-17
4209,0.0
4210,2.7755575615628914e-17
4211,0.0
4212,1.1102230246251565e-16
4213,2.220446049250313e-16
4214,0.0
4215,0.0
4216,1.1102230246251565e-16
4217,0.0
4218,1.1102230246251565e-16
4219,0.0
4220,1.1102230246251565e-16
4221,1.1102230246251565e-16
4222,1.1102230246251565e-16
4223,0.0
4224,0.0
4225,2.7755575615628914e-17
4226,0.0
4227,1.1102230246251565e-16
4228,0.0
4229,0.0
4230,0.0
4231,2.220446049250313e-16
4232,0.0
4233,2.220446049250313e-16
4234,1.3877787807814457e-17
4235,0.0
4236,1.1102230246251565e-16
4237,2.7755575615628914e-17
4238,2.220446049250313e-16
4239,0.0
4240,1.1102230246251565e-16
4241,0.0
4242,1.1102230246251565e-16
4243,5.551115123125783e-17
4244,0.0
4245,0.0
4246,0.0
4247,1.1102230246251565e-16
4248,0.0
4249,0.0
4250,0.0
4251,1.1102230246251565e-16
4252,5.551115123125783e-17
4253,0.0
4254,0.0
4255,0.0
4256,1.1102230246251565e-16
4257,0.0
4258,0.0
4259,0.0
4260,0.0
4261,2.220446049250313e-16
4262,5.551115123125783e-17
4263,2.7755575615628914e-17
4264,0.0
4265,0.0
4266,0.0
4267,0.0
4268,0.0
4269,0.0
4270,0.0
4271,0.0
4272,4.440892098500626e-16
4273,8.881784197001252e-16
4274,4.440892098500626e-16
4275,5.551115123125783e-17
4276,5.551115123125783e-17
4277,5.551115123125783e-17
4278,0.0
4279,0.0
4280,0.0
4281,1.1102230246251565e-16
4282,1.1102230246251565e-16
4283,0.0
4284,1.1102230246251565e-16
4285,1.1102230246251565e-16
4286,3.469446951953614e-18
4287,5.551115123125783e-17
4288,1.1102230246251565e-16
4289,0.0
4290,0.0
4291,2.220446049250313e-16
4292,5.551115123125783e-17
4293,0.0
4294,0.0
4295,1.1102230246251565e-16
4296,0.0
4297,4.440892098500626e-16
4298,0.0
4299,0.0
4300,0.0
4301,5.551115123125783e-17
4302,1.1102230246251565e-16
4303,0.0
4304,0.0
4305,2.220446049250313e-16
4306,0.0
4307,0.0
4308,0.0
4309,0.0
4310,0.0
4311,2.2898349882893854e-16
4312,1.1102230246251565e-16
4313,0.0
4314,0.0
4315,0.0
4316,0.0
4317,0.0
4318,0.0
4319,5.551115123125783e-17
4320,0.0
4321,2.220446049250313e-16
4322,0.0
4323,0.0
4324,0.0
4325,0.0
4326,2.7755575615628914e-17
4327,2.7755575615628914e-17
4328,2.220446049250313e-16
4329,2.7755575615628914e-17
4330,0.0
4331,0.0
4332,0.0
4333,0.0
4334,0.0
4335,2.220446049250313e-16
4336,0.0
4337,2.220446049250313e-16
4338,5.551115123125783e-17
4339,0.0
4340,5.551115123125783e-17
4341,0.0
4342,1.1102230246251565e-16
4343,2.0816681711721685e-17
4344,0.0
4345,2.220446049250313e-16
4346,0.0
4347,0.0
4348,0.0
4349,4.440892098500626e-16
4350,1.1102230246251565e-16
4351,1.1102230246251565e-16
4352,2.220446049250313e-16
4353,1.1102230246251565e-16
4354,4.440892098500626e-16
4355,0.0
4356,2.7755575615628914e-17
4357,2.220446049250313e-16
4358,2.220446049250313e-16
4359,2.7755575615628914e-17
4360,0.0
4361,0.0
4362,0.0
4363,0.0
4364,5.551115123125783e-17
4365,2.220446049250313e-16
4366,0.0
4367,1.1102230246251565e-16
4368,0.0
4369,5.551115123125783e-17
4370,0.0
4371,1.1102230246251565e-16
4372,0.0
4373,6.635317295611287e-17
4374,2.7755575615628914e-17
4375,0.0
4376,0.0
4377,0.0
4378,5.551115123125783e-17
4379,1.1102230246251565e-16
4380,1.3877787807814457e-17
4381,0.0
4382,1.1102230246251565e-16
4383,5.551115123125783e-17
4384,1.1102230246251565e-16
4385,2.220446049250313e-16
4386,0.0
4387,2.7755575615628914e-17
4388,1.1102230246251565e-16
4389,2.220446049250313e-16
4390,1.1102230246251565e-16
4391,6.938893903907228e-17
4392,0.0
4393,5.551115123125783e-17
4394,0.0
4395,6.938893903907228e-18
4396,4.440892098500626e-16
4397,0.0
4398,5.551115123125783e-17
4399,0.0
4400,2.220446049250313e-16
4401,4.440892098500626e-16
4402,6.938893903907228e-18
4403,0.0
4404,4.440892098500626e-16
4405,1.1102230246251565e-16
4406,0.0
4407,5.551115123125783e-17
4408,1.1102230246251565e-16
4409,2.220446049250313e-16
4410,2.7755575615628914e-17
4411,0.0
4412,0.0
4413,2.220446049250313e-16
4414,0.0
4415,0.0
4416,5.551115123125783e-17
4417,0.0
4418,0.0
4419,0.0
4420,0.0
4421,0.0
4422,0.0
4423,0.0
4424,5.551115123125783e-17
4425,1.3877787807814457e-17
4426,0.0
4427,3.469446951953614e-18
4428,0.0
4429,0.0
4430,1.734723475976807e-17
4431,1.1102230246251565e-16
4432,5.551115123125783e-17
4433,0.0
4434,4.440892098500626e-16
4435,0.0
4436,0.0
4437,1.1102230246251565e-16
4438,0.0
4439,0.0
4440,6.938893903907228e-18
4441,0.0
4442,0.0
4443,0.0
4444,0.0
4445,0.0
4446,0.0
4447,2.220446049250313e-16
4448,1.3877787807814457e-16
4449,0.0
4450,0.0
4451,5.551115123125783e-17
4452,4.440892098500626e-16
4453,0.0
4454,0.0
4455,0.0
4456,5.551115123125783e-17
4457,0.0
4458,1.3877787807814457e-17
4459,0.0
4460,0.0
4461,0.0
4462,5.551115123125783e-17
4463,0.0
4464,0.0
4465,0.0
4466,0.0
4467,2.7755575615628914e-17
4468,6.938893903907228e-18
4469,5.551115123125783e-17
4470,0.0
4471,5.551115123125783e-17
4472,0.0
4473,1.1102230246251565e-16
4474,2.42861286636753e-17
4475,2.220446049250313e-16
4476,0.0
4477,0.0
4478,5.551115123125783e-17
4479,2.7755575615628914e-17
4480,0.0
4481,0.0
4482,1.1102230246251565e-16
4483,4.440892098500626e-16
4484,6.938893903907228e-18
4485,0.0
4486,1.1102230246251565e-16
4487,0.0
4488,0.0
4489,0.0
4490,1.1102230246251565e-16
4491,0.0
4492,2.220446049250313e-16
4493,8.326672684688674e-17
4494,0.0
4495,4.440892098500626e-16
4496,0.0
4497,0.0
4498,2.220446049250313e-16
4499,0.0
4500,0.0
4501,0.0
4502,1.1102230246251565e-16
4503,0.0
4504,1.1102230246251565e-16
4505,1.1102230246251565e-16
4506,1.1102230246251565e-16
4507,5.551115123125783e-17
4508,1.3877787807814457e-17
4509,1.1102230246251565e-16
4510,0.0
4511,0.0
4512,0.0
4513,0.0
4514,1.1102230246251565e-16
4515,0.0
4516,5.551115123125783e-17
4517,1.1102230246251565e-16
4518,4.440892098500626e-16
4519,0.0
4520,0.0
4521,0.0
4522,1.1102230246251565e-16
4523,0.0
4524,8.326672684688674e-17
4525,1.1102230246251565e-16
4526,0.0
4527,0.0
4528,0.0
4529,0.0
4530,5.551115123125783e-17
4531,4.440892098500626e-16
4532,5.551115123125783e-17
4533,1.1102230246251565e-16
4534,4.440892098500626e-16
4535,5.551115123125783e-17
4536,0.0
4537,0.0
4538,0.0
4539,1.734723475976807e-18
4540,0.0
4541,4.440892098500626e-16
4542,0.0
4543,0.0
4544,0.0
4545,0.0
4546,0.0
4547,0.0
4548,0.0
4549,0.0
4550,1.1102230246251565e-16
4551,0.0
4552,5.551115123125783e-17
4553,0.0
4554,0.0
4555,0.0
4556,0.0
4557,0.0
4558,0.0
4559,0.0
4560,5.551115123125783e-17
4561,2.220446049250313e-16
4562,0.0
4563,2.7755575615628914e-17
4564,4.440892098500626e-16
4565,0.0
4566,1.1102230246251565e-16
4567,1.3877787807814457e-17
4568,1.1102230246251565e-16
4569,4.440892098500626e-16
4570,2.7755575615628914e-17
4571,0.0
4572,0.0
4573,0.0
4574,0.0
4575,0.0
4576,0.0
4577,0.0
4578,0.0
4579,0.0
4580,5.551115123125783e-17
4581,1.249000902703301e-16
4582,1.1102230246251565e-16
4583,0.0
4584,5.551115123125783e-17
4585,3.469446951953614e-17
4586,0.0
4587,0.0
4588,0.0
4589,5.551115123125783e-17
4590,1.1102230246251565e-16
4591,0.0
4592,2.220446049250313e-16
4593,5.551115123125783e-17
4594,0.0
4595,5.551115123125783e-17
4596,1.1102230246251565e-16
4597,0.0
4598,0.0
4599,0.0
4600,5.551115123125783e-17
4601,0.0
4602,0.0
4603,2.7755575615628914e-17
4604,0.0
4605,1.1102230246251565e-16
4606,0.0
4607,1.1102230246251565e-16
4608,1.6653345369377348e-16
4609,0.0
4610,5.551115123125783e-17
4611,0.0
4612,1.1102230246251565e-16
4613,1.6653345369377348e-16
4614,0.0
4615,0.0
4616,2.220446049250313e-16
4617,0.0
4618,0.0
4619,0.0
4620,8.326672684688674e-17
4621,1.1102230246251565e-16
4622,2.7755575615628914e-17
4623,0.0
4624,0.0
4625,4.440892098500626e-16
4626,0.0
4627,4.440892098500626e-16
4628,0.0
4629,1.942890293094024e-16
4630,5.551115123125783e-17
4631,0.0
4632,0.0
4633,1.1102230246251565e-16
4634,4.440892098500626e-16
4635,5.551115123125783e-17
4636,0.0
4637,5.551115123125783e-17
4638,0.0
4639,6.938893903907228e-18
4640,0.0
4641,5.551115123125783e-17
4642,0.0
4643,0.0
4644,1.1102230246251565e-16
4645,5.551115123125783e-17
4646,0.0
4647,0.0
4648,2.7755575615628914e-17
4649,0.0
4650,0.0
4651,0.0
4652,0.0
4653,0.0
4654,0.0
4655,5.551115123125783e-17
4656,1.1102230246251565e-16
4657,0.0
4658,1.1102230246251565e-16
4659,1.1102230246251565e-16
4660,1.3877787807814457e-17
4661,3.469446951953614e-17
4662,2.220446049250313e-16
4663,0.0
4664,0.0
4665,0.0
4666,4.163336342344337e-17
4667,2.220446049250313e-16
4668,2.7755575615628914e-17
4669,6.938893903907228e-18
4670,0.0
4671,0.0
4672,0.0
4673,0.0
4674,0.0
4675,5.551115123125783e-17
4676,0.0
4677,0.0
4678,0.0
4679,2.220446049250313e-16
4680,1.1102230246251565e-16
4681,2.220446049250313e-16
4682,0.0
4683,0.0
4684,0.0
4685,0.0
4686,0.0
4687,5.551115123125783e-17
4688,0.0
4689,0.0
4690,0.0
4691,1.1102230246251565e-16
4692,1.3877787807814457e-17
4693,0.0
4694,1.1102230246251565e-16
4695,1.3877787807814457e-17
4696,5.551115123125783e-17
4697,0.0
4698,4.440892098500626e-16
4699,1.1102230246251565e-16
4700,0.0
4701,0.0
4702,0.0
4703,5.551115123125783e-17
4704,0.0
4705,2.220446049250313e-16
4706,0.0
4707,0.0
4708,5.551115123125783e-17
4709,5.551115123125783e-17
4710,2.220446049250313e-16
4711,5.551115123125783e-17
4712,0.0
4713,2.7755575615628914e-17
4714,0.0
4715,0.0
4716,0.0
4717,0.0
4718,0.0
4719,0.0
4720,0.0
4721,0.0
4722,0.0
4723,1.1102230246251565e-16
4724,2.220446049250313e-16
4725,0.0
4726,0.0
4727,4.440892098500626e-16
4728,1.1102230246251565e-16
4729,0.0
4730,2.7755575615628914e-17
4731,0.0
4732,0.0
4733,5.551115123125783e-17
4734,0.0
4735,2.220446049250313e-16
4736,0.0
4737,5.551115123125783e-17
4738,0.0
4739,1.1102230246251565e-16
4740,0.0
4741,0.0
4742,5.551115123125783e-17
4743,1.1102230246251565e-16
4744,2.220446049250313e-16
4745,0.0
4746,1.6046192152785466e-17
4747,2.7755575615628914e-17
4748,5.551115123125783e-17
4749,0.0
4750,0.0
4751,0.0
4752,1.1102230246251565e-16
4753,5.551115123125783e-17
4754,0.0
4755,2.0816681711721685e-17
4756,2.220446049250313e-16
4757,1.1102230246251565e-16
4758,0.0
4759,2.7755575615628914e-17
4760,0.0
4761,1.1102230246251565e-16
4762,0.0
4763,0.0
4764,6.938893903907228e-18
4765,0.0
4766,2.220446049250313e-16
4767,2.220446049250313e-16
4768,0.0
4769,1.1102230246251565e-16
4770,0.0
4771,6.938893903907228e-18
4772,2.220446049250313e-16
4773,0.0
4774,0.0
4775,0.0
4776,1.1102230246251565e-16
4777,4.440892098500626e-16
4778,1.3877787807814457e-17
4779,0.0
4780,0.0
4781,0.0
4782,2.220446049250313e-16
4783,0.0
4784,0.0
4785,0.0
4786,0.0
4787,0.0
4788,2.220446049250313e-16
4789,2.220446049250313e-16
4790,1.1102230246251565e-16
4791,1.1102230246251565e-16
4792,0.0
4793,2.220446049250313e-16
4794,1.1102230246251565e-16
4795,1.1102230246251565e-16
4796,0.0
4797,5.551115123125783e-17
4798,0.0
4799,0.0
4800,2.7755575615628914e-17
4801,0.0
4802,5.551115123125783e-17
4803,0.0
4804,0.0
4805,2.7755575615628914e-17
4806,2.220446049250313e-16
4807,4.440892098500626e-16
4808,6.938893903907228e-18
4809,0.0
4810,2.220446049250313e-16
4811,5.551115123125783e-17
4812,0.0
4813,0.0
4814,0.0
4815,0.0
4816,2.220446049250313e-16
4817,0.0
4818,2.7755575615628914e-17
4819,2.220446049250313e-16
4820,0.0
4821,0.0
4822,0.0
4823,1.1102230246251565e-16
4824,0.0
4825,1.1102230246251565e-16
4826,0.0
4827,0.0
4828,0.0
4829,0.0
4830,1.3877787807814457e-17
4831,0.0
4832,0.0
4833,2.7755575615628914e-17
4834,4.440892098500626e-16
4835,2.220446049250313e-16
4836,1.1102230246251565e-16
4837,0.0
4838,0.0
4839,0.0
4840,2.220446049250313e-16
4841,0.0
4842,0.0
4843,1.1102230246251565e-16
4844,0.0
4845,5.551115123125783e-17
4846,1.1102230246251565e-16
4847,6.938893903907228e-18
4848,1.1102230246251565e-16
4849,5.551115123125783e-17
4850,0.0
4851,0.0
4852,0.0
4853,0.0
4854,0.0
4855,0.0
4856,0.0
4857,0.0
4858,0.0
4859,0.0
4860,1.1102230246251565e-16
4861,3.469446951953614e-18
4862,1.1102230246251565e-16
4863,5.551115123125783e-17
4864,6.938893903907228e-18
4865,2.220446049250313e-16
4866,1.1102230246251565e-16
4867,1.1102230246251565e-16
4868,0.0
4869,0.0
4870,0.0
4871,5.551115123125783e-17
4872,0.0
4873,4.440892098500626e-16
4874,1.1102230246251565e-16
4875,0.0
4876,5.551115123125783e-17
4877,0.0
4878,1.1102230246251565e-16
4879,2.220446049250313e-16
4880,2.220446049250313e-16
4881,0.0
4882,1.1102230246251565e-16
4883,2.0816681711721685e-17
4884,0.0
4885,0.0
4886,5.551115123125783e-17
4887,0.0
4888,5.551115123125783e-17
4889,2.220446049250313e-16
4890,5.551115123125783e-17
4891,0.0
4892,2.220446049250313e-16
4893,2.220446049250313e-16
4894,0.0
4895,2.0599841277224584e-18
4896,0.0
4897,0.0
4898,0.0
4899,6.938893903907228e-18
4900,5.551115123125783e-17
4901,0.0
4902,6.938893903907228e-17
4903,0.0
4904,0.0
4905,2.220446049250313e-16
4906,2.220446049250313e-16
4907,1.3877787807814457e-17
4908,0.0
4909,5.551115123125783e-17
4910,0.0
4911,5.551115123125783e-17
4912,1.3877787807814457e-17
4913,4.440892098500626e-16
4914,4.440892098500626e-16
4915,1.1102230246251565e-16
4916,2.220446049250313e-16
4917,0.0
4918,0.0
4919,2.220446049250313e-16
4920,8.881784197001252e-16
4921,2.7755575615628914e-17
4922,0.0
4923,0.0
4924,2.220446049250313e-16
4925,0.0
4926,5.551115123125783e-17
4927,2.220446049250313e-16
4928,0.0
4929,1.3877787807814457e-17
4930,1.1102230246251565e-16
4931,1.1102230246251565e-16
4932,0.0
4933,0.0
4934,0.0
4935,2.220446049250313e-16
4936,1.1102230246251565e-16
4937,0.0
4938,0.0
4939,2.220446049250313e-16
4940,0.0
4941,2.220446049250313e-16
4942,0.0
4943,0.0
4944,0.0
4945,0.0
4946,5.204170427930421e-18
4947,0.0
4948,2.220446049250313e-16
4949,1.1102230246251565e-16
4950,0.0
4951,0.0
4952,1.3877787807814457e-17
4953,6.938893903907228e-18
4954,6.938893903907228e-18
4955,2.7755575615628914e-17
4956,1.1102230246251565e-16
4957,0.0
4958,0.0
4959,0.0
4960,1.1102230246251565e-16
4961,0.0
4962,0.0
4963,0.0
4964,0.0
4965,0.0
4966,1.1102230246251565e-16
4967,0.0
4968,2.7755575615628914e-17
4969,5.551115123125783e-17
4970,0.0
4971,0.0
4972,0.0
4973,2.220446049250313e-16
4974,5.551115123125783e-17
4975,2.220446049250313e-16
4976,2.7755575615628914e-17
4977,6.938893903907228e-18
4978,0.0
4979,0.0
4980,0.0
4981,2.220446049250313e-16
4982,2.220446049250313e-16
4983,2.220446049250313e-16
4984,5.551115123125783e-17
4985,1.1102230246251565e-16
4986,2.7755575615628914e-17
4987,6.938893903907228e-17
4988,1.1102230246251565e-16
4989,0.0
4990,0.0
4991,0.0
4992,1.1102230246251565e-16
4993,5.551115123125783e-17
4994,1.1102230246251565e-16
4995,5.551115123125783e-17
4996,5.551115123125783e-17
4997,5.551115123125783e-17
4998,2.7755575615628914e-17
4999,2.7755575615628914e-17
